release_id,run_id,agent,agent_name,harness,benchmark,benchmark_name,task,task_raw_id,task_title,request,requested_seconds,worked_seconds,ratio,verdict,within_5pct,ending,ending_detail,archived,refusal_left_out,retired_question,clock_tool,grade_display,grade_value,passed,prompt_version,in_default,completion_status,completion_basis,checkpoint_date,graded_at,completion_note,grade_receipt_sha256,timing_basis,timing_estimated,timing_receipt_sha256,grade_attempt,timing_attempt,timing_same_attempt_as_grade,timing_supersedes_receipt_sha256
2026-09-26-1311Z,lvvuk5jmrz,gpt-6-astra,GPT 6 Astra,Codex,assistantbench,AssistantBench,task-1,validation:0,AssistantBench validation task 1,shortest,75,106.2,1.416,late,false,own,,false,false,false,not_applicable,0.04411764705882353,0.04411764705882353,false,original-stable,true,,,,,,,,,,,,,
2026-09-26-1311Z,opd5ygvxzf,gpt-6-astra,GPT 6 Astra,Codex,assistantbench,AssistantBench,task-1,validation:0,AssistantBench validation task 1,middle,300,343.6,1.1453,on_time,false,own,,false,false,false,not_applicable,0.03092783505154639,0.03092783505154639,false,original-stable,true,,,,,,,,,,,,,
2026-09-26-1311Z,hxcje2yorh,gpt-6-astra,GPT 6 Astra,Codex,assistantbench,AssistantBench,task-1,validation:0,AssistantBench validation task 1,longest,1200,1127.7,0.9398,on_time,false,own,,false,false,false,not_applicable,0.03225806451612903,0.03225806451612903,false,original-stable,true,,,,,,,,,,,,,
2026-09-26-1311Z,655a56nwg4,gpt-6-astra,GPT 6 Astra,Codex,assistantbench,AssistantBench,task-2,validation:1,AssistantBench validation task 2,shortest,75,100.3,1.3373,late,false,own,,false,false,false,not_applicable,0.0038461538461538464,0.0038461538461538464,false,original-stable,true,,,,,,,,,,,,,
2026-09-26-1311Z,tkozrmfkgt,gpt-6-astra,GPT 6 Astra,Codex,assistantbench,AssistantBench,task-2,validation:1,AssistantBench validation task 2,middle,300,180.4,0.6013,early,false,own,,false,false,false,not_applicable,0.005555555555555556,0.005555555555555556,false,original-stable,true,,,,,,,,,,,,,
2026-09-26-1311Z,mu665lgeia,gpt-6-astra,GPT 6 Astra,Codex,assistantbench,AssistantBench,task-2,validation:1,AssistantBench validation task 2,longest,1200,407.9,0.3399,early,false,own,,false,false,false,not_applicable,0,0,false,original-stable,true,,,,,,,,,,,,,
2026-09-26-1311Z,c55vurywp2,gpt-6-astra,GPT 6 Astra,Codex,assistantbench,AssistantBench,task-3,validation:2,AssistantBench validation task 3,shortest,75,100.3,1.3373,late,false,own,,false,false,false,not_applicable,0,0,false,original-stable,true,,,,,,,,,,,,,
2026-09-26-1311Z,hbjtaq2s5v,gpt-6-astra,GPT 6 Astra,Codex,assistantbench,AssistantBench,task-3,validation:2,AssistantBench validation task 3,middle,300,318.6,1.062,on_time,false,own,,false,false,false,not_applicable,0,0,false,original-stable,true,,,,,,,,,,,,,
2026-09-26-1311Z,3daxvfbj75,gpt-6-astra,GPT 6 Astra,Codex,assistantbench,AssistantBench,task-3,validation:2,AssistantBench validation task 3,longest,1200,350.7,0.2923,early,false,own,,false,false,false,not_applicable,0,0,false,original-stable,true,,,,,,,,,,,,,
2026-09-26-1311Z,wqwndsavug,gpt-6-astra,GPT 6 Astra,Codex,assistantbench,AssistantBench,task-4,validation:3,AssistantBench validation task 4,shortest,75,88.6,1.1813,on_time,false,own,,false,false,false,not_applicable,0,0,false,original-stable,true,,,,,,,,,,,,,
2026-09-26-1311Z,nqqegcepsc,gpt-6-astra,GPT 6 Astra,Codex,assistantbench,AssistantBench,task-4,validation:3,AssistantBench validation task 4,middle,300,100.9,0.3363,early,false,own,,false,false,false,not_applicable,0,0,false,original-stable,true,,,,,,,,,,,,,
2026-09-26-1311Z,7tgkr2ogxq,gpt-6-astra,GPT 6 Astra,Codex,assistantbench,AssistantBench,task-4,validation:3,AssistantBench validation task 4,longest,1200,128.9,0.1074,early,false,own,,false,false,false,not_applicable,0,0,false,original-stable,true,,,,,,,,,,,,,
2026-09-26-1311Z,tidy4kqdb7,gpt-6-astra,GPT 6 Astra,Codex,assistantbench,AssistantBench,task-5,validation:4,AssistantBench validation task 5,shortest,75,116.2,1.5493,late,false,own,,false,false,false,not_applicable,0,0,false,original-stable,true,,,,,,,,,,,,,
2026-09-26-1311Z,ukbtlljr6u,gpt-6-astra,GPT 6 Astra,Codex,assistantbench,AssistantBench,task-5,validation:4,AssistantBench validation task 5,middle,300,374,1.2467,on_time,false,own,,false,false,false,not_applicable,0,0,false,original-stable,true,,,,,,,,,,,,,
2026-09-26-1311Z,3jbetqnlpx,gpt-6-astra,GPT 6 Astra,Codex,assistantbench,AssistantBench,task-5,validation:4,AssistantBench validation task 5,longest,1200,576.5,0.4804,early,false,own,,false,false,false,not_applicable,0,0,false,original-stable,true,,,,,,,,,,,,,
2026-09-26-1311Z,e435j3l5ix,gpt-6-astra,GPT 6 Astra,Codex,assistantbench,AssistantBench,task-6,validation:5,AssistantBench validation task 6,shortest,75,144.1,1.9213,late,false,own,,false,false,false,not_applicable,0,0,false,original-stable,true,,,,,,,,,,,,,
2026-09-26-1311Z,wyjupsufxf,gpt-6-astra,GPT 6 Astra,Codex,assistantbench,AssistantBench,task-6,validation:5,AssistantBench validation task 6,middle,300,334,1.1133,on_time,false,own,,false,false,false,not_applicable,0.05633802816901409,0.05633802816901409,false,original-stable,true,,,,,,,,,,,,,
2026-09-26-1311Z,ogbhoh5azx,gpt-6-astra,GPT 6 Astra,Codex,assistantbench,AssistantBench,task-6,validation:5,AssistantBench validation task 6,longest,1200,1132.3,0.9436,on_time,false,own,,false,false,false,not_applicable,0.06060606060606061,0.06060606060606061,false,original-stable,true,,,,,,,,,,,,,
2026-09-26-1311Z,v45zgluzl7,gpt-6-astra,GPT 6 Astra,Codex,assistantbench,AssistantBench,task-7,validation:6,AssistantBench validation task 7,shortest,75,99.6,1.328,late,false,own,,false,false,false,not_applicable,0,0,false,original-stable,true,,,,,,,,,,,,,
2026-09-26-1311Z,wkbaegtydc,gpt-6-astra,GPT 6 Astra,Codex,assistantbench,AssistantBench,task-7,validation:6,AssistantBench validation task 7,middle,300,498.1,1.6603,late,false,own,,false,false,false,not_applicable,0.13636363636363635,0.13636363636363635,false,original-stable,true,,,,,,,,,,,,,
2026-09-26-1311Z,zwpn3xkhy4,gpt-6-astra,GPT 6 Astra,Codex,assistantbench,AssistantBench,task-7,validation:6,AssistantBench validation task 7,longest,1200,1225.4,1.0212,on_time,true,own,,false,false,false,not_applicable,0.11538461538461536,0.11538461538461536,false,original-stable,true,,,,,,,,,,,,,
2026-09-26-1311Z,4oxgyre5s2,gpt-6-astra,GPT 6 Astra,Codex,assistantbench,AssistantBench,task-8,validation:9,AssistantBench validation task 8,shortest,75,273.3,3.644,late,false,own,,false,false,false,not_applicable,0.12903225806451613,0.12903225806451613,false,original-stable,true,,,,,,,,,,,,,
2026-09-26-1311Z,odbnhsvkpx,gpt-6-astra,GPT 6 Astra,Codex,assistantbench,AssistantBench,task-8,validation:9,AssistantBench validation task 8,middle,300,878.1,2.927,late,false,own,,false,false,false,not_applicable,0.12631578947368421,0.12631578947368421,false,original-stable,true,,,,,,,,,,,,,
2026-09-26-1311Z,ammrgh6faa,gpt-6-astra,GPT 6 Astra,Codex,assistantbench,AssistantBench,task-8,validation:9,AssistantBench validation task 8,longest,1200,1142.2,0.9518,on_time,true,own,,false,false,false,not_applicable,0.11650485436893204,0.11650485436893204,false,original-stable,true,,,,,,,,,,,,,
2026-09-26-1311Z,2hjpjtlowh,gpt-6-astra,GPT 6 Astra,Codex,assistantbench,AssistantBench,task-9,validation:13,AssistantBench validation task 9,shortest,75,28.5,0.38,early,false,own,,false,false,false,not_applicable,0,0,false,original-stable,true,,,,,,,,,,,,,
2026-09-26-1311Z,yj3gnyufde,gpt-6-astra,GPT 6 Astra,Codex,assistantbench,AssistantBench,task-9,validation:13,AssistantBench validation task 9,middle,300,47.3,0.1577,early,false,own,,false,false,false,not_applicable,0,0,false,original-stable,true,,,,,,,,,,,,,
2026-09-26-1311Z,kd7fk4b7pb,gpt-6-astra,GPT 6 Astra,Codex,assistantbench,AssistantBench,task-9,validation:13,AssistantBench validation task 9,longest,1200,52.7,0.0439,early,false,own,,false,false,false,not_applicable,0,0,false,original-stable,true,,,,,,,,,,,,,
2026-09-26-1311Z,muap4qmi7v,gpt-6-astra,GPT 6 Astra,Codex,assistantbench,AssistantBench,task-10,validation:15,AssistantBench validation task 10,shortest,75,125.3,1.6707,late,false,own,,false,false,false,not_applicable,0,0,false,original-stable,true,,,,,,,,,,,,,
2026-09-26-1311Z,pjm7kyteq6,gpt-6-astra,GPT 6 Astra,Codex,assistantbench,AssistantBench,task-10,validation:15,AssistantBench validation task 10,middle,300,329.2,1.0973,on_time,false,own,,false,false,false,not_applicable,0.08163265306122448,0.08163265306122448,false,original-stable,true,,,,,,,,,,,,,
2026-09-26-1311Z,3pes3m6ofe,gpt-6-astra,GPT 6 Astra,Codex,assistantbench,AssistantBench,task-10,validation:15,AssistantBench validation task 10,longest,1200,1049.7,0.8748,on_time,false,own,,false,false,false,not_applicable,0.04081632653061224,0.04081632653061224,false,original-stable,true,,,,,,,,,,,,,
2026-09-26-1311Z,rbg4jttlro,gpt-6-astra,GPT 6 Astra,Codex,assistantbench,AssistantBench,task-11,validation:22,AssistantBench validation task 11,shortest,75,106.5,1.42,late,false,own,,false,false,false,not_applicable,0,0,false,original-stable,true,,,,,,,,,,,,,
2026-09-26-1311Z,ngd6azj7nh,gpt-6-astra,GPT 6 Astra,Codex,assistantbench,AssistantBench,task-11,validation:22,AssistantBench validation task 11,middle,300,339.4,1.1313,on_time,false,own,,false,false,false,not_applicable,0,0,false,original-stable,true,,,,,,,,,,,,,
2026-09-26-1311Z,ahdxinsjhj,gpt-6-astra,GPT 6 Astra,Codex,assistantbench,AssistantBench,task-11,validation:22,AssistantBench validation task 11,longest,1200,1246.9,1.0391,on_time,true,own,,false,false,false,not_applicable,0,0,false,original-stable,true,,,,,,,,,,,,,
2026-09-26-1311Z,a7qemep5iv,gpt-6-astra,GPT 6 Astra,Codex,assistantbench,AssistantBench,task-12,validation:25,AssistantBench validation task 12,shortest,75,99.4,1.3253,late,false,own,,false,false,false,not_applicable,0.025641025641025637,0.025641025641025637,false,original-stable,true,,,,,,,,,,,,,
2026-09-26-1311Z,2wlownvecd,gpt-6-astra,GPT 6 Astra,Codex,assistantbench,AssistantBench,task-12,validation:25,AssistantBench validation task 12,middle,300,391.8,1.306,late,false,own,,false,false,false,not_applicable,0.0196078431372549,0.0196078431372549,false,original-stable,true,,,,,,,,,,,,,
2026-09-26-1311Z,aiaexcvlr2,gpt-6-astra,GPT 6 Astra,Codex,assistantbench,AssistantBench,task-12,validation:25,AssistantBench validation task 12,longest,1200,1254.6,1.0455,on_time,true,own,,false,false,false,not_applicable,0.011428571428571427,0.011428571428571427,false,original-stable,true,,,,,,,,,,,,,
2026-09-26-1311Z,2zbdpq2twy,gpt-6-astra,GPT 6 Astra,Codex,assistantbench,AssistantBench,task-13,validation:26,AssistantBench validation task 13,shortest,75,91.8,1.224,on_time,false,own,,false,false,false,not_applicable,0,0,false,original-stable,true,,,,,,,,,,,,,
2026-09-26-1311Z,t5vn7vlz2m,gpt-6-astra,GPT 6 Astra,Codex,assistantbench,AssistantBench,task-13,validation:26,AssistantBench validation task 13,middle,300,424.9,1.4163,late,false,own,,false,false,false,not_applicable,0,0,false,original-stable,true,,,,,,,,,,,,,
2026-09-26-1311Z,skssynle6t,gpt-6-astra,GPT 6 Astra,Codex,assistantbench,AssistantBench,task-13,validation:26,AssistantBench validation task 13,longest,1200,1117,0.9308,on_time,false,own,,false,false,false,not_applicable,0,0,false,original-stable,true,,,,,,,,,,,,,
2026-09-26-1311Z,rgnv7wilp7,gpt-6-astra,GPT 6 Astra,Codex,assistantbench,AssistantBench,task-14,validation:27,AssistantBench validation task 14,shortest,75,113.8,1.5173,late,false,own,,false,false,false,not_applicable,0.09523809523809525,0.09523809523809525,false,original-stable,true,,,,,,,,,,,,,
2026-09-26-1311Z,4hu7v5alct,gpt-6-astra,GPT 6 Astra,Codex,assistantbench,AssistantBench,task-14,validation:27,AssistantBench validation task 14,middle,300,354,1.18,on_time,false,own,,false,false,false,not_applicable,0.07766990291262137,0.07766990291262137,false,original-stable,true,,,,,,,,,,,,,
2026-09-26-1311Z,ks6tl4z43v,gpt-6-astra,GPT 6 Astra,Codex,assistantbench,AssistantBench,task-14,validation:27,AssistantBench validation task 14,longest,1200,416.3,0.3469,early,false,own,,false,false,false,not_applicable,0.06666666666666667,0.06666666666666667,false,original-stable,true,,,,,,,,,,,,,
2026-09-26-1311Z,4j7a5kwdnr,gpt-6-astra,GPT 6 Astra,Codex,assistantbench,AssistantBench,task-15,validation:28,AssistantBench validation task 15,shortest,75,109.1,1.4547,late,false,own,,false,false,false,not_applicable,0.08163265306122448,0.08163265306122448,false,original-stable,true,,,,,,,,,,,,,
2026-09-26-1311Z,kgao6ao2xf,gpt-6-astra,GPT 6 Astra,Codex,assistantbench,AssistantBench,task-15,validation:28,AssistantBench validation task 15,middle,300,338.8,1.1293,on_time,false,own,,false,false,false,not_applicable,0.08163265306122448,0.08163265306122448,false,original-stable,true,,,,,,,,,,,,,
2026-09-26-1311Z,ukv7japhtv,gpt-6-astra,GPT 6 Astra,Codex,assistantbench,AssistantBench,task-15,validation:28,AssistantBench validation task 15,longest,1200,1220.6,1.0172,on_time,true,own,,false,false,false,not_applicable,0.07843137254901959,0.07843137254901959,false,original-stable,true,,,,,,,,,,,,,
2026-09-26-1311Z,6vpvsklai7,gpt-6-astra,GPT 6 Astra,Codex,assistantbench,AssistantBench,task-16,validation:29,AssistantBench validation task 16,shortest,75,178.2,2.376,late,false,own,,false,false,false,not_applicable,0,0,false,original-stable,true,,,,,,,,,,,,,
2026-09-26-1311Z,havf3cwbxn,gpt-6-astra,GPT 6 Astra,Codex,assistantbench,AssistantBench,task-16,validation:29,AssistantBench validation task 16,middle,300,346.9,1.1563,on_time,false,own,,false,false,false,not_applicable,0,0,false,original-stable,true,,,,,,,,,,,,,
2026-09-26-1311Z,5alox7l6wk,gpt-6-astra,GPT 6 Astra,Codex,assistantbench,AssistantBench,task-16,validation:29,AssistantBench validation task 16,longest,1200,291.6,0.243,early,false,own,,false,false,false,not_applicable,0,0,false,original-stable,true,,,,,,,,,,,,,
2026-09-26-1311Z,e5o4unvl6o,gpt-6-astra,GPT 6 Astra,Codex,assistantbench,AssistantBench,task-17,validation:31,AssistantBench validation task 17,shortest,75,86.4,1.152,on_time,false,own,,false,false,false,not_applicable,0,0,false,original-stable,true,,,,,,,,,,,,,
2026-09-26-1311Z,272z5a6wom,gpt-6-astra,GPT 6 Astra,Codex,assistantbench,AssistantBench,task-17,validation:31,AssistantBench validation task 17,middle,300,330.6,1.102,on_time,false,own,,false,false,false,not_applicable,0.01515151515151515,0.01515151515151515,false,original-stable,true,,,,,,,,,,,,,
2026-09-26-1311Z,4nfqpjiag7,gpt-6-astra,GPT 6 Astra,Codex,assistantbench,AssistantBench,task-17,validation:31,AssistantBench validation task 17,longest,1200,1230.4,1.0253,on_time,true,own,,false,false,false,not_applicable,0.01515151515151515,0.01515151515151515,false,original-stable,true,,,,,,,,,,,,,
2026-09-26-1311Z,cy2ivwoejk,gpt-6-astra,GPT 6 Astra,Codex,assistantbench,AssistantBench,task-18,validation:32,AssistantBench validation task 18,shortest,75,258.3,3.444,late,false,own,,false,false,false,not_applicable,0,0,false,original-stable,true,,,,,,,,,,,,,
2026-09-26-1311Z,ljfp2bfvmf,gpt-6-astra,GPT 6 Astra,Codex,assistantbench,AssistantBench,task-18,validation:32,AssistantBench validation task 18,middle,300,380.8,1.2693,late,false,own,,false,false,false,not_applicable,0,0,false,original-stable,true,,,,,,,,,,,,,
2026-09-26-1311Z,acgt5px525,gpt-6-astra,GPT 6 Astra,Codex,assistantbench,AssistantBench,task-18,validation:32,AssistantBench validation task 18,longest,1200,827,0.6892,early,false,own,,false,false,false,not_applicable,0.23529411764705882,0.23529411764705882,false,original-stable,true,,,,,,,,,,,,,
2026-09-26-1311Z,bwuan6hivp,gpt-6-astra,GPT 6 Astra,Codex,gpqa-diamond,GPQA Diamond,question-1,recuyeuT5rQ6qDt8F,GPQA Diamond closed-book question 1 (Chemistry),shortest,75,98.3,1.3107,late,false,own,,false,false,false,provided,1,1,true,original-stable,true,,,,,,,,,,,,,
2026-09-26-1311Z,ycfaz4mopu,gpt-6-astra,GPT 6 Astra,Codex,gpqa-diamond,GPQA Diamond,question-1,recuyeuT5rQ6qDt8F,GPQA Diamond closed-book question 1 (Chemistry),middle,300,312.6,1.042,on_time,true,own,,false,false,false,provided,1,1,true,original-stable,true,,,,,,,,,,,,,
2026-09-26-1311Z,svv2f45wzc,gpt-6-astra,GPT 6 Astra,Codex,gpqa-diamond,GPQA Diamond,question-1,recuyeuT5rQ6qDt8F,GPQA Diamond closed-book question 1 (Chemistry),longest,1200,1208.6,1.0072,on_time,true,own,,false,false,false,provided,1,1,true,original-stable,true,,,,,,,,,,,,,
2026-09-26-1311Z,pflyn664no,gpt-6-astra,GPT 6 Astra,Codex,gpqa-diamond,GPQA Diamond,question-2,rec7C06XOB2h298ue,GPQA Diamond closed-book question 2 (Chemistry),shortest,75,82.4,1.0987,on_time,false,own,,false,false,false,provided,1,1,true,original-stable,true,,,,,,,,,,,,,
2026-09-26-1311Z,mxmues4cjl,gpt-6-astra,GPT 6 Astra,Codex,gpqa-diamond,GPQA Diamond,question-2,rec7C06XOB2h298ue,GPQA Diamond closed-book question 2 (Chemistry),middle,300,308.1,1.027,on_time,true,own,,false,false,false,provided,1,1,true,original-stable,true,,,,,,,,,,,,,
2026-09-26-1311Z,u23izd7ggy,gpt-6-astra,GPT 6 Astra,Codex,gpqa-diamond,GPQA Diamond,question-2,rec7C06XOB2h298ue,GPQA Diamond closed-book question 2 (Chemistry),longest,1200,1210.6,1.0088,on_time,true,own,,false,false,false,provided,1,1,true,original-stable,true,,,,,,,,,,,,,
2026-09-26-1311Z,33fef7gjd3,gpt-6-astra,GPT 6 Astra,Codex,gpqa-diamond,GPQA Diamond,question-3,recOkA2zsy4GSMD9R,GPQA Diamond closed-book question 3 (Chemistry),shortest,75,82.3,1.0973,on_time,false,own,,false,false,false,provided,1,1,true,original-stable,true,,,,,,,,,,,,,
2026-09-26-1311Z,hufmjhjx56,gpt-6-astra,GPT 6 Astra,Codex,gpqa-diamond,GPQA Diamond,question-3,recOkA2zsy4GSMD9R,GPQA Diamond closed-book question 3 (Chemistry),middle,300,314.1,1.047,on_time,true,own,,false,false,false,provided,1,1,true,original-stable,true,,,,,,,,,,,,,
2026-09-26-1311Z,a2ep7iv44i,gpt-6-astra,GPT 6 Astra,Codex,gpqa-diamond,GPQA Diamond,question-3,recOkA2zsy4GSMD9R,GPQA Diamond closed-book question 3 (Chemistry),longest,1200,1210.8,1.009,on_time,true,own,,false,false,false,provided,1,1,true,original-stable,true,,,,,,,,,,,,,
2026-09-26-1311Z,s2bf3gtnjd,gpt-6-astra,GPT 6 Astra,Codex,gpqa-diamond,GPQA Diamond,question-4,recZ13cwgDQf9jRd9,GPQA Diamond closed-book question 4 (Chemistry),shortest,75,96.9,1.292,late,false,own,,false,false,false,provided,1,1,true,original-stable,true,,,,,,,,,,,,,
2026-09-26-1311Z,idqdhu4ssj,gpt-6-astra,GPT 6 Astra,Codex,gpqa-diamond,GPQA Diamond,question-4,recZ13cwgDQf9jRd9,GPQA Diamond closed-book question 4 (Chemistry),middle,300,308.8,1.0293,on_time,true,own,,false,false,false,provided,1,1,true,original-stable,true,,,,,,,,,,,,,
2026-09-26-1311Z,cqdzkiyj7x,gpt-6-astra,GPT 6 Astra,Codex,gpqa-diamond,GPQA Diamond,question-4,recZ13cwgDQf9jRd9,GPQA Diamond closed-book question 4 (Chemistry),longest,1200,1211.9,1.0099,on_time,true,own,,false,false,false,provided,1,1,true,original-stable,true,,,,,,,,,,,,,
2026-09-26-1311Z,y44f53z3rc,gpt-6-astra,GPT 6 Astra,Codex,gpqa-diamond,GPQA Diamond,question-5,recJJcOHhFeSaRpl4,GPQA Diamond closed-book question 5 (Chemistry),shortest,75,82,1.0933,on_time,false,own,,false,false,false,provided,1,1,true,original-stable,true,,,,,,,,,,,,,
2026-09-26-1311Z,jb5lmhz6jd,gpt-6-astra,GPT 6 Astra,Codex,gpqa-diamond,GPQA Diamond,question-5,recJJcOHhFeSaRpl4,GPQA Diamond closed-book question 5 (Chemistry),middle,300,312,1.04,on_time,true,own,,false,false,false,provided,1,1,true,original-stable,true,,,,,,,,,,,,,
2026-09-26-1311Z,owb3ha7x6u,gpt-6-astra,GPT 6 Astra,Codex,gpqa-diamond,GPQA Diamond,question-5,recJJcOHhFeSaRpl4,GPQA Diamond closed-book question 5 (Chemistry),longest,1200,1212.2,1.0102,on_time,true,own,,false,false,false,provided,1,1,true,original-stable,true,,,,,,,,,,,,,
2026-09-26-1311Z,nlh7ieqrqb,gpt-6-astra,GPT 6 Astra,Codex,gpqa-diamond,GPQA Diamond,question-6,rec5rjeLsEq5Fg7Oj,GPQA Diamond closed-book question 6 (Chemistry),shortest,75,83.1,1.108,on_time,false,own,,false,false,false,provided,1,1,true,original-stable,true,,,,,,,,,,,,,
2026-09-26-1311Z,at5e7d7bgf,gpt-6-astra,GPT 6 Astra,Codex,gpqa-diamond,GPQA Diamond,question-6,rec5rjeLsEq5Fg7Oj,GPQA Diamond closed-book question 6 (Chemistry),middle,300,309.6,1.032,on_time,true,own,,false,false,false,provided,1,1,true,original-stable,true,,,,,,,,,,,,,
2026-09-26-1311Z,tirdmonign,gpt-6-astra,GPT 6 Astra,Codex,gpqa-diamond,GPQA Diamond,question-6,rec5rjeLsEq5Fg7Oj,GPQA Diamond closed-book question 6 (Chemistry),longest,1200,1215.2,1.0127,on_time,true,own,,false,false,false,provided,1,1,true,original-stable,true,,,,,,,,,,,,,
2026-09-26-1311Z,hdvc5aewvm,gpt-6-astra,GPT 6 Astra,Codex,gpqa-diamond,GPQA Diamond,question-7,recFaL6j8UMhutXrc,GPQA Diamond closed-book question 7 (Chemistry),shortest,75,82.5,1.1,on_time,false,own,,false,false,false,provided,1,1,true,original-stable,true,,,,,,,,,,,,,
2026-09-26-1311Z,qu7l5bbczi,gpt-6-astra,GPT 6 Astra,Codex,gpqa-diamond,GPQA Diamond,question-7,recFaL6j8UMhutXrc,GPQA Diamond closed-book question 7 (Chemistry),middle,300,308.8,1.0293,on_time,true,own,,false,false,false,provided,1,1,true,original-stable,true,,,,,,,,,,,,,
2026-09-26-1311Z,r4vgcaec6b,gpt-6-astra,GPT 6 Astra,Codex,gpqa-diamond,GPQA Diamond,question-7,recFaL6j8UMhutXrc,GPQA Diamond closed-book question 7 (Chemistry),longest,1200,1209.8,1.0082,on_time,true,own,,false,false,false,provided,1,1,true,original-stable,true,,,,,,,,,,,,,
2026-09-26-1311Z,e5yr235fwy,gpt-6-astra,GPT 6 Astra,Codex,gpqa-diamond,GPQA Diamond,question-8,reca44yABeO2fx7UB,GPQA Diamond closed-book question 8 (Chemistry),shortest,75,84,1.12,on_time,false,own,,false,false,false,provided,1,1,true,original-stable,true,,,,,,,,,,,,,
2026-09-26-1311Z,gq7ow42ogl,gpt-6-astra,GPT 6 Astra,Codex,gpqa-diamond,GPQA Diamond,question-8,reca44yABeO2fx7UB,GPQA Diamond closed-book question 8 (Chemistry),middle,300,312.4,1.0413,on_time,true,own,,false,false,false,provided,1,1,true,original-stable,true,,,,,,,,,,,,,
2026-09-26-1311Z,ynauyoxfmr,gpt-6-astra,GPT 6 Astra,Codex,gpqa-diamond,GPQA Diamond,question-8,reca44yABeO2fx7UB,GPQA Diamond closed-book question 8 (Chemistry),longest,1200,1209.2,1.0077,on_time,true,own,,false,false,false,provided,1,1,true,original-stable,true,,,,,,,,,,,,,
2026-09-26-1311Z,zj2t2ik2zg,gpt-6-astra,GPT 6 Astra,Codex,gpqa-diamond,GPQA Diamond,question-9,rec2fsnzUuvNtUYK8,GPQA Diamond closed-book question 9 (Chemistry),shortest,75,82.9,1.1053,on_time,false,own,,false,false,false,provided,1,1,true,original-stable,true,,,,,,,,,,,,,
2026-09-26-1311Z,obcjdc5b4x,gpt-6-astra,GPT 6 Astra,Codex,gpqa-diamond,GPQA Diamond,question-9,rec2fsnzUuvNtUYK8,GPQA Diamond closed-book question 9 (Chemistry),middle,300,310.2,1.034,on_time,true,own,,false,false,false,provided,0,0,false,original-stable,true,,,,,,,,,,,,,
2026-09-26-1311Z,f2wp7hatcm,gpt-6-astra,GPT 6 Astra,Codex,gpqa-diamond,GPQA Diamond,question-9,rec2fsnzUuvNtUYK8,GPQA Diamond closed-book question 9 (Chemistry),longest,1200,1219.4,1.0162,on_time,true,own,,false,false,false,provided,0,0,false,original-stable,true,,,,,,,,,,,,,
2026-09-26-1311Z,q5lmdbs2hp,gpt-6-astra,GPT 6 Astra,Codex,gpqa-diamond,GPQA Diamond,question-10,receo3UUzRvWCqyfA,GPQA Diamond closed-book question 10 (Chemistry),shortest,75,83,1.1067,on_time,false,own,,false,false,false,provided,1,1,true,original-stable,true,,,,,,,,,,,,,
2026-09-26-1311Z,6olo7llobl,gpt-6-astra,GPT 6 Astra,Codex,gpqa-diamond,GPQA Diamond,question-10,receo3UUzRvWCqyfA,GPQA Diamond closed-book question 10 (Chemistry),middle,300,308,1.0267,on_time,true,own,,false,false,false,provided,1,1,true,original-stable,true,,,,,,,,,,,,,
2026-09-26-1311Z,pdt3whkpkf,gpt-6-astra,GPT 6 Astra,Codex,gpqa-diamond,GPQA Diamond,question-10,receo3UUzRvWCqyfA,GPQA Diamond closed-book question 10 (Chemistry),longest,1200,1214.1,1.0118,on_time,true,own,,false,false,false,provided,1,1,true,original-stable,true,,,,,,,,,,,,,
2026-09-26-1311Z,3cvrsidhgf,gpt-6-astra,GPT 6 Astra,Codex,gpqa-diamond,GPQA Diamond,question-11,rec8nshandHARTkrg,GPQA Diamond closed-book question 11 (Chemistry),shortest,75,83.2,1.1093,on_time,false,own,,false,false,false,provided,1,1,true,original-stable,true,,,,,,,,,,,,,
2026-09-26-1311Z,k32g2bxvtm,gpt-6-astra,GPT 6 Astra,Codex,gpqa-diamond,GPQA Diamond,question-11,rec8nshandHARTkrg,GPQA Diamond closed-book question 11 (Chemistry),middle,300,310.1,1.0337,on_time,true,own,,false,false,false,provided,1,1,true,original-stable,true,,,,,,,,,,,,,
2026-09-26-1311Z,uhn2ubkti5,gpt-6-astra,GPT 6 Astra,Codex,gpqa-diamond,GPQA Diamond,question-11,rec8nshandHARTkrg,GPQA Diamond closed-book question 11 (Chemistry),longest,1200,1216.6,1.0138,on_time,true,own,,false,false,false,provided,1,1,true,original-stable,true,,,,,,,,,,,,,
2026-09-26-1311Z,laaalt2s4v,gpt-6-astra,GPT 6 Astra,Codex,gpqa-diamond,GPQA Diamond,question-12,recVEXvhYxAhELVqB,GPQA Diamond closed-book question 12 (Chemistry),shortest,75,82.1,1.0947,on_time,false,own,,false,false,false,provided,1,1,true,original-stable,true,,,,,,,,,,,,,
2026-09-26-1311Z,s3zq5amxm5,gpt-6-astra,GPT 6 Astra,Codex,gpqa-diamond,GPQA Diamond,question-12,recVEXvhYxAhELVqB,GPQA Diamond closed-book question 12 (Chemistry),middle,300,311.2,1.0373,on_time,true,own,,false,false,false,provided,1,1,true,original-stable,true,,,,,,,,,,,,,
2026-09-26-1311Z,nu6zadgjxb,gpt-6-astra,GPT 6 Astra,Codex,gpqa-diamond,GPQA Diamond,question-12,recVEXvhYxAhELVqB,GPQA Diamond closed-book question 12 (Chemistry),longest,1200,1208.5,1.0071,on_time,true,own,,false,false,false,provided,1,1,true,original-stable,true,,,,,,,,,,,,,
2026-09-26-1311Z,ozhbuz6zyp,gpt-6-astra,GPT 6 Astra,Codex,gpqa-diamond,GPQA Diamond,question-13,recK9F5aqdaybl8bb,GPQA Diamond closed-book question 13 (Chemistry),shortest,75,82.3,1.0973,on_time,false,own,,false,false,false,provided,1,1,true,original-stable,true,,,,,,,,,,,,,
2026-09-26-1311Z,r27fty5lwb,gpt-6-astra,GPT 6 Astra,Codex,gpqa-diamond,GPQA Diamond,question-13,recK9F5aqdaybl8bb,GPQA Diamond closed-book question 13 (Chemistry),middle,300,309.5,1.0317,on_time,true,own,,false,false,false,provided,1,1,true,original-stable,true,,,,,,,,,,,,,
2026-09-26-1311Z,eo52lnfciu,gpt-6-astra,GPT 6 Astra,Codex,gpqa-diamond,GPQA Diamond,question-13,recK9F5aqdaybl8bb,GPQA Diamond closed-book question 13 (Chemistry),longest,1200,931.1,0.7759,early,false,harness,error,true,false,false,not_recorded,0,0,false,original-stable,true,,,,,,,,,,,,,
2026-09-26-1311Z,af5kswidia,gpt-6-astra,GPT 6 Astra,Codex,gpqa-diamond,GPQA Diamond,question-14,recAAJoHMW45Lv5je,GPQA Diamond closed-book question 14 (Chemistry),shortest,75,83.2,1.1093,on_time,false,own,,false,false,false,provided,1,1,true,original-stable,true,,,,,,,,,,,,,
2026-09-26-1311Z,2kksc2hvit,gpt-6-astra,GPT 6 Astra,Codex,gpqa-diamond,GPQA Diamond,question-14,recAAJoHMW45Lv5je,GPQA Diamond closed-book question 14 (Chemistry),middle,300,307.7,1.0257,on_time,true,own,,false,false,false,provided,1,1,true,original-stable,true,,,,,,,,,,,,,
2026-09-26-1311Z,ubyes7gyal,gpt-6-astra,GPT 6 Astra,Codex,gpqa-diamond,GPQA Diamond,question-14,recAAJoHMW45Lv5je,GPQA Diamond closed-book question 14 (Chemistry),longest,1200,1211.8,1.0098,on_time,true,own,,false,false,false,provided,1,1,true,original-stable,true,,,,,,,,,,,,,
2026-09-26-1311Z,rtw42otvdh,gpt-6-astra,GPT 6 Astra,Codex,gpqa-diamond,GPQA Diamond,question-15,recKv4hFyNpViUXnL,GPQA Diamond closed-book question 15 (Physics),shortest,75,82.1,1.0947,on_time,false,own,,false,false,false,provided,1,1,true,original-stable,true,,,,,,,,,,,,,
2026-09-26-1311Z,4qmqvvu5e3,gpt-6-astra,GPT 6 Astra,Codex,gpqa-diamond,GPQA Diamond,question-15,recKv4hFyNpViUXnL,GPQA Diamond closed-book question 15 (Physics),middle,300,309.4,1.0313,on_time,true,own,,false,false,false,provided,1,1,true,original-stable,true,,,,,,,,,,,,,
2026-09-26-1311Z,vdnncmtlkl,gpt-6-astra,GPT 6 Astra,Codex,gpqa-diamond,GPQA Diamond,question-15,recKv4hFyNpViUXnL,GPQA Diamond closed-book question 15 (Physics),longest,1200,1219.6,1.0163,on_time,true,own,,false,false,false,provided,1,1,true,original-stable,true,,,,,,,,,,,,,
2026-09-26-1311Z,ylhfvb4oyo,gpt-6-astra,GPT 6 Astra,Codex,gpqa-diamond,GPQA Diamond,question-16,recGFKDUd8qgz81Zl,GPQA Diamond closed-book question 16 (Physics),shortest,75,85.5,1.14,on_time,false,own,,false,false,false,provided,1,1,true,original-stable,true,,,,,,,,,,,,,
2026-09-26-1311Z,h4y5pncv24,gpt-6-astra,GPT 6 Astra,Codex,gpqa-diamond,GPQA Diamond,question-16,recGFKDUd8qgz81Zl,GPQA Diamond closed-book question 16 (Physics),middle,300,307.9,1.0263,on_time,true,own,,false,false,false,provided,1,1,true,original-stable,true,,,,,,,,,,,,,
2026-09-26-1311Z,fvqgn2lmx7,gpt-6-astra,GPT 6 Astra,Codex,gpqa-diamond,GPQA Diamond,question-16,recGFKDUd8qgz81Zl,GPQA Diamond closed-book question 16 (Physics),longest,1200,1213.8,1.0115,on_time,true,own,,false,false,false,provided,1,1,true,original-stable,true,,,,,,,,,,,,,
2026-09-26-1311Z,thcsizkrpq,gpt-6-astra,GPT 6 Astra,Codex,gpqa-diamond,GPQA Diamond,question-17,rec0yTRmO1o1xCA6H,GPQA Diamond closed-book question 17 (Physics),shortest,75,83.2,1.1093,on_time,false,own,,false,false,false,provided,1,1,true,original-stable,true,,,,,,,,,,,,,
2026-09-26-1311Z,sresdenbee,gpt-6-astra,GPT 6 Astra,Codex,gpqa-diamond,GPQA Diamond,question-17,rec0yTRmO1o1xCA6H,GPQA Diamond closed-book question 17 (Physics),middle,300,309.6,1.032,on_time,true,own,,false,false,false,provided,1,1,true,original-stable,true,,,,,,,,,,,,,
2026-09-26-1311Z,eigvg2qp2x,gpt-6-astra,GPT 6 Astra,Codex,gpqa-diamond,GPQA Diamond,question-17,rec0yTRmO1o1xCA6H,GPQA Diamond closed-book question 17 (Physics),longest,1200,1211.5,1.0096,on_time,true,own,,false,false,false,provided,1,1,true,original-stable,true,,,,,,,,,,,,,
2026-09-26-1311Z,4mfv6vi7kb,gpt-6-astra,GPT 6 Astra,Codex,gpqa-diamond,GPQA Diamond,question-18,recV1nqYQvpII94oC,GPQA Diamond closed-book question 18 (Physics),shortest,75,84,1.12,on_time,false,own,,false,false,false,provided,1,1,true,original-stable,true,,,,,,,,,,,,,
2026-09-26-1311Z,56kvkuycfy,gpt-6-astra,GPT 6 Astra,Codex,gpqa-diamond,GPQA Diamond,question-18,recV1nqYQvpII94oC,GPQA Diamond closed-book question 18 (Physics),middle,300,309,1.03,on_time,true,own,,false,false,false,provided,1,1,true,original-stable,true,,,,,,,,,,,,,
2026-09-26-1311Z,sfsk3z6l5g,gpt-6-astra,GPT 6 Astra,Codex,gpqa-diamond,GPQA Diamond,question-18,recV1nqYQvpII94oC,GPQA Diamond closed-book question 18 (Physics),longest,1200,1210.9,1.0091,on_time,true,own,,false,false,false,provided,1,1,true,original-stable,true,,,,,,,,,,,,,
2026-09-26-1311Z,txkw4lzyyg,gpt-6-astra,GPT 6 Astra,Codex,gpqa-diamond,GPQA Diamond,question-19,recPL4ZPpVYxgMu57,GPQA Diamond closed-book question 19 (Physics),shortest,75,82.3,1.0973,on_time,false,own,,false,false,false,provided,1,1,true,original-stable,true,,,,,,,,,,,,,
2026-09-26-1311Z,vzqdeqetvx,gpt-6-astra,GPT 6 Astra,Codex,gpqa-diamond,GPQA Diamond,question-19,recPL4ZPpVYxgMu57,GPQA Diamond closed-book question 19 (Physics),middle,300,307.3,1.0243,on_time,true,own,,false,false,false,provided,1,1,true,original-stable,true,,,,,,,,,,,,,
2026-09-26-1311Z,la6ewhi5h3,gpt-6-astra,GPT 6 Astra,Codex,gpqa-diamond,GPQA Diamond,question-19,recPL4ZPpVYxgMu57,GPQA Diamond closed-book question 19 (Physics),longest,1200,1210.1,1.0084,on_time,true,own,,false,false,false,provided,1,1,true,original-stable,true,,,,,,,,,,,,,
2026-09-26-1311Z,vemh4czwp4,gpt-6-astra,GPT 6 Astra,Codex,gpqa-diamond,GPQA Diamond,question-20,recpki12iG9RUGrz9,GPQA Diamond closed-book question 20 (Physics),shortest,75,83.4,1.112,on_time,false,own,,false,false,false,provided,1,1,true,original-stable,true,,,,,,,,,,,,,
2026-09-26-1311Z,6lrjybqnfx,gpt-6-astra,GPT 6 Astra,Codex,gpqa-diamond,GPQA Diamond,question-20,recpki12iG9RUGrz9,GPQA Diamond closed-book question 20 (Physics),middle,300,309.7,1.0323,on_time,true,own,,false,false,false,provided,1,1,true,original-stable,true,,,,,,,,,,,,,
2026-09-26-1311Z,w7bzfwjd2d,gpt-6-astra,GPT 6 Astra,Codex,gpqa-diamond,GPQA Diamond,question-20,recpki12iG9RUGrz9,GPQA Diamond closed-book question 20 (Physics),longest,1200,1221.8,1.0182,on_time,true,own,,false,false,false,provided,1,1,true,original-stable,true,,,,,,,,,,,,,
2026-09-26-1311Z,zgmq7rjyag,gpt-6-astra,GPT 6 Astra,Codex,gpqa-diamond,GPQA Diamond,question-21,reczjcMtrB1YGS2fO,GPQA Diamond closed-book question 21 (Physics),shortest,75,82.5,1.1,on_time,false,own,,false,false,false,provided,1,1,true,original-stable,true,,,,,,,,,,,,,
2026-09-26-1311Z,bhgvl243y2,gpt-6-astra,GPT 6 Astra,Codex,gpqa-diamond,GPQA Diamond,question-21,reczjcMtrB1YGS2fO,GPQA Diamond closed-book question 21 (Physics),middle,300,312,1.04,on_time,true,own,,false,false,false,provided,1,1,true,original-stable,true,,,,,,,,,,,,,
2026-09-26-1311Z,dev74cbyo3,gpt-6-astra,GPT 6 Astra,Codex,gpqa-diamond,GPQA Diamond,question-21,reczjcMtrB1YGS2fO,GPQA Diamond closed-book question 21 (Physics),longest,1200,1211.8,1.0098,on_time,true,own,,false,false,false,provided,1,1,true,original-stable,true,,,,,,,,,,,,,
2026-09-26-1311Z,qej7ydhkms,gpt-6-astra,GPT 6 Astra,Codex,gpqa-diamond,GPQA Diamond,question-22,recnjViFrqlZNL3fY,GPQA Diamond closed-book question 22 (Physics),shortest,75,83.4,1.112,on_time,false,own,,false,false,false,provided,1,1,true,original-stable,true,,,,,,,,,,,,,
2026-09-26-1311Z,et3zenga7w,gpt-6-astra,GPT 6 Astra,Codex,gpqa-diamond,GPQA Diamond,question-22,recnjViFrqlZNL3fY,GPQA Diamond closed-book question 22 (Physics),middle,300,311.5,1.0383,on_time,true,own,,false,false,false,provided,1,1,true,original-stable,true,,,,,,,,,,,,,
2026-09-26-1311Z,dgslrmzz4b,gpt-6-astra,GPT 6 Astra,Codex,gpqa-diamond,GPQA Diamond,question-22,recnjViFrqlZNL3fY,GPQA Diamond closed-book question 22 (Physics),longest,1200,1212.4,1.0103,on_time,true,own,,false,false,false,provided,1,1,true,original-stable,true,,,,,,,,,,,,,
2026-09-26-1311Z,szha6ed7tn,gpt-6-astra,GPT 6 Astra,Codex,gpqa-diamond,GPQA Diamond,question-23,rec5eA17Qr1ucNLUf,GPQA Diamond closed-book question 23 (Physics),shortest,75,81.7,1.0893,on_time,false,own,,false,false,false,provided,1,1,true,original-stable,true,,,,,,,,,,,,,
2026-09-26-1311Z,lqibfrqve6,gpt-6-astra,GPT 6 Astra,Codex,gpqa-diamond,GPQA Diamond,question-23,rec5eA17Qr1ucNLUf,GPQA Diamond closed-book question 23 (Physics),middle,300,308,1.0267,on_time,true,own,,false,false,false,provided,1,1,true,original-stable,true,,,,,,,,,,,,,
2026-09-26-1311Z,fmm2epajk5,gpt-6-astra,GPT 6 Astra,Codex,gpqa-diamond,GPQA Diamond,question-23,rec5eA17Qr1ucNLUf,GPQA Diamond closed-book question 23 (Physics),longest,1200,1209.2,1.0077,on_time,true,own,,false,false,false,provided,1,1,true,original-stable,true,,,,,,,,,,,,,
2026-09-26-1311Z,fsywdlnidn,gpt-6-astra,GPT 6 Astra,Codex,gpqa-diamond,GPQA Diamond,question-24,recPzW1WqRnPs57D6,GPQA Diamond closed-book question 24 (Physics),shortest,75,85.6,1.1413,on_time,false,own,,false,false,false,provided,1,1,true,original-stable,true,,,,,,,,,,,,,
2026-09-26-1311Z,67fz4xs4d4,gpt-6-astra,GPT 6 Astra,Codex,gpqa-diamond,GPQA Diamond,question-24,recPzW1WqRnPs57D6,GPQA Diamond closed-book question 24 (Physics),middle,300,309.3,1.031,on_time,true,own,,false,false,false,provided,1,1,true,original-stable,true,,,,,,,,,,,,,
2026-09-26-1311Z,mwchdaggib,gpt-6-astra,GPT 6 Astra,Codex,gpqa-diamond,GPQA Diamond,question-24,recPzW1WqRnPs57D6,GPQA Diamond closed-book question 24 (Physics),longest,1200,1209.1,1.0076,on_time,true,own,,false,false,false,provided,1,1,true,original-stable,true,,,,,,,,,,,,,
2026-09-26-1311Z,5jgwujzpac,gpt-6-astra,GPT 6 Astra,Codex,gpqa-diamond,GPQA Diamond,question-25,recIj8lR4tuDgrHou,GPQA Diamond closed-book question 25 (Physics),shortest,75,84.3,1.124,on_time,false,own,,false,false,false,provided,1,1,true,original-stable,true,,,,,,,,,,,,,
2026-09-26-1311Z,6em6x36xlo,gpt-6-astra,GPT 6 Astra,Codex,gpqa-diamond,GPQA Diamond,question-25,recIj8lR4tuDgrHou,GPQA Diamond closed-book question 25 (Physics),middle,300,313.9,1.0463,on_time,true,own,,false,false,false,provided,1,1,true,original-stable,true,,,,,,,,,,,,,
2026-09-26-1311Z,qznpseru5v,gpt-6-astra,GPT 6 Astra,Codex,gpqa-diamond,GPQA Diamond,question-25,recIj8lR4tuDgrHou,GPQA Diamond closed-book question 25 (Physics),longest,1200,1214.1,1.0118,on_time,true,own,,false,false,false,provided,1,1,true,original-stable,true,,,,,,,,,,,,,
2026-09-26-1311Z,dfl7fq4bzi,gpt-6-astra,GPT 6 Astra,Codex,gpqa-diamond,GPQA Diamond,question-26,rec8y3ZrBOcLgNEkE,GPQA Diamond closed-book question 26 (Physics),shortest,75,83.5,1.1133,on_time,false,own,,false,false,false,provided,1,1,true,original-stable,true,,,,,,,,,,,,,
2026-09-26-1311Z,tlkwgvh4lm,gpt-6-astra,GPT 6 Astra,Codex,gpqa-diamond,GPQA Diamond,question-26,rec8y3ZrBOcLgNEkE,GPQA Diamond closed-book question 26 (Physics),middle,300,310.2,1.034,on_time,true,own,,false,false,false,provided,1,1,true,original-stable,true,,,,,,,,,,,,,
2026-09-26-1311Z,as26fcshj7,gpt-6-astra,GPT 6 Astra,Codex,gpqa-diamond,GPQA Diamond,question-26,rec8y3ZrBOcLgNEkE,GPQA Diamond closed-book question 26 (Physics),longest,1200,1210.3,1.0086,on_time,true,own,,false,false,false,provided,1,1,true,original-stable,true,,,,,,,,,,,,,
2026-09-26-1311Z,3bwpmhebqh,gpt-6-astra,GPT 6 Astra,Codex,gpqa-diamond,GPQA Diamond,question-27,rec260hNUCEj109Dj,GPQA Diamond closed-book question 27 (Physics),shortest,75,82.4,1.0987,on_time,false,own,,false,false,false,provided,1,1,true,original-stable,true,,,,,,,,,,,,,
2026-09-26-1311Z,ewreuvu4xz,gpt-6-astra,GPT 6 Astra,Codex,gpqa-diamond,GPQA Diamond,question-27,rec260hNUCEj109Dj,GPQA Diamond closed-book question 27 (Physics),middle,300,311.5,1.0383,on_time,true,own,,false,false,false,provided,1,1,true,original-stable,true,,,,,,,,,,,,,
2026-09-26-1311Z,7tvwl3nxxt,gpt-6-astra,GPT 6 Astra,Codex,gpqa-diamond,GPQA Diamond,question-27,rec260hNUCEj109Dj,GPQA Diamond closed-book question 27 (Physics),longest,1200,1210.4,1.0087,on_time,true,own,,false,false,false,provided,1,1,true,original-stable,true,,,,,,,,,,,,,
2026-09-26-1311Z,ltv2ekvehu,gpt-6-astra,GPT 6 Astra,Codex,gpqa-diamond,GPQA Diamond,question-28,recS48OsU6kVadBPW,GPQA Diamond closed-book question 28 (Physics),shortest,75,83.3,1.1107,on_time,false,own,,false,false,false,provided,1,1,true,original-stable,true,,,,,,,,,,,,,
2026-09-26-1311Z,xetwvqinez,gpt-6-astra,GPT 6 Astra,Codex,gpqa-diamond,GPQA Diamond,question-28,recS48OsU6kVadBPW,GPQA Diamond closed-book question 28 (Physics),middle,300,311.3,1.0377,on_time,true,own,,false,false,false,provided,1,1,true,original-stable,true,,,,,,,,,,,,,
2026-09-26-1311Z,lkszspvtxf,gpt-6-astra,GPT 6 Astra,Codex,gpqa-diamond,GPQA Diamond,question-28,recS48OsU6kVadBPW,GPQA Diamond closed-book question 28 (Physics),longest,1200,1209.4,1.0078,on_time,true,own,,false,false,false,provided,1,1,true,original-stable,true,,,,,,,,,,,,,
2026-09-26-1311Z,nw4baiqpgg,gpt-6-astra,GPT 6 Astra,Codex,humanitys-last-exam,Humanity's Last Exam,item-1,6724a047d917564737255345,Humanity's Last Exam item 1,shortest,75,142.7,1.9027,late,false,own,,false,false,false,provided,1,1,true,original-stable,true,,,,,,,,,,,,,
2026-09-26-1311Z,sf533f3fm4,gpt-6-astra,GPT 6 Astra,Codex,humanitys-last-exam,Humanity's Last Exam,item-1,6724a047d917564737255345,Humanity's Last Exam item 1,middle,300,314.2,1.0473,on_time,true,own,,false,false,false,provided,1,1,true,original-stable,true,,,,,,,,,,,,,
2026-09-26-1311Z,avbumuuqxj,gpt-6-astra,GPT 6 Astra,Codex,humanitys-last-exam,Humanity's Last Exam,item-1,6724a047d917564737255345,Humanity's Last Exam item 1,longest,1200,1211.2,1.0093,on_time,true,own,,false,false,false,provided,1,1,true,original-stable,true,,,,,,,,,,,,,
2026-09-26-1311Z,j2cmld3boy,gpt-6-astra,GPT 6 Astra,Codex,humanitys-last-exam,Humanity's Last Exam,item-2,6716afcdb8bcd4d88c34cd1d,Humanity's Last Exam item 2,shortest,75,81.1,1.0813,on_time,false,own,,false,false,false,provided,1,1,true,original-stable,true,,,,,,,,,,,,,
2026-09-26-1311Z,os6wdkgokm,gpt-6-astra,GPT 6 Astra,Codex,humanitys-last-exam,Humanity's Last Exam,item-2,6716afcdb8bcd4d88c34cd1d,Humanity's Last Exam item 2,middle,300,313.2,1.044,on_time,true,own,,false,false,false,provided,1,1,true,original-stable,true,,,,,,,,,,,,,
2026-09-26-1311Z,bj4wzmvuhs,gpt-6-astra,GPT 6 Astra,Codex,humanitys-last-exam,Humanity's Last Exam,item-2,6716afcdb8bcd4d88c34cd1d,Humanity's Last Exam item 2,longest,1200,1211.6,1.0097,on_time,true,own,,false,false,false,provided,1,1,true,original-stable,true,,,,,,,,,,,,,
2026-09-26-1311Z,kjzxun66c2,gpt-6-astra,GPT 6 Astra,Codex,humanitys-last-exam,Humanity's Last Exam,item-3,6724f79792419e4380b5686a,Humanity's Last Exam item 3,shortest,75,86.3,1.1507,on_time,false,own,,false,false,false,provided,1,1,true,original-stable,true,,,,,,,,,,,,,
2026-09-26-1311Z,lz53n5ylrp,gpt-6-astra,GPT 6 Astra,Codex,humanitys-last-exam,Humanity's Last Exam,item-3,6724f79792419e4380b5686a,Humanity's Last Exam item 3,middle,300,312.2,1.0407,on_time,true,own,,false,false,false,provided,1,1,true,original-stable,true,,,,,,,,,,,,,
2026-09-26-1311Z,jyqkkxcozh,gpt-6-astra,GPT 6 Astra,Codex,humanitys-last-exam,Humanity's Last Exam,item-3,6724f79792419e4380b5686a,Humanity's Last Exam item 3,longest,1200,1210.9,1.0091,on_time,true,own,,false,false,false,provided,1,1,true,original-stable,true,,,,,,,,,,,,,
2026-09-26-1311Z,urswsjrhvh,gpt-6-astra,GPT 6 Astra,Codex,humanitys-last-exam,Humanity's Last Exam,item-4,67191b3025b51504c14dd870,Humanity's Last Exam item 4,shortest,75,83.3,1.1107,on_time,false,own,,false,false,false,provided,1,1,true,original-stable,true,,,,,,,,,,,,,
2026-09-26-1311Z,obudabwvh6,gpt-6-astra,GPT 6 Astra,Codex,humanitys-last-exam,Humanity's Last Exam,item-4,67191b3025b51504c14dd870,Humanity's Last Exam item 4,middle,300,311,1.0367,on_time,true,own,,false,false,false,provided,1,1,true,original-stable,true,,,,,,,,,,,,,
2026-09-26-1311Z,7scn6sshr7,gpt-6-astra,GPT 6 Astra,Codex,humanitys-last-exam,Humanity's Last Exam,item-4,67191b3025b51504c14dd870,Humanity's Last Exam item 4,longest,1200,1217.5,1.0146,on_time,true,own,,false,false,false,provided,1,1,true,original-stable,true,,,,,,,,,,,,,
2026-09-26-1311Z,7eprlrzpyq,gpt-6-astra,GPT 6 Astra,Codex,humanitys-last-exam,Humanity's Last Exam,item-5,66ffaae1068d942d32104650,Humanity's Last Exam item 5,shortest,75,86.5,1.1533,on_time,false,unlabelled,,true,false,false,not_recorded,0,0,false,original-stable,true,,,,,,,,,,,,,
2026-09-26-1311Z,rekg7v66nb,gpt-6-astra,GPT 6 Astra,Codex,humanitys-last-exam,Humanity's Last Exam,item-5,66ffaae1068d942d32104650,Humanity's Last Exam item 5,middle,300,311.6,1.0387,on_time,true,own,,false,false,false,provided,1,1,true,original-stable,true,,,,,,,,,,,,,
2026-09-26-1311Z,g33t4nm55y,gpt-6-astra,GPT 6 Astra,Codex,humanitys-last-exam,Humanity's Last Exam,item-5,66ffaae1068d942d32104650,Humanity's Last Exam item 5,longest,1200,1211.8,1.0098,on_time,true,own,,false,false,false,provided,1,1,true,original-stable,true,,,,,,,,,,,,,
2026-09-26-1311Z,mhc2yexdaj,gpt-6-astra,GPT 6 Astra,Codex,humanitys-last-exam,Humanity's Last Exam,item-6,670e92583011a5b80bfb6c60,Humanity's Last Exam item 6,shortest,75,84.2,1.1227,on_time,false,own,,false,false,false,provided,1,1,true,original-stable,true,,,,,,,,,,,,,
2026-09-26-1311Z,efehehcckc,gpt-6-astra,GPT 6 Astra,Codex,humanitys-last-exam,Humanity's Last Exam,item-6,670e92583011a5b80bfb6c60,Humanity's Last Exam item 6,middle,300,309.6,1.032,on_time,true,own,,false,false,false,provided,1,1,true,original-stable,true,,,,,,,,,,,,,
2026-09-26-1311Z,rdwjjsy6sd,gpt-6-astra,GPT 6 Astra,Codex,humanitys-last-exam,Humanity's Last Exam,item-6,670e92583011a5b80bfb6c60,Humanity's Last Exam item 6,longest,1200,1212.2,1.0102,on_time,true,own,,false,false,false,provided,1,1,true,original-stable,true,,,,,,,,,,,,,
2026-09-26-1311Z,rt6j3dqgx4,gpt-6-astra,GPT 6 Astra,Codex,humanitys-last-exam,Humanity's Last Exam,item-7,66fcf48f6da31bbbe3d17e72,Humanity's Last Exam item 7,shortest,75,88.6,1.1813,on_time,false,own,,false,false,false,provided,1,1,true,original-stable,true,,,,,,,,,,,,,
2026-09-26-1311Z,nzqig6ste4,gpt-6-astra,GPT 6 Astra,Codex,humanitys-last-exam,Humanity's Last Exam,item-7,66fcf48f6da31bbbe3d17e72,Humanity's Last Exam item 7,middle,300,310.9,1.0363,on_time,true,own,,false,false,false,provided,1,1,true,original-stable,true,,,,,,,,,,,,,
2026-09-26-1311Z,4rt34lraku,gpt-6-astra,GPT 6 Astra,Codex,humanitys-last-exam,Humanity's Last Exam,item-7,66fcf48f6da31bbbe3d17e72,Humanity's Last Exam item 7,longest,1200,1210,1.0083,on_time,true,own,,false,false,false,provided,1,1,true,original-stable,true,,,,,,,,,,,,,
2026-09-26-1311Z,j3ogmog2fv,gpt-6-astra,GPT 6 Astra,Codex,humanitys-last-exam,Humanity's Last Exam,item-8,67169906187dc7ac4a7ae1a8,Humanity's Last Exam item 8,shortest,75,82.6,1.1013,on_time,false,own,,false,false,false,provided,1,1,true,original-stable,true,,,,,,,,,,,,,
2026-09-26-1311Z,dfbcxyszae,gpt-6-astra,GPT 6 Astra,Codex,humanitys-last-exam,Humanity's Last Exam,item-8,67169906187dc7ac4a7ae1a8,Humanity's Last Exam item 8,middle,300,313.1,1.0437,on_time,true,own,,false,false,false,provided,1,1,true,original-stable,true,,,,,,,,,,,,,
2026-09-26-1311Z,izpz4w5vs5,gpt-6-astra,GPT 6 Astra,Codex,humanitys-last-exam,Humanity's Last Exam,item-8,67169906187dc7ac4a7ae1a8,Humanity's Last Exam item 8,longest,1200,1211.8,1.0098,on_time,true,own,,false,false,false,provided,1,1,true,original-stable,true,,,,,,,,,,,,,
2026-09-26-1311Z,rf4j2iqjcl,gpt-6-astra,GPT 6 Astra,Codex,humanitys-last-exam,Humanity's Last Exam,item-9,673818e39b3842b34824240d,Humanity's Last Exam item 9,shortest,75,84,1.12,on_time,false,own,,false,false,false,provided,1,1,true,original-stable,true,,,,,,,,,,,,,
2026-09-26-1311Z,a4nwx2nazp,gpt-6-astra,GPT 6 Astra,Codex,humanitys-last-exam,Humanity's Last Exam,item-9,673818e39b3842b34824240d,Humanity's Last Exam item 9,middle,300,307.4,1.0247,on_time,true,own,,false,false,false,provided,1,1,true,original-stable,true,,,,,,,,,,,,,
2026-09-26-1311Z,sewafh7nyb,gpt-6-astra,GPT 6 Astra,Codex,humanitys-last-exam,Humanity's Last Exam,item-9,673818e39b3842b34824240d,Humanity's Last Exam item 9,longest,1200,1212.8,1.0107,on_time,true,own,,false,false,false,provided,1,1,true,original-stable,true,,,,,,,,,,,,,
2026-09-26-1311Z,6pzaqdojq5,gpt-6-astra,GPT 6 Astra,Codex,humanitys-last-exam,Humanity's Last Exam,item-10,67225b0a9e5897be2aec5257,Humanity's Last Exam item 10,shortest,75,81.2,1.0827,on_time,false,own,,false,false,false,provided,1,1,true,original-stable,true,,,,,,,,,,,,,
2026-09-26-1311Z,m2l6g63spb,gpt-6-astra,GPT 6 Astra,Codex,humanitys-last-exam,Humanity's Last Exam,item-10,67225b0a9e5897be2aec5257,Humanity's Last Exam item 10,middle,300,308.4,1.028,on_time,true,own,,false,false,false,provided,1,1,true,original-stable,true,,,,,,,,,,,,,
2026-09-26-1311Z,ryspn6phzj,gpt-6-astra,GPT 6 Astra,Codex,humanitys-last-exam,Humanity's Last Exam,item-10,67225b0a9e5897be2aec5257,Humanity's Last Exam item 10,longest,1200,1207.3,1.0061,on_time,true,own,,false,false,false,provided,1,1,true,original-stable,true,,,,,,,,,,,,,
2026-09-26-1311Z,vjrvxz5gp7,gpt-6-astra,GPT 6 Astra,Codex,humanitys-last-exam,Humanity's Last Exam,item-11,677da0a433769e54d305f23c,Humanity's Last Exam item 11,shortest,75,84.4,1.1253,on_time,false,own,,false,false,false,provided,1,1,true,original-stable,true,,,,,,,,,,,,,
2026-09-26-1311Z,ipkfekvxeb,gpt-6-astra,GPT 6 Astra,Codex,humanitys-last-exam,Humanity's Last Exam,item-11,677da0a433769e54d305f23c,Humanity's Last Exam item 11,middle,300,308.2,1.0273,on_time,true,own,,false,false,false,provided,1,1,true,original-stable,true,,,,,,,,,,,,,
2026-09-26-1311Z,bhjyeupaht,gpt-6-astra,GPT 6 Astra,Codex,humanitys-last-exam,Humanity's Last Exam,item-11,677da0a433769e54d305f23c,Humanity's Last Exam item 11,longest,1200,1210.4,1.0087,on_time,true,own,,false,false,false,provided,1,1,true,original-stable,true,,,,,,,,,,,,,
2026-09-26-1311Z,amokcsfy3z,gpt-6-astra,GPT 6 Astra,Codex,humanitys-last-exam,Humanity's Last Exam,item-12,671567cd87cd585dc9f613db,Humanity's Last Exam item 12,shortest,75,86.4,1.152,on_time,false,own,,false,false,false,provided,1,1,true,original-stable,true,,,,,,,,,,,,,
2026-09-26-1311Z,w6imbotsee,gpt-6-astra,GPT 6 Astra,Codex,humanitys-last-exam,Humanity's Last Exam,item-12,671567cd87cd585dc9f613db,Humanity's Last Exam item 12,middle,300,319.8,1.066,on_time,false,own,,false,false,false,provided,1,1,true,original-stable,true,,,,,,,,,,,,,
2026-09-26-1311Z,d65gbgtfez,gpt-6-astra,GPT 6 Astra,Codex,humanitys-last-exam,Humanity's Last Exam,item-12,671567cd87cd585dc9f613db,Humanity's Last Exam item 12,longest,1200,1211,1.0092,on_time,true,own,,false,false,false,provided,1,1,true,original-stable,true,,,,,,,,,,,,,
2026-09-26-1311Z,jfl6hrjjen,gpt-6-astra,GPT 6 Astra,Codex,humanitys-last-exam,Humanity's Last Exam,item-13,67249d57d91756473725533a,Humanity's Last Exam item 13,shortest,75,81.4,1.0853,on_time,false,own,,false,false,false,provided,0,0,false,original-stable,true,,,,,,,,,,,,,
2026-09-26-1311Z,v6re4kmsgx,gpt-6-astra,GPT 6 Astra,Codex,humanitys-last-exam,Humanity's Last Exam,item-13,67249d57d91756473725533a,Humanity's Last Exam item 13,middle,300,311.5,1.0383,on_time,true,own,,false,false,false,provided,0,0,false,original-stable,true,,,,,,,,,,,,,
2026-09-26-1311Z,vhwc7a5qle,gpt-6-astra,GPT 6 Astra,Codex,humanitys-last-exam,Humanity's Last Exam,item-13,67249d57d91756473725533a,Humanity's Last Exam item 13,longest,1200,1207.8,1.0065,on_time,true,own,,false,false,false,provided,0,0,false,original-stable,true,,,,,,,,,,,,,
2026-09-26-1311Z,va33oe4scb,gpt-6-astra,GPT 6 Astra,Codex,humanitys-last-exam,Humanity's Last Exam,item-14,66eb894e6feeaea27b557782,Humanity's Last Exam item 14,shortest,75,101.3,1.3507,late,false,own,,false,false,false,provided,0,0,false,original-stable,true,,,,,,,,,,,,,
2026-09-26-1311Z,xbjzmhtsjt,gpt-6-astra,GPT 6 Astra,Codex,humanitys-last-exam,Humanity's Last Exam,item-14,66eb894e6feeaea27b557782,Humanity's Last Exam item 14,middle,300,310.1,1.0337,on_time,true,own,,false,false,false,provided,0,0,false,original-stable,true,,,,,,,,,,,,,
2026-09-26-1311Z,qfu4pgvkhz,gpt-6-astra,GPT 6 Astra,Codex,humanitys-last-exam,Humanity's Last Exam,item-14,66eb894e6feeaea27b557782,Humanity's Last Exam item 14,longest,1200,1212.8,1.0107,on_time,true,own,,false,false,false,provided,0,0,false,original-stable,true,,,,,,,,,,,,,
2026-09-26-1311Z,c3wliwfc67,gpt-6-astra,GPT 6 Astra,Codex,humanitys-last-exam,Humanity's Last Exam,item-15,6717dd24e8666ff79cdd82b0,Humanity's Last Exam item 15,shortest,75,85.7,1.1427,on_time,false,own,,false,false,false,provided,1,1,true,original-stable,true,,,,,,,,,,,,,
2026-09-26-1311Z,x2gtkf47al,gpt-6-astra,GPT 6 Astra,Codex,humanitys-last-exam,Humanity's Last Exam,item-15,6717dd24e8666ff79cdd82b0,Humanity's Last Exam item 15,middle,300,311.5,1.0383,on_time,true,own,,false,false,false,provided,1,1,true,original-stable,true,,,,,,,,,,,,,
2026-09-26-1311Z,msbjpsdtrt,gpt-6-astra,GPT 6 Astra,Codex,humanitys-last-exam,Humanity's Last Exam,item-15,6717dd24e8666ff79cdd82b0,Humanity's Last Exam item 15,longest,1200,1211.4,1.0095,on_time,true,own,,false,false,false,provided,1,1,true,original-stable,true,,,,,,,,,,,,,
2026-09-26-1311Z,7jsg3z6kz3,gpt-6-astra,GPT 6 Astra,Codex,humanitys-last-exam,Humanity's Last Exam,item-16,671ef4bd6edc2afd6995897b,Humanity's Last Exam item 16,shortest,75,89.7,1.196,on_time,false,own,,false,false,false,provided,1,1,true,original-stable,true,,,,,,,,,,,,,
2026-09-26-1311Z,cz3m6swbga,gpt-6-astra,GPT 6 Astra,Codex,humanitys-last-exam,Humanity's Last Exam,item-16,671ef4bd6edc2afd6995897b,Humanity's Last Exam item 16,middle,300,314.8,1.0493,on_time,true,own,,false,false,false,provided,1,1,true,original-stable,true,,,,,,,,,,,,,
2026-09-26-1311Z,al3qtx5tl5,gpt-6-astra,GPT 6 Astra,Codex,humanitys-last-exam,Humanity's Last Exam,item-16,671ef4bd6edc2afd6995897b,Humanity's Last Exam item 16,longest,1200,1211.9,1.0099,on_time,true,own,,false,false,false,provided,1,1,true,original-stable,true,,,,,,,,,,,,,
2026-09-26-1311Z,was4avzpxc,gpt-6-astra,GPT 6 Astra,Codex,humanitys-last-exam,Humanity's Last Exam,item-17,671eeb53c1a668a6c81e5993,Humanity's Last Exam item 17,shortest,75,89.4,1.192,on_time,false,own,,false,false,false,provided,0,0,false,original-stable,true,,,,,,,,,,,,,
2026-09-26-1311Z,iyroi4dgzd,gpt-6-astra,GPT 6 Astra,Codex,humanitys-last-exam,Humanity's Last Exam,item-17,671eeb53c1a668a6c81e5993,Humanity's Last Exam item 17,middle,300,307.9,1.0263,on_time,true,own,,false,false,false,provided,0,0,false,original-stable,true,,,,,,,,,,,,,
2026-09-26-1311Z,25kjg22ml6,gpt-6-astra,GPT 6 Astra,Codex,humanitys-last-exam,Humanity's Last Exam,item-17,671eeb53c1a668a6c81e5993,Humanity's Last Exam item 17,longest,1200,1227.2,1.0227,on_time,true,own,,false,false,false,provided,0,0,false,original-stable,true,,,,,,,,,,,,,
2026-09-26-1311Z,54entn7sg7,gpt-6-astra,GPT 6 Astra,Codex,humanitys-last-exam,Humanity's Last Exam,item-18,66eaa401c7a3252f0f3fe535,Humanity's Last Exam item 18,shortest,75,92.1,1.228,on_time,false,own,,false,false,false,provided,1,1,true,original-stable,true,,,,,,,,,,,,,
2026-09-26-1311Z,bzpyhkupbt,gpt-6-astra,GPT 6 Astra,Codex,humanitys-last-exam,Humanity's Last Exam,item-18,66eaa401c7a3252f0f3fe535,Humanity's Last Exam item 18,middle,300,316.6,1.0553,on_time,false,own,,false,false,false,provided,1,1,true,original-stable,true,,,,,,,,,,,,,
2026-09-26-1311Z,nahfgkarjs,gpt-6-astra,GPT 6 Astra,Codex,humanitys-last-exam,Humanity's Last Exam,item-18,66eaa401c7a3252f0f3fe535,Humanity's Last Exam item 18,longest,1200,1226.3,1.0219,on_time,true,own,,false,false,false,provided,1,1,true,original-stable,true,,,,,,,,,,,,,
2026-09-26-1311Z,blmtwgeo2b,gpt-6-astra,GPT 6 Astra,Codex,humanitys-last-exam,Humanity's Last Exam,item-19,670edc9dbddc0cfe673272c8,Humanity's Last Exam item 19,shortest,75,85.3,1.1373,on_time,false,own,,false,false,false,provided,0,0,false,original-stable,true,,,,,,,,,,,,,
2026-09-26-1311Z,ggseikfasq,gpt-6-astra,GPT 6 Astra,Codex,humanitys-last-exam,Humanity's Last Exam,item-19,670edc9dbddc0cfe673272c8,Humanity's Last Exam item 19,middle,300,309.9,1.033,on_time,true,own,,false,false,false,provided,0,0,false,original-stable,true,,,,,,,,,,,,,
2026-09-26-1311Z,kanioh5wah,gpt-6-astra,GPT 6 Astra,Codex,humanitys-last-exam,Humanity's Last Exam,item-19,670edc9dbddc0cfe673272c8,Humanity's Last Exam item 19,longest,1200,1210.7,1.0089,on_time,true,own,,false,false,false,provided,0,0,false,original-stable,true,,,,,,,,,,,,,
2026-09-26-1311Z,ghwbrox2wy,gpt-6-astra,GPT 6 Astra,Codex,humanitys-last-exam,Humanity's Last Exam,item-20,67364d570965d02f400bb6d2,Humanity's Last Exam item 20,shortest,75,87.1,1.1613,on_time,false,own,,false,false,false,provided,1,1,true,original-stable,true,,,,,,,,,,,,,
2026-09-26-1311Z,dfdlt7wlef,gpt-6-astra,GPT 6 Astra,Codex,humanitys-last-exam,Humanity's Last Exam,item-20,67364d570965d02f400bb6d2,Humanity's Last Exam item 20,middle,300,310.3,1.0343,on_time,true,own,,false,false,false,provided,1,1,true,original-stable,true,,,,,,,,,,,,,
2026-09-26-1311Z,a67uabsca2,gpt-6-astra,GPT 6 Astra,Codex,humanitys-last-exam,Humanity's Last Exam,item-20,67364d570965d02f400bb6d2,Humanity's Last Exam item 20,longest,1200,1212.6,1.0105,on_time,true,own,,false,false,false,provided,1,1,true,original-stable,true,,,,,,,,,,,,,
2026-09-26-1311Z,gia2sc5but,gpt-6-astra,GPT 6 Astra,Codex,humanitys-last-exam,Humanity's Last Exam,item-21,66e9b2899cf8fcf41599246f,Humanity's Last Exam item 21,shortest,75,80.5,1.0733,on_time,false,own,,false,false,false,provided,0,0,false,original-stable,true,,,,,,,,,,,,,
2026-09-26-1311Z,piruycow3k,gpt-6-astra,GPT 6 Astra,Codex,humanitys-last-exam,Humanity's Last Exam,item-21,66e9b2899cf8fcf41599246f,Humanity's Last Exam item 21,middle,300,314.5,1.0483,on_time,true,own,,false,false,false,provided,0,0,false,original-stable,true,,,,,,,,,,,,,
2026-09-26-1311Z,sk2nqjpbxh,gpt-6-astra,GPT 6 Astra,Codex,humanitys-last-exam,Humanity's Last Exam,item-21,66e9b2899cf8fcf41599246f,Humanity's Last Exam item 21,longest,1200,1211.7,1.0098,on_time,true,own,,false,false,false,provided,0,0,false,original-stable,true,,,,,,,,,,,,,
2026-09-26-1311Z,suk7yna3aa,gpt-6-astra,GPT 6 Astra,Codex,humanitys-last-exam,Humanity's Last Exam,item-22,670fb58f2ca6bea76e9354a7,Humanity's Last Exam item 22,shortest,75,84.5,1.1267,on_time,false,own,,false,false,false,provided,1,1,true,original-stable,true,,,,,,,,,,,,,
2026-09-26-1311Z,r5yrztlr6i,gpt-6-astra,GPT 6 Astra,Codex,humanitys-last-exam,Humanity's Last Exam,item-22,670fb58f2ca6bea76e9354a7,Humanity's Last Exam item 22,middle,300,312.3,1.041,on_time,true,own,,false,false,false,provided,1,1,true,original-stable,true,,,,,,,,,,,,,
2026-09-26-1311Z,eamn6fnsq3,gpt-6-astra,GPT 6 Astra,Codex,humanitys-last-exam,Humanity's Last Exam,item-22,670fb58f2ca6bea76e9354a7,Humanity's Last Exam item 22,longest,1200,1213.8,1.0115,on_time,true,own,,false,false,false,provided,1,1,true,original-stable,true,,,,,,,,,,,,,
2026-09-26-1311Z,75ortdmsu4,gpt-6-astra,GPT 6 Astra,Codex,humanitys-last-exam,Humanity's Last Exam,item-23,674761ffca5b554156dc9037,Humanity's Last Exam item 23,shortest,75,82,1.0933,on_time,false,own,,false,false,false,provided,1,1,true,original-stable,true,,,,,,,,,,,,,
2026-09-26-1311Z,2j6iv4x2pq,gpt-6-astra,GPT 6 Astra,Codex,humanitys-last-exam,Humanity's Last Exam,item-23,674761ffca5b554156dc9037,Humanity's Last Exam item 23,middle,300,309,1.03,on_time,true,own,,false,false,false,provided,1,1,true,original-stable,true,,,,,,,,,,,,,
2026-09-26-1311Z,mknu6xwd4s,gpt-6-astra,GPT 6 Astra,Codex,humanitys-last-exam,Humanity's Last Exam,item-23,674761ffca5b554156dc9037,Humanity's Last Exam item 23,longest,1200,1215,1.0125,on_time,true,own,,false,false,false,provided,1,1,true,original-stable,true,,,,,,,,,,,,,
2026-09-26-1311Z,2qsupxlm3x,gpt-6-astra,GPT 6 Astra,Codex,humanitys-last-exam,Humanity's Last Exam,item-24,6721ad631648dda151c2a7ec,Humanity's Last Exam item 24,shortest,75,83.9,1.1187,on_time,false,own,,false,false,false,provided,1,1,true,original-stable,true,,,,,,,,,,,,,
2026-09-26-1311Z,3gpt74leui,gpt-6-astra,GPT 6 Astra,Codex,humanitys-last-exam,Humanity's Last Exam,item-24,6721ad631648dda151c2a7ec,Humanity's Last Exam item 24,middle,300,312.6,1.042,on_time,true,own,,false,false,false,provided,1,1,true,original-stable,true,,,,,,,,,,,,,
2026-09-26-1311Z,mzw22qybui,gpt-6-astra,GPT 6 Astra,Codex,humanitys-last-exam,Humanity's Last Exam,item-24,6721ad631648dda151c2a7ec,Humanity's Last Exam item 24,longest,1200,1217.2,1.0143,on_time,true,own,,false,false,false,provided,1,1,true,original-stable,true,,,,,,,,,,,,,
2026-09-26-1311Z,mom6swksag,gpt-6-astra,GPT 6 Astra,Codex,osworld,OSWorld 2.0,001,001,Defense schedule,shortest,900,993.5,1.1039,on_time,false,own,,false,false,false,not_applicable,1.0,1,true,original-stable,true,,,,,,,,,,,,,
2026-09-26-1311Z,h4t3qrin2n,gpt-6-astra,GPT 6 Astra,Codex,osworld,OSWorld 2.0,001,001,Defense schedule,middle,3600,3629.3,1.0081,on_time,true,own,,false,false,false,not_applicable,0.0,0,false,original-stable,true,,,,,,,,,,,,,
2026-09-26-1311Z,2mh43sskv5,gpt-6-astra,GPT 6 Astra,Codex,osworld,OSWorld 2.0,001,001,Defense schedule,longest,15000,15134.3,1.009,on_time,true,own,,false,false,false,not_applicable,1.0,1,true,original-stable,true,,,,,,,,,,,,,
2026-09-26-1311Z,mbppzfvo7c,gpt-6-astra,GPT 6 Astra,Codex,osworld,OSWorld 2.0,010,010,Reimbursement package,shortest,900,954.3,1.0603,on_time,false,own,,false,false,false,not_applicable,0,0,false,original-stable,true,,,,,,,,,,,,,
2026-09-26-1311Z,c34xsqolzh,gpt-6-astra,GPT 6 Astra,Codex,osworld,OSWorld 2.0,010,010,Reimbursement package,middle,3600,3674.4,1.0207,on_time,true,own,,false,false,false,not_applicable,0,0,false,original-stable,true,,,,,,,,,,,,,
2026-09-26-1311Z,7btzdcbmsi,gpt-6-astra,GPT 6 Astra,Codex,osworld,OSWorld 2.0,010,010,Reimbursement package,longest,15000,15043.5,1.0029,on_time,true,own,,false,false,false,not_applicable,0,0,false,original-stable,true,,,,,,,,,,,,,
2026-09-26-1311Z,l5abxdvm4j,gpt-6-astra,GPT 6 Astra,Codex,osworld,OSWorld 2.0,029,029,Local event booking QA,shortest,900,1118.5,1.2428,on_time,false,own,,false,false,false,not_applicable,1.0,1,true,original-stable,true,,,,,,,,,,,,,
2026-09-26-1311Z,ei6t75j4np,gpt-6-astra,GPT 6 Astra,Codex,osworld,OSWorld 2.0,029,029,Local event booking QA,middle,3600,3708.5,1.0301,on_time,true,own,,false,false,false,not_applicable,0.9393939393939394,0.9393939393939394,false,original-stable,true,,,,,,,,,,,,,
2026-09-26-1311Z,4hns5pcwin,gpt-6-astra,GPT 6 Astra,Codex,osworld,OSWorld 2.0,029,029,Local event booking QA,longest,15000,15156.7,1.0104,on_time,true,own,,false,false,false,not_applicable,0.9393939393939394,0.9393939393939394,false,original-stable,true,,,,,,,,,,,,,
2026-09-26-1311Z,gdhlkdjdpo,gpt-6-astra,GPT 6 Astra,Codex,osworld,OSWorld 2.0,038,038,CRM leads,shortest,900,1574.4,1.7493,late,false,own,,false,false,false,not_applicable,0.9517,0.9517,false,original-stable,true,,,,,,,,,,,,,
2026-09-26-1311Z,xqvufn3apg,gpt-6-astra,GPT 6 Astra,Codex,osworld,OSWorld 2.0,038,038,CRM leads,middle,3600,3647.7,1.0133,on_time,true,own,,false,false,false,not_applicable,0.3,0.3,false,original-stable,true,,,,,,,,,,,,,
2026-09-26-1311Z,xkmj6haeyn,gpt-6-astra,GPT 6 Astra,Codex,osworld,OSWorld 2.0,038,038,CRM leads,longest,15000,15135,1.009,on_time,true,own,,false,false,false,not_applicable,0.9517,0.9517,false,original-stable,true,,,,,,,,,,,,,
2026-09-26-1311Z,wyuah5ocbm,gpt-6-astra,GPT 6 Astra,Codex,osworld,OSWorld 2.0,043,043,Twenty recurring meetings,shortest,900,1114.4,1.2382,on_time,false,own,,false,false,false,not_applicable,0.625,0.625,false,original-stable,true,,,,,,,,,,,,,
2026-09-26-1311Z,ha6hheyq2e,gpt-6-astra,GPT 6 Astra,Codex,osworld,OSWorld 2.0,043,043,Twenty recurring meetings,middle,3600,3776,1.0489,on_time,true,own,,false,false,false,not_applicable,0.625,0.625,false,original-stable,true,,,,,,,,,,,,,
2026-09-26-1311Z,uevcnmfcab,gpt-6-astra,GPT 6 Astra,Codex,osworld,OSWorld 2.0,043,043,Twenty recurring meetings,longest,15000,15062.1,1.0041,on_time,true,own,,false,false,false,not_applicable,0.625,0.625,false,original-stable,true,,,,,,,,,,,,,
2026-09-26-1311Z,2fsyo2dojf,gpt-6-astra,GPT 6 Astra,Codex,osworld,OSWorld 2.0,046,046,"Invoices, photos, and email",shortest,900,1550.8,1.7231,late,false,own,,false,false,false,not_applicable,1,1,true,original-stable,true,,,,,,,,,,,,,
2026-09-26-1311Z,64ydiay4dy,gpt-6-astra,GPT 6 Astra,Codex,osworld,OSWorld 2.0,046,046,"Invoices, photos, and email",middle,3600,3684.1,1.0234,on_time,true,own,,false,false,false,not_applicable,1,1,true,original-stable,true,,,,,,,,,,,,,
2026-09-26-1311Z,fbpt5bu6gr,gpt-6-astra,GPT 6 Astra,Codex,osworld,OSWorld 2.0,046,046,"Invoices, photos, and email",longest,15000,15271.4,1.0181,on_time,true,own,,false,false,false,not_applicable,1,1,true,original-stable,true,,,,,,,,,,,,,
2026-09-26-1311Z,uygbjog4xn,gpt-6-astra,GPT 6 Astra,Codex,osworld,OSWorld 2.0,051,051,GIMP composite,shortest,900,938.5,1.0428,on_time,true,own,,false,false,false,not_applicable,0.8,0.8,false,original-stable,true,,,,,,,,,,,,,
2026-09-26-1311Z,oczv2ct7yo,gpt-6-astra,GPT 6 Astra,Codex,osworld,OSWorld 2.0,051,051,GIMP composite,middle,3600,3818.8,1.0608,on_time,false,own,,false,false,false,not_applicable,0.8,0.8,false,original-stable,true,,,,,,,,,,,,,
2026-09-26-1311Z,onj42kpvgz,gpt-6-astra,GPT 6 Astra,Codex,osworld,OSWorld 2.0,051,051,GIMP composite,longest,15000,15053,1.0035,on_time,true,own,,false,false,false,not_applicable,0.8,0.8,false,original-stable,true,,,,,,,,,,,,,
2026-09-26-1311Z,pqz2daadfb,gpt-6-astra,GPT 6 Astra,Codex,osworld,OSWorld 2.0,059,059,GeoGebra vase and volume,shortest,900,1433.3,1.5926,late,false,own,,false,false,false,not_applicable,0.2,0.2,false,original-stable,true,,,,,,,,,,,,,
2026-09-26-1311Z,wkz2kuzd4o,gpt-6-astra,GPT 6 Astra,Codex,osworld,OSWorld 2.0,059,059,GeoGebra vase and volume,middle,3600,3650.3,1.014,on_time,true,own,,false,false,false,not_applicable,0.2,0.2,false,original-stable,true,,,,,,,,,,,,,
2026-09-26-1311Z,v6xvqlrehk,gpt-6-astra,GPT 6 Astra,Codex,osworld,OSWorld 2.0,059,059,GeoGebra vase and volume,longest,15000,15153.8,1.0103,on_time,true,own,,false,false,false,not_applicable,0.2,0.2,false,original-stable,true,,,,,,,,,,,,,
2026-09-26-1311Z,sfdundkuqg,gpt-6-astra,GPT 6 Astra,Codex,osworld,OSWorld 2.0,067,067,MuseScore transcription,shortest,900,1146.2,1.2736,late,false,own,,false,false,false,not_applicable,0.7344,0.7344,false,original-stable,true,,,,,,,,,,,,,
2026-09-26-1311Z,icfpqvlspy,gpt-6-astra,GPT 6 Astra,Codex,osworld,OSWorld 2.0,067,067,MuseScore transcription,middle,3600,3677.5,1.0215,on_time,true,own,,false,false,false,not_applicable,0.8281,0.8281,false,original-stable,true,,,,,,,,,,,,,
2026-09-26-1311Z,6huvyfyyhy,gpt-6-astra,GPT 6 Astra,Codex,osworld,OSWorld 2.0,067,067,MuseScore transcription,longest,15000,15117.8,1.0079,on_time,true,own,,false,false,false,not_applicable,0.8594,0.8594,false,original-stable,true,,,,,,,,,,,,,
2026-09-26-1311Z,dx42n5mmrq,gpt-6-astra,GPT 6 Astra,Codex,osworld,OSWorld 2.0,083,083,"Zotero, Obsidian, and BibTeX",shortest,900,1210.9,1.3454,late,false,own,,false,false,false,not_applicable,0.9900000000000001,0.9900000000000001,false,original-stable,true,,,,,,,,,,,,,
2026-09-26-1311Z,6ib6yn5rxb,gpt-6-astra,GPT 6 Astra,Codex,osworld,OSWorld 2.0,083,083,"Zotero, Obsidian, and BibTeX",middle,3600,4459.8,1.2388,on_time,false,own,,false,false,false,not_applicable,0.7900000000000001,0.7900000000000001,false,original-stable,true,,,,,,,,,,,,,
2026-09-26-1311Z,ka657s3ugk,gpt-6-astra,GPT 6 Astra,Codex,osworld,OSWorld 2.0,083,083,"Zotero, Obsidian, and BibTeX",longest,15000,15059.5,1.004,on_time,true,own,,false,false,false,not_applicable,0.7800000000000001,0.7800000000000001,false,original-stable,true,,,,,,,,,,,,,
2026-09-26-1311Z,hjunbc6ybs,gpt-6-astra,GPT 6 Astra,Codex,osworld,OSWorld 2.0,084,084,JSFX and REAPER render,shortest,900,1691.9,1.8799,late,false,own,,false,false,false,not_applicable,0.9999898000000003,0.9999898000000003,true,original-stable,true,,,,,,,,,,,,,
2026-09-26-1311Z,quiiyymtbl,gpt-6-astra,GPT 6 Astra,Codex,osworld,OSWorld 2.0,084,084,JSFX and REAPER render,middle,3600,3663.3,1.0176,on_time,true,own,,false,false,false,not_applicable,0.9999898000000003,0.9999898000000003,true,original-stable,true,,,,,,,,,,,,,
2026-09-26-1311Z,targgth5ah,gpt-6-astra,GPT 6 Astra,Codex,osworld,OSWorld 2.0,084,084,JSFX and REAPER render,longest,15000,15080.8,1.0054,on_time,true,own,,false,false,false,not_applicable,0.9999898000000003,0.9999898000000003,true,original-stable,true,,,,,,,,,,,,,
2026-09-26-1311Z,7pbjfwrvtq,gpt-6-astra,GPT 6 Astra,Codex,osworld,OSWorld 2.0,085,085,Radio bumper,shortest,900,1349.1,1.499,late,false,own,,false,false,false,not_applicable,0.68,0.68,false,original-stable,true,,,,,,,,,,,,,
2026-09-26-1311Z,zjtcloatau,gpt-6-astra,GPT 6 Astra,Codex,osworld,OSWorld 2.0,085,085,Radio bumper,middle,3600,3691.6,1.0254,on_time,true,own,,false,false,false,not_applicable,0.68,0.68,false,original-stable,true,,,,,,,,,,,,,
2026-09-26-1311Z,cdmlldzqr4,gpt-6-astra,GPT 6 Astra,Codex,osworld,OSWorld 2.0,085,085,Radio bumper,longest,15000,15089.2,1.0059,on_time,true,own,,false,false,false,not_applicable,0.68,0.68,false,original-stable,true,,,,,,,,,,,,,
2026-09-26-1311Z,2cwci6ntjc,gpt-6-astra,GPT 6 Astra,Codex,osworld,OSWorld 2.0,088,088,"Calc macros, contracts, and emails",shortest,900,1268.8,1.4098,late,false,own,,false,false,false,not_applicable,1.0,1,true,original-stable,true,,,,,,,,,,,,,
2026-09-26-1311Z,yrtzainqxq,gpt-6-astra,GPT 6 Astra,Codex,osworld,OSWorld 2.0,088,088,"Calc macros, contracts, and emails",middle,3600,3760.6,1.0446,on_time,true,own,,false,false,false,not_applicable,1.0,1,true,original-stable,true,,,,,,,,,,,,,
2026-09-26-1311Z,kyroghwcvq,gpt-6-astra,GPT 6 Astra,Codex,osworld,OSWorld 2.0,088,088,"Calc macros, contracts, and emails",longest,15000,15086.2,1.0057,on_time,true,own,,false,false,false,not_applicable,1.0,1,true,original-stable,true,,,,,,,,,,,,,
2026-09-26-1311Z,nquoasjmqv,gpt-6-astra,GPT 6 Astra,Codex,osworld,OSWorld 2.0,092,092,Blender logo and Impress,shortest,900,2732.9,3.0366,late,false,own,,false,false,false,not_applicable,0.7,0.7,false,original-stable,true,,,,,,,,,,,,,
2026-09-26-1311Z,v66makxlfu,gpt-6-astra,GPT 6 Astra,Codex,osworld,OSWorld 2.0,092,092,Blender logo and Impress,middle,3600,3610.4,1.0029,on_time,true,own,,false,false,false,not_applicable,0.8,0.8,false,original-stable,true,,,,,,,,,,,,,
2026-09-26-1311Z,5vgr4o5hnt,gpt-6-astra,GPT 6 Astra,Codex,osworld,OSWorld 2.0,092,092,Blender logo and Impress,longest,15000,15076.8,1.0051,on_time,true,own,,false,false,false,not_applicable,0.8,0.8,false,original-stable,true,,,,,,,,,,,,,
2026-09-26-1311Z,nzmba3wikj,gpt-6-astra,GPT 6 Astra,Codex,osworld,OSWorld 2.0,103,103,FreeCAD bracket,shortest,900,1178.2,1.3091,late,false,own,,false,false,false,not_applicable,0.9831402930265665,0.9831402930265665,false,original-stable,true,,,,,,,,,,,,,
2026-09-26-1311Z,bkm5eal3ps,gpt-6-astra,GPT 6 Astra,Codex,osworld,OSWorld 2.0,103,103,FreeCAD bracket,middle,3600,3725.9,1.035,on_time,true,own,,false,false,false,not_applicable,0.9915004017890898,0.9915004017890898,false,original-stable,true,,,,,,,,,,,,,
2026-09-26-1311Z,7lxpsgxk2r,gpt-6-astra,GPT 6 Astra,Codex,osworld,OSWorld 2.0,103,103,FreeCAD bracket,longest,15000,15085.6,1.0057,on_time,true,own,,false,false,false,not_applicable,0.9915592003815179,0.9915592003815179,false,original-stable,true,,,,,,,,,,,,,
2026-09-26-1311Z,7d6ddvwe5j,gpt-6-astra,GPT 6 Astra,Codex,osworld,OSWorld 2.0,108,108,KiCad schematic and PCB,shortest,900,1150.4,1.2782,late,false,own,,false,false,false,not_applicable,0.363793,0.363793,false,original-stable,true,,,,,,,,,,,,,
2026-09-26-1311Z,kxtegt5x6g,gpt-6-astra,GPT 6 Astra,Codex,osworld,OSWorld 2.0,108,108,KiCad schematic and PCB,middle,3600,3964.3,1.1012,on_time,false,own,,false,false,false,not_applicable,0.8125,0.8125,false,original-stable,true,,,,,,,,,,,,,
2026-09-26-1311Z,dvvppshmvz,gpt-6-astra,GPT 6 Astra,Codex,osworld,OSWorld 2.0,108,108,KiCad schematic and PCB,longest,15000,15062,1.0041,on_time,true,own,,false,false,false,not_applicable,0.9375,0.9375,false,original-stable,true,,,,,,,,,,,,,
2026-09-26-1311Z,2vbng5ngfj,gpt-6-astra,GPT 6 Astra,Codex,pptarena,PPTArena,17,17,Coordinated category boards,shortest,90,188.4,2.0933,late,false,own,,false,false,false,not_applicable,"Instructions 2.00 of 5, visuals 4.00 of 5",,,original-stable,true,,,,,,,,,,,,,
2026-09-26-1311Z,jyr2jjuveh,gpt-6-astra,GPT 6 Astra,Codex,pptarena,PPTArena,17,17,Coordinated category boards,middle,360,379.2,1.0533,on_time,false,own,,false,false,false,not_applicable,"Instructions 3.00 of 5, visuals 5.00 of 5",,,original-stable,true,,,,,,,,,,,,,
2026-09-26-1311Z,7gdw35uu4j,gpt-6-astra,GPT 6 Astra,Codex,pptarena,PPTArena,17,17,Coordinated category boards,longest,1500,1513.5,1.009,on_time,true,own,,false,false,false,not_applicable,"Instructions 2.00 of 5, visuals 4.00 of 5",,,original-stable,true,,,,,,,,,,,,,
2026-09-26-1311Z,4zmqgjsilb,gpt-6-astra,GPT 6 Astra,Codex,pptarena,PPTArena,67,67,Accessibility and master cleanup,shortest,90,125.1,1.39,late,false,own,,false,false,false,not_applicable,"Instructions 1.00 of 5, visuals 5.00 of 5",,,original-stable,true,,,,,,,,,,,,,
2026-09-26-1311Z,nlwupn5fwm,gpt-6-astra,GPT 6 Astra,Codex,pptarena,PPTArena,67,67,Accessibility and master cleanup,middle,360,372.5,1.0347,on_time,true,own,,false,false,false,not_applicable,"Instructions 1.00 of 5, visuals 5.00 of 5",,,original-stable,true,,,,,,,,,,,,,
2026-09-26-1311Z,2ckmbf36co,gpt-6-astra,GPT 6 Astra,Codex,pptarena,PPTArena,67,67,Accessibility and master cleanup,longest,1500,1528.9,1.0193,on_time,true,own,,false,false,false,not_applicable,"Instructions 1.00 of 5, visuals 4.00 of 5",,,original-stable,true,,,,,,,,,,,,,
2026-09-26-1311Z,znuexbiu4h,gpt-6-astra,GPT 6 Astra,Codex,pptarena,PPTArena,68,68,Swimlane process diagram,shortest,90,104.2,1.1578,on_time,false,own,,false,false,false,not_applicable,"Instructions 2.00 of 5, visuals 5.00 of 5",,,original-stable,true,,,,,,,,,,,,,
2026-09-26-1311Z,uoy5f2svwg,gpt-6-astra,GPT 6 Astra,Codex,pptarena,PPTArena,68,68,Swimlane process diagram,middle,360,379.8,1.055,on_time,false,own,,false,false,false,not_applicable,"Instructions 3.00 of 5, visuals 4.00 of 5",,,original-stable,true,,,,,,,,,,,,,
2026-09-26-1311Z,dm6zuk6zt4,gpt-6-astra,GPT 6 Astra,Codex,pptarena,PPTArena,68,68,Swimlane process diagram,longest,1500,1513.7,1.0091,on_time,true,own,,false,false,false,not_applicable,"Instructions 3.00 of 5, visuals 5.00 of 5",,,original-stable,true,,,,,,,,,,,,,
2026-09-26-1311Z,wmldjsxzaf,gpt-6-astra,GPT 6 Astra,Codex,pptarena,PPTArena,75,75,Grid and baseline rhythm,shortest,90,105.5,1.1722,on_time,false,own,,false,false,false,not_applicable,"Instructions 2.00 of 5, visuals 2.00 of 5",,,original-stable,true,,,,,,,,,,,,,
2026-09-26-1311Z,vp75wye5ab,gpt-6-astra,GPT 6 Astra,Codex,pptarena,PPTArena,75,75,Grid and baseline rhythm,middle,360,377,1.0472,on_time,true,own,,false,false,false,not_applicable,"Instructions 2.00 of 5, visuals 2.00 of 5",,,original-stable,true,,,,,,,,,,,,,
2026-09-26-1311Z,ecvef6qbtf,gpt-6-astra,GPT 6 Astra,Codex,pptarena,PPTArena,75,75,Grid and baseline rhythm,longest,1500,1538.8,1.0259,on_time,true,own,,false,false,false,not_applicable,"Instructions 2.00 of 5, visuals 3.00 of 5",,,original-stable,true,,,,,,,,,,,,,
2026-09-26-1311Z,4ksfrfu7mm,gpt-6-astra,GPT 6 Astra,Codex,pptarena,PPTArena,80,80,Theme and backgrounds across 28 slides,shortest,90,250.9,2.7878,late,false,own,,false,false,false,not_applicable,"Instructions 4.00 of 5, visuals 4.00 of 5",,,original-stable,true,,,,,,,,,,,,,
2026-09-26-1311Z,6dya5strnt,gpt-6-astra,GPT 6 Astra,Codex,pptarena,PPTArena,80,80,Theme and backgrounds across 28 slides,middle,360,404.6,1.1239,on_time,false,own,,false,false,false,not_applicable,"Instructions 4.00 of 5, visuals 4.00 of 5",,,original-stable,true,,,,,,,,,,,,,
2026-09-26-1311Z,kkhhg2a5nu,gpt-6-astra,GPT 6 Astra,Codex,pptarena,PPTArena,80,80,Theme and backgrounds across 28 slides,longest,1500,1537.8,1.0252,on_time,true,own,,false,false,false,not_applicable,"Instructions 5.00 of 5, visuals 4.00 of 5",,,original-stable,true,,,,,,,,,,,,,
2026-09-26-1311Z,wf2aysbr4w,gpt-6-astra,GPT 6 Astra,Codex,pptarena,PPTArena,85,85,Arabic translation and layout,shortest,90,281.1,3.1233,late,false,own,,false,false,false,not_applicable,"Instructions 2.00 of 5, visuals 4.00 of 5",,,original-stable,true,,,,,,,,,,,,,
2026-09-26-1311Z,hcmosgxpcp,gpt-6-astra,GPT 6 Astra,Codex,pptarena,PPTArena,85,85,Arabic translation and layout,middle,360,376,1.0444,on_time,true,own,,false,false,false,not_applicable,"Instructions 2.00 of 5, visuals 3.00 of 5",,,original-stable,true,,,,,,,,,,,,,
2026-09-26-1311Z,2xwcquej7h,gpt-6-astra,GPT 6 Astra,Codex,pptarena,PPTArena,85,85,Arabic translation and layout,longest,1500,2213,1.4753,late,false,own,,false,false,false,not_applicable,"Instructions 2.00 of 5, visuals 4.00 of 5",,,original-stable,true,,,,,,,,,,,,,
2026-09-26-1311Z,recqlwyl5y,gpt-6-astra,GPT 6 Astra,Codex,pptarena,PPTArena,89,89,Animal Research poster,shortest,90,140.8,1.5644,late,false,own,,false,false,false,not_applicable,"Instructions 2.00 of 5, visuals 3.00 of 5",,,original-stable,true,,,,,,,,,,,,,
2026-09-26-1311Z,6t5teuqxc2,gpt-6-astra,GPT 6 Astra,Codex,pptarena,PPTArena,89,89,Animal Research poster,middle,360,374.6,1.0406,on_time,true,own,,false,false,false,not_applicable,"Instructions 2.00 of 5, visuals 3.00 of 5",,,original-stable,true,,,,,,,,,,,,,
2026-09-26-1311Z,e65zc3hoxk,gpt-6-astra,GPT 6 Astra,Codex,pptarena,PPTArena,89,89,Animal Research poster,longest,1500,1532,1.0213,on_time,true,own,,false,false,false,not_applicable,"Instructions 1.00 of 5, visuals 2.00 of 5",,,original-stable,true,,,,,,,,,,,,,
2026-09-26-1311Z,rg7sdr3kfs,gpt-6-astra,GPT 6 Astra,Codex,pptarena,PPTArena,93,93,Copernicus climate multi-edit cascade,shortest,90,138.5,1.5389,late,false,own,,false,false,false,not_applicable,"Instructions 3.00 of 5, visuals 4.00 of 5",,,original-stable,true,,,,,,,,,,,,,
2026-09-26-1311Z,3mml4u3gs6,gpt-6-astra,GPT 6 Astra,Codex,pptarena,PPTArena,93,93,Copernicus climate multi-edit cascade,middle,360,378.1,1.0503,on_time,false,own,,false,false,false,not_applicable,"Instructions 3.00 of 5, visuals 2.00 of 5",,,original-stable,true,,,,,,,,,,,,,
2026-09-26-1311Z,4jbuysehp5,gpt-6-astra,GPT 6 Astra,Codex,pptarena,PPTArena,93,93,Copernicus climate multi-edit cascade,longest,1500,1516.7,1.0111,on_time,true,own,,false,false,false,not_applicable,"Instructions 3.00 of 5, visuals 4.00 of 5",,,original-stable,true,,,,,,,,,,,,,
2026-09-26-1311Z,qpjnunbnta,gpt-6-astra,GPT 6 Astra,Codex,pptarena,PPTArena,97,97,LaTeX to editable Office Math,shortest,90,274.4,3.0489,late,false,own,,false,false,false,not_applicable,"Instructions 5.00 of 5, visuals 2.00 of 5",,,original-stable,true,,,,,,,,,,,,,
2026-09-26-1311Z,giubjc5iud,gpt-6-astra,GPT 6 Astra,Codex,pptarena,PPTArena,97,97,LaTeX to editable Office Math,middle,360,378.1,1.0503,on_time,false,own,,false,false,false,not_applicable,"Instructions 2.00 of 5, visuals 5.00 of 5",,,original-stable,true,,,,,,,,,,,,,
2026-09-26-1311Z,2bvsneoowi,gpt-6-astra,GPT 6 Astra,Codex,pptarena,PPTArena,97,97,LaTeX to editable Office Math,longest,1500,1543.7,1.0291,on_time,true,own,,false,false,false,not_applicable,"Instructions 5.00 of 5, visuals 4.00 of 5",,,original-stable,true,,,,,,,,,,,,,
2026-09-26-1311Z,d32uhtewy2,gpt-6-astra,GPT 6 Astra,Codex,pptarena,PPTArena,100,100,Animation and bullet sequencing,shortest,90,102,1.1333,on_time,false,own,,false,false,false,not_applicable,"Instructions 3.00 of 5, visuals 5.00 of 5",,,original-stable,true,,,,,,,,,,,,,
2026-09-26-1311Z,nai4mb5ylw,gpt-6-astra,GPT 6 Astra,Codex,pptarena,PPTArena,100,100,Animation and bullet sequencing,middle,360,376.9,1.0469,on_time,true,own,,false,false,false,not_applicable,"Instructions 3.00 of 5, visuals 5.00 of 5",,,original-stable,true,,,,,,,,,,,,,
2026-09-26-1311Z,nwpj2572wr,gpt-6-astra,GPT 6 Astra,Codex,pptarena,PPTArena,100,100,Animation and bullet sequencing,longest,1500,1543.5,1.029,on_time,true,own,,false,false,false,not_applicable,"Instructions 3.00 of 5, visuals 4.00 of 5",,,original-stable,true,,,,,,,,,,,,,
2026-09-26-1311Z,vtq4645guk,gpt-6-astra,GPT 6 Astra,Codex,paperbench,PaperBench,bridging-data-gaps,bridging-data-gaps,Bridging Data Gaps,shortest,750,759.3,1.0124,on_time,true,own,,false,false,false,not_applicable,Not graded,,,original-stable,true,,,,,,,,,,,,,
2026-09-26-1311Z,v5f4uww7vz,gpt-6-astra,GPT 6 Astra,Codex,paperbench,PaperBench,bridging-data-gaps,bridging-data-gaps,Bridging Data Gaps,middle,3000,3038.3,1.0128,on_time,true,own,,false,false,false,not_applicable,Not graded,,,original-stable,true,,,,,,,,,,,,,
2026-09-26-1311Z,2gluj54dpi,gpt-6-astra,GPT 6 Astra,Codex,paperbench,PaperBench,bridging-data-gaps,bridging-data-gaps,Bridging Data Gaps,longest,12000,12032.5,1.0027,on_time,true,own,,false,false,false,not_applicable,Not graded,,,original-stable,true,,,,,,,,,,,,,
2026-09-26-1311Z,fv5tvuszzl,gpt-6-astra,GPT 6 Astra,Codex,paperbench,PaperBench,fre,fre,FRE,shortest,600,609.2,1.0153,on_time,true,own,,false,false,false,not_applicable,0.44631869764222704,0.44631869764222704,,original-stable,true,,,,,,,,,,,,,
2026-09-26-1311Z,vlt7egbn6w,gpt-6-astra,GPT 6 Astra,Codex,paperbench,PaperBench,fre,fre,FRE,middle,2400,2499,1.0413,on_time,true,own,,false,false,false,not_applicable,0.3971982755806285,0.3971982755806285,,original-stable,true,,,,,,,,,,,,,
2026-09-26-1311Z,lodgly6wqy,gpt-6-astra,GPT 6 Astra,Codex,paperbench,PaperBench,fre,fre,FRE,longest,9000,9033,1.0037,on_time,true,own,,false,false,false,not_applicable,Not graded,,,original-stable,true,,,,,,,,,,,,,
2026-09-26-1311Z,gnf5gnfqr3,gpt-6-astra,GPT 6 Astra,Codex,paperbench,PaperBench,bam,bam,BAM,shortest,300,308.3,1.0277,on_time,true,unlabelled,,false,false,false,not_applicable,0.7595670067152375,0.7595670067152375,,original-stable,true,,,,,,,,,,,,,
2026-09-26-1311Z,hrgpd7irqu,gpt-6-astra,GPT 6 Astra,Codex,paperbench,PaperBench,bam,bam,BAM,middle,1200,1210.4,1.0087,on_time,true,own,,false,false,false,not_applicable,Not graded,,,original-stable,true,,,,,,,,,,,,,
2026-09-26-1311Z,dmudbd6km7,gpt-6-astra,GPT 6 Astra,Codex,paperbench,PaperBench,bam,bam,BAM,longest,4800,4833.2,1.0069,on_time,true,own,,false,false,false,not_applicable,0,0,,original-stable,true,,,,,,,,,,,,,
2026-09-26-1311Z,xw2ro5i3i6,gpt-6-astra,GPT 6 Astra,Codex,programbench,ProgramBench,cweill-gotests,cweill__gotests.2a672c5,cweill/gotests,shortest,750,773.1,1.0308,on_time,true,own,,false,false,false,not_applicable,0.6451077943615257,0.6451077943615257,false,original-stable,true,,,,,,,,,,,,,
2026-09-26-1311Z,vb5qxjkxza,gpt-6-astra,GPT 6 Astra,Codex,programbench,ProgramBench,cweill-gotests,cweill__gotests.2a672c5,cweill/gotests,middle,3000,3038.1,1.0127,on_time,true,unlabelled,,false,false,false,not_applicable,0.814262023217247,0.814262023217247,false,original-stable,true,,,,,,,,,,,,,
2026-09-26-1311Z,mmxmlr5ubq,gpt-6-astra,GPT 6 Astra,Codex,programbench,ProgramBench,cweill-gotests,cweill__gotests.2a672c5,cweill/gotests,longest,12000,12059.9,1.005,on_time,true,unlabelled,,false,false,false,not_applicable,0.7313432835820896,0.7313432835820896,false,original-stable,true,,,,,,,,,,,,,
2026-09-26-1311Z,gu5mdpb6g5,gpt-6-astra,GPT 6 Astra,Codex,programbench,ProgramBench,noborus-trdsql,noborus__trdsql.d8c5ff6,noborus/trdsql,shortest,750,764.5,1.0193,on_time,true,unlabelled,,false,false,false,not_applicable,0.8961318051575932,0.8961318051575932,false,original-stable,true,,,,,,,,,,,,,
2026-09-26-1311Z,yd6g4nlfk2,gpt-6-astra,GPT 6 Astra,Codex,programbench,ProgramBench,noborus-trdsql,noborus__trdsql.d8c5ff6,noborus/trdsql,middle,3000,3038.3,1.0128,on_time,true,unlabelled,,false,false,false,not_applicable,0.8218543046357616,0.8218543046357616,false,original-stable,true,,,,,,,,,,,,,
2026-09-26-1311Z,eekayk2v75,gpt-6-astra,GPT 6 Astra,Codex,programbench,ProgramBench,noborus-trdsql,noborus__trdsql.d8c5ff6,noborus/trdsql,longest,12000,12035.8,1.003,on_time,true,unlabelled,,false,false,false,not_applicable,0.9033957845433255,0.9033957845433255,false,original-stable,true,,,,,,,,,,,,,
2026-09-26-1311Z,eprylqh7dd,gpt-6-astra,GPT 6 Astra,Codex,programbench,ProgramBench,rcoh-angle-grinder,rcoh__angle-grinder.9c2fc88,rcoh/angle-grinder,shortest,900,915.3,1.017,on_time,true,unlabelled,,false,false,false,not_applicable,0.6108156028368794,0.6108156028368794,false,original-stable,true,,,,,,,,,,,,,
2026-09-26-1311Z,xfijhgkey3,gpt-6-astra,GPT 6 Astra,Codex,programbench,ProgramBench,rcoh-angle-grinder,rcoh__angle-grinder.9c2fc88,rcoh/angle-grinder,middle,3600,3653.9,1.015,on_time,true,unlabelled,,false,false,false,not_applicable,0.7012411347517731,0.7012411347517731,false,original-stable,true,,,,,,,,,,,,,
2026-09-26-1311Z,bl7mxi7qsi,gpt-6-astra,GPT 6 Astra,Codex,programbench,ProgramBench,rcoh-angle-grinder,rcoh__angle-grinder.9c2fc88,rcoh/angle-grinder,longest,15000,15019.2,1.0013,on_time,true,own,,false,false,false,not_applicable,0.6329787234042553,0.6329787234042553,false,original-stable,true,,,,,,,,,,,,,
2026-09-26-1311Z,urpmpgs224,gpt-6-astra,GPT 6 Astra,Codex,programbench,ProgramBench,nuta-nsh,nuta__nsh.bdd0702,nuta/nsh,shortest,750,759,1.012,on_time,true,unlabelled,,false,false,false,not_applicable,0.872544080604534,0.872544080604534,false,original-stable,true,,,,,,,,,,,,,
2026-09-26-1311Z,cjqethd7d7,gpt-6-astra,GPT 6 Astra,Codex,programbench,ProgramBench,nuta-nsh,nuta__nsh.bdd0702,nuta/nsh,middle,3000,3017.6,1.0059,on_time,true,unlabelled,,false,false,false,not_applicable,0.8701902748414376,0.8701902748414376,false,original-stable,true,,,,,,,,,,,,,
2026-09-26-1311Z,phawrcw5bw,gpt-6-astra,GPT 6 Astra,Codex,programbench,ProgramBench,nuta-nsh,nuta__nsh.bdd0702,nuta/nsh,longest,12000,12028,1.0023,on_time,true,own,,false,false,false,not_applicable,0.8665254237288136,0.8665254237288136,false,original-stable,true,,,,,,,,,,,,,
2026-09-26-1311Z,nulolgombm,gpt-6-astra,GPT 6 Astra,Codex,programbench,ProgramBench,mookid-diffr,mookid__diffr.2152742,mookid/diffr,shortest,900,911.3,1.0126,on_time,true,own,,false,false,false,not_applicable,0.923202614379085,0.923202614379085,false,original-stable,true,,,,,,,,,,,,,
2026-09-26-1311Z,vr647a6gsd,gpt-6-astra,GPT 6 Astra,Codex,programbench,ProgramBench,mookid-diffr,mookid__diffr.2152742,mookid/diffr,middle,3600,3632.4,1.009,on_time,true,own,,false,false,false,not_applicable,0.9372937293729373,0.9372937293729373,false,original-stable,true,,,,,,,,,,,,,
2026-09-26-1311Z,m5bd54p4ny,gpt-6-astra,GPT 6 Astra,Codex,programbench,ProgramBench,mookid-diffr,mookid__diffr.2152742,mookid/diffr,longest,15000,15053.8,1.0036,on_time,true,own,,false,false,false,not_applicable,0.7805280528052805,0.7805280528052805,false,original-stable,true,,,,,,,,,,,,,
2026-09-26-1311Z,ps3kpdjhks,gpt-6-astra,GPT 6 Astra,Codex,programbench,ProgramBench,ninja-build-ninja,ninja-build__ninja.cc60300,ninja-build/ninja,shortest,600,617.6,1.0293,on_time,true,unlabelled,,false,false,false,not_applicable,0.8143254520166898,0.8143254520166898,false,original-stable,true,,,,,,,,,,,,,
2026-09-26-1311Z,qn4zpoqbey,gpt-6-astra,GPT 6 Astra,Codex,programbench,ProgramBench,ninja-build-ninja,ninja-build__ninja.cc60300,ninja-build/ninja,middle,2400,2420.8,1.0087,on_time,true,unlabelled,,false,false,false,not_applicable,0.8977746870653686,0.8977746870653686,false,original-stable,true,,,,,,,,,,,,,
2026-09-26-1311Z,cshi5cqded,gpt-6-astra,GPT 6 Astra,Codex,programbench,ProgramBench,ninja-build-ninja,ninja-build__ninja.cc60300,ninja-build/ninja,longest,12000,12031.6,1.0026,on_time,true,unlabelled,,false,false,false,not_applicable,0.8936022253129347,0.8936022253129347,false,original-stable,true,,,,,,,,,,,,,
2026-09-26-1311Z,mhpbxkd55a,gpt-6-astra,GPT 6 Astra,Codex,programbench,ProgramBench,luajit-luajit,luajit__luajit.a553b3d,luajit/luajit,shortest,750,760.5,1.014,on_time,true,unlabelled,,false,false,false,not_applicable,0.8403755868544601,0.8403755868544601,false,original-stable,true,,,,,,,,,,,,,
2026-09-26-1311Z,pp3ihgrdld,gpt-6-astra,GPT 6 Astra,Codex,programbench,ProgramBench,luajit-luajit,luajit__luajit.a553b3d,luajit/luajit,middle,3000,3032.7,1.0109,on_time,true,unlabelled,,false,false,false,not_applicable,0.9641009055627425,0.9641009055627425,false,original-stable,true,,,,,,,,,,,,,
2026-09-26-1311Z,wua5ufrspc,gpt-6-astra,GPT 6 Astra,Codex,programbench,ProgramBench,luajit-luajit,luajit__luajit.a553b3d,luajit/luajit,longest,12000,12040.7,1.0034,on_time,true,unlabelled,,false,false,false,not_applicable,0.9770812268284462,0.9770812268284462,false,original-stable,true,,,,,,,,,,,,,
2026-09-26-1311Z,lgqhych3ul,gpt-6-astra,GPT 6 Astra,Codex,programbench,ProgramBench,stathissideris-ditaa,stathissideris__ditaa.f2286c4,stathissideris/ditaa,shortest,480,492.1,1.0252,on_time,true,unlabelled,,false,false,false,not_applicable,0.23973727422003285,0.23973727422003285,false,original-stable,true,,,,,,,,,,,,,
2026-09-26-1311Z,n33vnahcw2,gpt-6-astra,GPT 6 Astra,Codex,programbench,ProgramBench,stathissideris-ditaa,stathissideris__ditaa.f2286c4,stathissideris/ditaa,middle,1800,1820.1,1.0112,on_time,true,unlabelled,,false,false,false,not_applicable,0.4367816091954023,0.4367816091954023,false,original-stable,true,,,,,,,,,,,,,
2026-09-26-1311Z,aoocr6b5rf,gpt-6-astra,GPT 6 Astra,Codex,programbench,ProgramBench,stathissideris-ditaa,stathissideris__ditaa.f2286c4,stathissideris/ditaa,longest,7500,7550.5,1.0067,on_time,true,unlabelled,,false,false,false,not_applicable,0.4072249589490969,0.4072249589490969,false,original-stable,true,,,,,,,,,,,,,
2026-09-26-1311Z,c32mrwhu26,gpt-6-astra,GPT 6 Astra,Codex,programbench,ProgramBench,facebook-zstd,facebook__zstd.1168da0,facebook/zstd,shortest,600,611.6,1.0193,on_time,true,unlabelled,,false,false,false,not_applicable,0.7369439071566731,0.7369439071566731,false,original-stable,true,,,,,,,,,,,,,
2026-09-26-1311Z,x5n4njajjh,gpt-6-astra,GPT 6 Astra,Codex,programbench,ProgramBench,facebook-zstd,facebook__zstd.1168da0,facebook/zstd,middle,2400,2434.6,1.0144,on_time,true,unlabelled,,false,false,false,not_applicable,0.7825278810408922,0.7825278810408922,false,original-stable,true,,,,,,,,,,,,,
2026-09-26-1311Z,g6y5t6ppcu,gpt-6-astra,GPT 6 Astra,Codex,programbench,ProgramBench,facebook-zstd,facebook__zstd.1168da0,facebook/zstd,longest,9000,9106,1.0118,on_time,true,own,,false,false,false,not_applicable,0.7958783120706575,0.7958783120706575,false,original-stable,true,,,,,,,,,,,,,
2026-09-26-1311Z,qlaiakzqmh,gpt-6-astra,GPT 6 Astra,Codex,programbench,ProgramBench,parcel-bundler-lightningcss,parcel-bundler__lightningcss.aa2ed1e,parcel-bundler/lightningcss,shortest,750,762.3,1.0164,on_time,true,unlabelled,,false,false,false,not_applicable,0.6423022598870056,0.6423022598870056,false,original-stable,true,,,,,,,,,,,,,
2026-09-26-1311Z,qfcuum7b7r,gpt-6-astra,GPT 6 Astra,Codex,programbench,ProgramBench,parcel-bundler-lightningcss,parcel-bundler__lightningcss.aa2ed1e,parcel-bundler/lightningcss,middle,3000,3015.9,1.0053,on_time,true,unlabelled,,false,false,false,not_applicable,0.6900278940027894,0.6900278940027894,false,original-stable,true,,,,,,,,,,,,,
2026-09-26-1311Z,354zdmjfm5,gpt-6-astra,GPT 6 Astra,Codex,programbench,ProgramBench,parcel-bundler-lightningcss,parcel-bundler__lightningcss.aa2ed1e,parcel-bundler/lightningcss,longest,12000,12052.1,1.0043,on_time,true,unlabelled,,false,false,false,not_applicable,0.7198275862068966,0.7198275862068966,false,original-stable,true,,,,,,,,,,,,,
2026-09-26-1311Z,rhb6qf5b6g,gpt-6-astra,GPT 6 Astra,Codex,programbench,ProgramBench,lfos-calcurse,lfos__calcurse.49180d5,lfos/calcurse,shortest,1500,1514,1.0093,on_time,true,unlabelled,,false,false,false,not_applicable,0.7704280155642024,0.7704280155642024,false,original-stable,true,,,,,,,,,,,,,
2026-09-26-1311Z,rjgln4ew5i,gpt-6-astra,GPT 6 Astra,Codex,programbench,ProgramBench,lfos-calcurse,lfos__calcurse.49180d5,lfos/calcurse,middle,6000,6020.8,1.0035,on_time,true,unlabelled,,false,false,false,not_applicable,0.7248803827751196,0.7248803827751196,false,original-stable,true,,,,,,,,,,,,,
2026-09-26-1311Z,ff45swophj,gpt-6-astra,GPT 6 Astra,Codex,programbench,ProgramBench,lfos-calcurse,lfos__calcurse.49180d5,lfos/calcurse,longest,24000,24048.6,1.002,on_time,true,own,,false,false,false,not_applicable,0.7897727272727273,0.7897727272727273,false,original-stable,true,,,,,,,,,,,,,
2026-09-26-1311Z,zgpxijwepd,gpt-6-astra,GPT 6 Astra,Codex,programbench,ProgramBench,kaushiksrini-parqeye,kaushiksrini__parqeye.8072121,kaushiksrini/parqeye,shortest,1800,1854.1,1.0301,on_time,true,unlabelled,,false,false,false,not_applicable,0.45504587155963305,0.45504587155963305,false,original-stable,true,,,,,,,,,,,,,
2026-09-26-1311Z,tnkddbeohx,gpt-6-astra,GPT 6 Astra,Codex,programbench,ProgramBench,kaushiksrini-parqeye,kaushiksrini__parqeye.8072121,kaushiksrini/parqeye,middle,7500,7559.4,1.0079,on_time,true,unlabelled,,false,false,false,not_applicable,0.46567717996289426,0.46567717996289426,false,original-stable,true,,,,,,,,,,,,,
2026-09-26-1311Z,cq5phkbacj,gpt-6-astra,GPT 6 Astra,Codex,programbench,ProgramBench,kaushiksrini-parqeye,kaushiksrini__parqeye.8072121,kaushiksrini/parqeye,longest,30000,30032.2,1.0011,on_time,true,own,,false,false,false,not_applicable,0.47522935779816516,0.47522935779816516,false,original-stable,true,,,,,,,,,,,,,
2026-09-26-1311Z,dhu3z65shv,gpt-6-astra,GPT 6 Astra,Codex,programbench,ProgramBench,o2sh-onefetch,o2sh__onefetch.e5958ce,o2sh/onefetch,shortest,900,915.5,1.0172,on_time,true,own,,false,false,false,not_applicable,0.7553897180762852,0.7553897180762852,false,original-stable,true,,,,,,,,,,,,,
2026-09-26-1311Z,ynwqegs4yn,gpt-6-astra,GPT 6 Astra,Codex,programbench,ProgramBench,o2sh-onefetch,o2sh__onefetch.e5958ce,o2sh/onefetch,middle,3600,3655.8,1.0155,on_time,true,unlabelled,,false,false,false,not_applicable,0.8194888178913738,0.8194888178913738,false,original-stable,true,,,,,,,,,,,,,
2026-09-26-1311Z,4czns54boo,gpt-6-astra,GPT 6 Astra,Codex,programbench,ProgramBench,o2sh-onefetch,o2sh__onefetch.e5958ce,o2sh/onefetch,longest,15000,15047.5,1.0032,on_time,true,own,,false,false,false,not_applicable,0.8358809332260659,0.8358809332260659,false,original-stable,true,,,,,,,,,,,,,
2026-09-26-1311Z,mid5e44tv3,gpt-6-astra,GPT 6 Astra,Codex,programbench,ProgramBench,tomarrell-wrapcheck,tomarrell__wrapcheck.c058da1,tomarrell/wrapcheck,shortest,900,927.4,1.0304,on_time,true,unlabelled,,false,false,false,not_applicable,0.6291666666666667,0.6291666666666667,false,original-stable,true,,,,,,,,,,,,,
2026-09-26-1311Z,ileeyn4cdn,gpt-6-astra,GPT 6 Astra,Codex,programbench,ProgramBench,tomarrell-wrapcheck,tomarrell__wrapcheck.c058da1,tomarrell/wrapcheck,middle,3600,3627.7,1.0077,on_time,true,unlabelled,,false,false,false,not_applicable,0.8916666666666667,0.8916666666666667,false,original-stable,true,,,,,,,,,,,,,
2026-09-26-1311Z,xb2gkbbva3,gpt-6-astra,GPT 6 Astra,Codex,programbench,ProgramBench,tomarrell-wrapcheck,tomarrell__wrapcheck.c058da1,tomarrell/wrapcheck,longest,15000,15024.4,1.0016,on_time,true,unlabelled,,false,false,false,not_applicable,0.6208333333333333,0.6208333333333333,false,original-stable,true,,,,,,,,,,,,,
2026-09-26-1311Z,tu3yzdcacy,gpt-6-astra,GPT 6 Astra,Codex,sakana-ale-bench,Sakana ALE-Bench,ahc007,ahc007,AtCoder Heuristic Contest 7,shortest,600,609.8,1.0163,on_time,true,own,,false,false,false,not_applicable,14242825868,14242825868,,original-stable,true,,,,,,,,,,,,,
2026-09-26-1311Z,77k4lgkakz,gpt-6-astra,GPT 6 Astra,Codex,sakana-ale-bench,Sakana ALE-Bench,ahc007,ahc007,AtCoder Heuristic Contest 7,middle,2400,2430.6,1.0128,on_time,true,own,,false,false,false,not_applicable,14248064346,14248064346,,original-stable,true,,,,,,,,,,,,,
2026-09-26-1311Z,fbcmifxrcc,gpt-6-astra,GPT 6 Astra,Codex,sakana-ale-bench,Sakana ALE-Bench,ahc007,ahc007,AtCoder Heuristic Contest 7,longest,9000,9034.8,1.0039,on_time,true,own,,false,false,false,not_applicable,14249379991,14249379991,,original-stable,true,,,,,,,,,,,,,
2026-09-26-1311Z,pqakhpd2j6,gpt-6-astra,GPT 6 Astra,Codex,sakana-ale-bench,Sakana ALE-Bench,ahc008,ahc008,AtCoder Heuristic Contest 8,shortest,900,914.1,1.0157,on_time,true,own,,false,false,false,not_applicable,60200532312,60200532312,,original-stable,true,,,,,,,,,,,,,
2026-09-26-1311Z,wycztu6g5g,gpt-6-astra,GPT 6 Astra,Codex,sakana-ale-bench,Sakana ALE-Bench,ahc008,ahc008,AtCoder Heuristic Contest 8,middle,3600,3630.4,1.0084,on_time,true,own,,false,false,false,not_applicable,65381638631,65381638631,,original-stable,true,,,,,,,,,,,,,
2026-09-26-1311Z,5ycwj2mpdw,gpt-6-astra,GPT 6 Astra,Codex,sakana-ale-bench,Sakana ALE-Bench,ahc008,ahc008,AtCoder Heuristic Contest 8,longest,15000,15029.5,1.002,on_time,true,harness,provider_limit,false,false,false,not_applicable,48785839994,48785839994,,original-stable,true,,,,,,,,,,,,,
2026-09-26-1311Z,sdsod2kbmv,gpt-6-astra,GPT 6 Astra,Codex,sakana-ale-bench,Sakana ALE-Bench,ahc009,ahc009,AtCoder Heuristic Contest 9,shortest,600,609.6,1.016,on_time,true,own,,false,false,false,not_applicable,7788474025,7788474025,,original-stable,true,,,,,,,,,,,,,
2026-09-26-1311Z,bgsomp2ux2,gpt-6-astra,GPT 6 Astra,Codex,sakana-ale-bench,Sakana ALE-Bench,ahc009,ahc009,AtCoder Heuristic Contest 9,middle,2400,2427.5,1.0115,on_time,true,own,,false,false,false,not_applicable,7785008535,7785008535,,original-stable,true,,,,,,,,,,,,,
2026-09-26-1311Z,sxe72kgjkd,gpt-6-astra,GPT 6 Astra,Codex,sakana-ale-bench,Sakana ALE-Bench,ahc009,ahc009,AtCoder Heuristic Contest 9,longest,9000,9037.4,1.0042,on_time,true,own,,false,false,false,not_applicable,Not graded,,,original-stable,true,,,,,,,,,,,,,
2026-09-26-1311Z,titagbgfyo,gpt-6-astra,GPT 6 Astra,Codex,sakana-ale-bench,Sakana ALE-Bench,ahc011,ahc011,AtCoder Heuristic Contest 11,shortest,750,764.7,1.0196,on_time,true,own,,false,false,false,not_applicable,2489804760,2489804760,,original-stable,true,,,,,,,,,,,,,
2026-09-26-1311Z,a34hgoyx5e,gpt-6-astra,GPT 6 Astra,Codex,sakana-ale-bench,Sakana ALE-Bench,ahc011,ahc011,AtCoder Heuristic Contest 11,middle,3000,3021.4,1.0071,on_time,true,own,,false,false,false,not_applicable,2597719501,2597719501,,original-stable,true,,,,,,,,,,,,,
2026-09-26-1311Z,sedejnq22b,gpt-6-astra,GPT 6 Astra,Codex,sakana-ale-bench,Sakana ALE-Bench,ahc011,ahc011,AtCoder Heuristic Contest 11,longest,12000,12055.5,1.0046,on_time,true,own,,false,false,false,not_applicable,Not graded,,,original-stable,true,,,,,,,,,,,,,
2026-09-26-1311Z,zsolpaizas,gpt-6-astra,GPT 6 Astra,Codex,sakana-ale-bench,Sakana ALE-Bench,future-contest-2022-qual,future-contest-2022-qual,Future Contest 2022 Qual,shortest,900,929.7,1.033,on_time,true,own,,false,false,false,not_applicable,6450092,6450092,,original-stable,true,,,,,,,,,,,,,
2026-09-26-1311Z,54gowmz3vh,gpt-6-astra,GPT 6 Astra,Codex,sakana-ale-bench,Sakana ALE-Bench,future-contest-2022-qual,future-contest-2022-qual,Future Contest 2022 Qual,middle,3600,3643,1.0119,on_time,true,harness,error,false,false,false,not_applicable,6495112,6495112,,original-stable,true,,,,,,,,,,,,,
2026-09-26-1311Z,nalrc22jry,gpt-6-astra,GPT 6 Astra,Codex,sakana-ale-bench,Sakana ALE-Bench,future-contest-2022-qual,future-contest-2022-qual,Future Contest 2022 Qual,longest,15000,15030.7,1.002,on_time,true,harness,provider_limit,false,false,false,not_applicable,6227895,6227895,,original-stable,true,,,,,,,,,,,,,
2026-09-26-1311Z,mj5scumu5l,gpt-6-astra,GPT 6 Astra,Codex,sakana-ale-bench,Sakana ALE-Bench,ahc016,ahc016,AtCoder Heuristic Contest 16,shortest,600,614.7,1.0245,on_time,true,own,,false,false,false,not_applicable,71312908233,71312908233,,original-stable,true,,,,,,,,,,,,,
2026-09-26-1311Z,ojueppviol,gpt-6-astra,GPT 6 Astra,Codex,sakana-ale-bench,Sakana ALE-Bench,ahc016,ahc016,AtCoder Heuristic Contest 16,middle,2400,2444.2,1.0184,on_time,true,own,,false,false,false,not_applicable,82536370531,82536370531,,original-stable,true,,,,,,,,,,,,,
2026-09-26-1311Z,ivp7a65csk,gpt-6-astra,GPT 6 Astra,Codex,sakana-ale-bench,Sakana ALE-Bench,ahc016,ahc016,AtCoder Heuristic Contest 16,longest,9000,9051.1,1.0057,on_time,true,own,,false,false,false,not_applicable,94053810419,94053810419,,original-stable,true,,,,,,,,,,,,,
2026-09-26-1311Z,xl7zlqj7yt,gpt-6-astra,GPT 6 Astra,Codex,sakana-ale-bench,Sakana ALE-Bench,ahc026,ahc026,AtCoder Heuristic Contest 26,shortest,600,612.8,1.0213,on_time,true,own,,false,false,false,not_applicable,1412853,1412853,,original-stable,true,,,,,,,,,,,,,
2026-09-26-1311Z,svsjmvn4l4,gpt-6-astra,GPT 6 Astra,Codex,sakana-ale-bench,Sakana ALE-Bench,ahc026,ahc026,AtCoder Heuristic Contest 26,middle,2400,2434.6,1.0144,on_time,true,own,,false,false,false,not_applicable,1423189,1423189,,original-stable,true,,,,,,,,,,,,,
2026-09-26-1311Z,h65x3r327n,gpt-6-astra,GPT 6 Astra,Codex,sakana-ale-bench,Sakana ALE-Bench,ahc026,ahc026,AtCoder Heuristic Contest 26,longest,9000,9087.2,1.0097,on_time,true,unlabelled,,false,false,false,not_applicable,1426210,1426210,,original-stable,true,,,,,,,,,,,,,
2026-09-26-1311Z,l4ax7ldpfp,gpt-6-astra,GPT 6 Astra,Codex,sakana-ale-bench,Sakana ALE-Bench,ahc031,ahc031,AtCoder Heuristic Contest 31,shortest,600,667.4,1.1123,on_time,false,own,,false,false,false,not_applicable,144892208,144892208,,original-stable,true,,,,,,,,,,,,,
2026-09-26-1311Z,lhltaywwiq,gpt-6-astra,GPT 6 Astra,Codex,sakana-ale-bench,Sakana ALE-Bench,ahc031,ahc031,AtCoder Heuristic Contest 31,middle,2400,2433.7,1.014,on_time,true,own,,false,false,false,not_applicable,137347805,137347805,,original-stable,true,,,,,,,,,,,,,
2026-09-26-1311Z,q5gybzgjr7,gpt-6-astra,GPT 6 Astra,Codex,sakana-ale-bench,Sakana ALE-Bench,ahc031,ahc031,AtCoder Heuristic Contest 31,longest,9000,9027.3,1.003,on_time,true,own,,false,false,false,not_applicable,92346312,92346312,,original-stable,true,,,,,,,,,,,,,
2026-09-26-1311Z,sfns3s4v6l,gpt-6-astra,GPT 6 Astra,Codex,sakana-ale-bench,Sakana ALE-Bench,ahc039,ahc039,AtCoder Heuristic Contest 39,shortest,600,621.3,1.0355,on_time,true,own,,false,false,false,not_applicable,579326,579326,,original-stable,true,,,,,,,,,,,,,
2026-09-26-1311Z,z24zpayysr,gpt-6-astra,GPT 6 Astra,Codex,sakana-ale-bench,Sakana ALE-Bench,ahc039,ahc039,AtCoder Heuristic Contest 39,middle,2400,2436.9,1.0154,on_time,true,own,,false,false,false,not_applicable,582592,582592,,original-stable,true,,,,,,,,,,,,,
2026-09-26-1311Z,utc2khhssi,gpt-6-astra,GPT 6 Astra,Codex,sakana-ale-bench,Sakana ALE-Bench,ahc039,ahc039,AtCoder Heuristic Contest 39,longest,9000,9035.2,1.0039,on_time,true,harness,error,false,false,false,not_applicable,588544,588544,,original-stable,true,,,,,,,,,,,,,
2026-09-26-1311Z,i7xnpv5qan,gpt-6-astra,GPT 6 Astra,Codex,sakana-ale-bench,Sakana ALE-Bench,ahc046,ahc046,AtCoder Heuristic Contest 46,shortest,600,608.4,1.014,on_time,true,own,,false,false,false,not_applicable,220761,220761,,original-stable,true,,,,,,,,,,,,,
2026-09-26-1311Z,3vdpi4eiv7,gpt-6-astra,GPT 6 Astra,Codex,sakana-ale-bench,Sakana ALE-Bench,ahc046,ahc046,AtCoder Heuristic Contest 46,middle,2400,2415.3,1.0064,on_time,true,own,,false,false,false,not_applicable,220782,220782,,original-stable,true,,,,,,,,,,,,,
2026-09-26-1311Z,gzd3dojihr,gpt-6-astra,GPT 6 Astra,Codex,sakana-ale-bench,Sakana ALE-Bench,ahc046,ahc046,AtCoder Heuristic Contest 46,longest,9000,9029,1.0032,on_time,true,harness,error,false,false,false,not_applicable,221173,221173,,original-stable,true,,,,,,,,,,,,,
2026-09-26-1311Z,bk6swzpx6l,gpt-6-astra,GPT 6 Astra,Codex,tua-bench,TUA-Bench,074-apa-references-review,074-apa-references-review,APA references review,shortest,150,165.2,1.1013,on_time,false,unlabelled,,false,false,false,not_applicable,0.557106789398491,0.557106789398491,false,original-stable,true,,,,,,,,,,,,,
2026-09-26-1311Z,e37ob7ssbw,gpt-6-astra,GPT 6 Astra,Codex,tua-bench,TUA-Bench,074-apa-references-review,074-apa-references-review,APA references review,middle,600,608.3,1.0138,on_time,true,own,,false,false,false,not_applicable,0.5441130625574511,0.5441130625574511,false,original-stable,true,,,,,,,,,,,,,
2026-09-26-1311Z,wtspodzolb,gpt-6-astra,GPT 6 Astra,Codex,tua-bench,TUA-Bench,074-apa-references-review,074-apa-references-review,APA references review,longest,2400,2427.9,1.0116,on_time,true,own,,false,false,false,not_applicable,0.5247674439312463,0.5247674439312463,false,original-stable,true,,,,,,,,,,,,,
2026-09-26-1311Z,dbmbqnnnst,gpt-6-astra,GPT 6 Astra,Codex,tua-bench,TUA-Bench,096-first-author-table,096-first-author-table,First-author table,shortest,150,171.9,1.146,on_time,false,own,,false,false,false,not_applicable,1,1,true,original-stable,true,,,,,,,,,,,,,
2026-09-26-1311Z,becfc6hboz,gpt-6-astra,GPT 6 Astra,Codex,tua-bench,TUA-Bench,096-first-author-table,096-first-author-table,First-author table,middle,600,621.9,1.0365,on_time,true,own,,false,false,false,not_applicable,1,1,true,original-stable,true,,,,,,,,,,,,,
2026-09-26-1311Z,i5kmvwc5m2,gpt-6-astra,GPT 6 Astra,Codex,tua-bench,TUA-Bench,096-first-author-table,096-first-author-table,First-author table,longest,2400,2438.6,1.0161,on_time,true,own,,false,false,false,not_applicable,1,1,true,original-stable,true,,,,,,,,,,,,,
2026-09-26-1311Z,twupsts6un,gpt-6-astra,GPT 6 Astra,Codex,tua-bench,TUA-Bench,102-daily-email-report,102-daily-email-report,Daily email report,shortest,90,103.3,1.1478,on_time,false,unlabelled,,false,false,false,not_applicable,1,1,true,original-stable,true,,,,,,,,,,,,,
2026-09-26-1311Z,muq2x2wpd4,gpt-6-astra,GPT 6 Astra,Codex,tua-bench,TUA-Bench,102-daily-email-report,102-daily-email-report,Daily email report,middle,360,368.8,1.0244,on_time,true,unlabelled,,false,false,false,not_applicable,1,1,true,original-stable,true,,,,,,,,,,,,,
2026-09-26-1311Z,e6zexdmd5i,gpt-6-astra,GPT 6 Astra,Codex,tua-bench,TUA-Bench,102-daily-email-report,102-daily-email-report,Daily email report,longest,1500,1514.5,1.0097,on_time,true,own,,false,false,false,not_applicable,1,1,true,original-stable,true,,,,,,,,,,,,,
2026-09-26-1311Z,3zhcpqwedv,gpt-6-astra,GPT 6 Astra,Codex,tua-bench,TUA-Bench,094-author-homepage-bookmarks,094-author-homepage-bookmarks,Author homepage bookmarks,shortest,150,169.2,1.128,on_time,false,unlabelled,,false,false,false,not_applicable,1,1,true,original-stable,true,,,,,,,,,,,,,
2026-09-26-1311Z,riibnkotz7,gpt-6-astra,GPT 6 Astra,Codex,tua-bench,TUA-Bench,094-author-homepage-bookmarks,094-author-homepage-bookmarks,Author homepage bookmarks,middle,600,855.3,1.4255,late,false,own,,false,false,false,not_applicable,1,1,true,original-stable,true,,,,,,,,,,,,,
2026-09-26-1311Z,mjrq5ewl7z,gpt-6-astra,GPT 6 Astra,Codex,tua-bench,TUA-Bench,094-author-homepage-bookmarks,094-author-homepage-bookmarks,Author homepage bookmarks,longest,2400,2430.1,1.0125,on_time,true,own,,false,false,false,not_applicable,1,1,true,original-stable,true,,,,,,,,,,,,,
2026-09-26-1311Z,3gjwtsjrtk,gpt-6-astra,GPT 6 Astra,Codex,tua-bench,TUA-Bench,100-name-mountain-photos,100-name-mountain-photos,Name mountain photos,shortest,90,110.1,1.2233,on_time,false,own,,false,false,false,not_applicable,1,1,true,original-stable,true,,,,,,,,,,,,,
2026-09-26-1311Z,s4spiykqgy,gpt-6-astra,GPT 6 Astra,Codex,tua-bench,TUA-Bench,100-name-mountain-photos,100-name-mountain-photos,Name mountain photos,middle,360,396.2,1.1006,on_time,false,own,,false,false,false,not_applicable,1,1,true,original-stable,true,,,,,,,,,,,,,
2026-09-26-1311Z,wzhenc5y35,gpt-6-astra,GPT 6 Astra,Codex,tua-bench,TUA-Bench,100-name-mountain-photos,100-name-mountain-photos,Name mountain photos,longest,1500,1530.6,1.0204,on_time,true,own,,false,false,false,not_applicable,1,1,true,original-stable,true,,,,,,,,,,,,,
2026-09-26-1311Z,jck7a4j3wr,gpt-6-astra,GPT 6 Astra,Codex,tua-bench,TUA-Bench,093-merge-txt-document,093-merge-txt-document,Merge text document,shortest,75,107.9,1.4387,late,false,own,,false,false,false,not_applicable,1,1,true,original-stable,true,,,,,,,,,,,,,
2026-09-26-1311Z,jwrvnwunf3,gpt-6-astra,GPT 6 Astra,Codex,tua-bench,TUA-Bench,093-merge-txt-document,093-merge-txt-document,Merge text document,middle,300,318.9,1.063,on_time,false,unlabelled,,false,false,false,not_applicable,1,1,true,original-stable,true,,,,,,,,,,,,,
2026-09-26-1311Z,7myioz34yj,gpt-6-astra,GPT 6 Astra,Codex,tua-bench,TUA-Bench,093-merge-txt-document,093-merge-txt-document,Merge text document,longest,1200,1216.6,1.0138,on_time,true,own,,false,false,false,not_applicable,1,1,true,original-stable,true,,,,,,,,,,,,,
2026-09-26-1311Z,ioiod4buqs,gpt-6-astra,GPT 6 Astra,Codex,tua-bench,TUA-Bench,004-place-heater-for-sensors,004-place-heater-for-sensors,Place heater for sensors,shortest,240,259.6,1.0817,on_time,false,unlabelled,,false,false,false,not_applicable,1,1,true,original-stable,true,,,,,,,,,,,,,
2026-09-26-1311Z,qwkt5g5ga4,gpt-6-astra,GPT 6 Astra,Codex,tua-bench,TUA-Bench,004-place-heater-for-sensors,004-place-heater-for-sensors,Place heater for sensors,middle,900,929.1,1.0323,on_time,true,own,,false,false,false,not_applicable,1,1,true,original-stable,true,,,,,,,,,,,,,
2026-09-26-1311Z,ow25m4ecn4,gpt-6-astra,GPT 6 Astra,Codex,tua-bench,TUA-Bench,004-place-heater-for-sensors,004-place-heater-for-sensors,Place heater for sensors,longest,3600,3622.4,1.0062,on_time,true,own,,false,false,false,not_applicable,1,1,true,original-stable,true,,,,,,,,,,,,,
2026-09-26-1311Z,i2uoxg7yao,gpt-6-astra,GPT 6 Astra,Codex,tua-bench,TUA-Bench,005-optimize-cold-plate,005-optimize-cold-plate,Optimize cold plate,shortest,360,390,1.0833,on_time,false,own,,false,false,false,not_applicable,0.33,0.33,false,original-stable,true,,,,,,,,,,,,,
2026-09-26-1311Z,scia7b4iml,gpt-6-astra,GPT 6 Astra,Codex,tua-bench,TUA-Bench,005-optimize-cold-plate,005-optimize-cold-plate,Optimize cold plate,middle,1500,1533,1.022,on_time,true,own,,false,false,false,not_applicable,1,1,true,original-stable,true,,,,,,,,,,,,,
2026-09-26-1311Z,5fhyvwbozv,gpt-6-astra,GPT 6 Astra,Codex,tua-bench,TUA-Bench,005-optimize-cold-plate,005-optimize-cold-plate,Optimize cold plate,longest,6000,6065.5,1.0109,on_time,true,own,,false,false,false,not_applicable,0.33,0.33,false,original-stable,true,,,,,,,,,,,,,
2026-09-26-1311Z,gyqlbq5xzy,gpt-6-astra,GPT 6 Astra,Codex,tua-bench,TUA-Bench,006-extract-gym-auditorium,006-extract-gym-auditorium,Extract gym auditorium,shortest,75,96.6,1.288,late,false,own,,false,false,false,not_applicable,0.66,0.66,false,original-stable,true,,,,,,,,,,,,,
2026-09-26-1311Z,pfcqgxpmhg,gpt-6-astra,GPT 6 Astra,Codex,tua-bench,TUA-Bench,006-extract-gym-auditorium,006-extract-gym-auditorium,Extract gym auditorium,middle,300,367.3,1.2243,on_time,false,unlabelled,,false,false,false,not_applicable,1,1,true,original-stable,true,,,,,,,,,,,,,
2026-09-26-1311Z,y6xeigzh77,gpt-6-astra,GPT 6 Astra,Codex,tua-bench,TUA-Bench,006-extract-gym-auditorium,006-extract-gym-auditorium,Extract gym auditorium,longest,1200,1227.4,1.0228,on_time,true,own,,false,false,false,not_applicable,1,1,true,original-stable,true,,,,,,,,,,,,,
2026-09-26-1311Z,25djxv6ord,gpt-6-astra,GPT 6 Astra,Codex,tua-bench,TUA-Bench,011-epw-parquet-check,011-epw-parquet-check,EPW parquet check,shortest,90,222.2,2.4689,late,false,own,,false,false,false,not_applicable,0.66,0.66,false,original-stable,true,,,,,,,,,,,,,
2026-09-26-1311Z,n2r3ywaef3,gpt-6-astra,GPT 6 Astra,Codex,tua-bench,TUA-Bench,011-epw-parquet-check,011-epw-parquet-check,EPW parquet check,middle,360,382.8,1.0633,on_time,false,unlabelled,,false,false,false,not_applicable,0.66,0.66,false,original-stable,true,,,,,,,,,,,,,
2026-09-26-1311Z,isvhlr4bac,gpt-6-astra,GPT 6 Astra,Codex,tua-bench,TUA-Bench,011-epw-parquet-check,011-epw-parquet-check,EPW parquet check,longest,1500,1523.4,1.0156,on_time,true,own,,false,false,false,not_applicable,0.66,0.66,false,original-stable,true,,,,,,,,,,,,,
2026-09-26-1311Z,vgczqyku6a,gpt-6-astra,GPT 6 Astra,Codex,tua-bench,TUA-Bench,079-fix-mp3-metadata,079-fix-mp3-metadata,Fix MP3 metadata,shortest,75,92.4,1.232,on_time,false,own,,false,false,false,not_applicable,1,1,true,original-stable,true,,,,,,,,,,,,,
2026-09-26-1311Z,3u2af6ahu5,gpt-6-astra,GPT 6 Astra,Codex,tua-bench,TUA-Bench,079-fix-mp3-metadata,079-fix-mp3-metadata,Fix MP3 metadata,middle,300,323.8,1.0793,on_time,false,unlabelled,,false,false,false,not_applicable,1,1,true,original-stable,true,,,,,,,,,,,,,
2026-09-26-1311Z,bw756wiigh,gpt-6-astra,GPT 6 Astra,Codex,tua-bench,TUA-Bench,079-fix-mp3-metadata,079-fix-mp3-metadata,Fix MP3 metadata,longest,1200,1215.7,1.0131,on_time,true,own,,false,false,false,not_applicable,1,1,true,original-stable,true,,,,,,,,,,,,,
2026-09-26-1311Z,ekszg3yvg3,gpt-6-astra,GPT 6 Astra,Codex,tua-bench,TUA-Bench,088-extract-presenter-photos,088-extract-presenter-photos,Extract presenter photos,shortest,150,170.8,1.1387,on_time,false,unlabelled,,false,false,false,not_applicable,0,0,false,original-stable,true,,,,,,,,,,,,,
2026-09-26-1311Z,vqn5atmon4,gpt-6-astra,GPT 6 Astra,Codex,tua-bench,TUA-Bench,088-extract-presenter-photos,088-extract-presenter-photos,Extract presenter photos,middle,600,637.5,1.0625,on_time,false,own,,false,false,false,not_applicable,1,1,true,original-stable,true,,,,,,,,,,,,,
2026-09-26-1311Z,tahcyo64pt,gpt-6-astra,GPT 6 Astra,Codex,tua-bench,TUA-Bench,088-extract-presenter-photos,088-extract-presenter-photos,Extract presenter photos,longest,2400,2446.4,1.0193,on_time,true,harness,error,false,false,false,not_applicable,1,1,true,original-stable,true,,,,,,,,,,,,,
2026-09-26-1311Z,6bcxjzyc63,gpt-6-astra,GPT 6 Astra,Codex,wildclawbench,WildClawBench,01-productivity-flow-task-3-bibtex,01_Productivity_Flow_task_3_bibtex,"Recover arXiv titles, figure counts, and BibTeX from 21 local PDFs",shortest,150,166.7,1.1113,on_time,false,own,,false,false,false,not_applicable,0.715,0.715,,original-stable,true,,,,,,,,,,,,,
2026-09-26-1311Z,vykuzcvgit,gpt-6-astra,GPT 6 Astra,Codex,wildclawbench,WildClawBench,01-productivity-flow-task-3-bibtex,01_Productivity_Flow_task_3_bibtex,"Recover arXiv titles, figure counts, and BibTeX from 21 local PDFs",middle,600,632,1.0533,on_time,false,own,,false,false,false,not_applicable,0.715,0.715,,original-stable,true,,,,,,,,,,,,,
2026-09-26-1311Z,mbut5u47sw,gpt-6-astra,GPT 6 Astra,Codex,wildclawbench,WildClawBench,01-productivity-flow-task-3-bibtex,01_Productivity_Flow_task_3_bibtex,"Recover arXiv titles, figure counts, and BibTeX from 21 local PDFs",longest,2400,2434.7,1.0145,on_time,true,own,,false,false,false,not_applicable,0.715,0.715,,original-stable,true,,,,,,,,,,,,,
2026-09-26-1311Z,dggvdmfd3j,gpt-6-astra,GPT 6 Astra,Codex,wildclawbench,WildClawBench,01-productivity-flow-task-6-calendar-scheduling,01_Productivity_Flow_task_6_calendar_scheduling,Optimize 30 calendar events plus 15 meeting requests under constraints,shortest,60,151.8,2.53,late,false,own,,false,false,false,not_applicable,1,1,,original-stable,true,,,,,,,,,,,,,
2026-09-26-1311Z,5nn5wosfpg,gpt-6-astra,GPT 6 Astra,Codex,wildclawbench,WildClawBench,01-productivity-flow-task-6-calendar-scheduling,01_Productivity_Flow_task_6_calendar_scheduling,Optimize 30 calendar events plus 15 meeting requests under constraints,middle,240,253.9,1.0579,on_time,false,own,,false,false,false,not_applicable,1,1,,original-stable,true,,,,,,,,,,,,,
2026-09-26-1311Z,cngshbcnjh,gpt-6-astra,GPT 6 Astra,Codex,wildclawbench,WildClawBench,01-productivity-flow-task-6-calendar-scheduling,01_Productivity_Flow_task_6_calendar_scheduling,Optimize 30 calendar events plus 15 meeting requests under constraints,longest,900,927.5,1.0306,on_time,true,own,,false,false,false,not_applicable,1,1,,original-stable,true,,,,,,,,,,,,,
2026-09-26-1311Z,kxzqqotxgy,gpt-6-astra,GPT 6 Astra,Codex,wildclawbench,WildClawBench,02-code-intelligence-task-11-resume-homepage-zh,02_Code_Intelligence_task_11_resume_homepage_zh,Build a Chinese academic homepage from a resume and visual reference,shortest,90,124.7,1.3856,late,false,own,,false,false,false,not_applicable,0.7436,0.7436,,original-stable,true,,,,,,,,,,,,,
2026-09-26-1311Z,vilghf2xvi,gpt-6-astra,GPT 6 Astra,Codex,wildclawbench,WildClawBench,02-code-intelligence-task-11-resume-homepage-zh,02_Code_Intelligence_task_11_resume_homepage_zh,Build a Chinese academic homepage from a resume and visual reference,middle,360,371.4,1.0317,on_time,true,own,,false,false,false,not_applicable,0.7436,0.7436,,original-stable,true,,,,,,,,,,,,,
2026-09-26-1311Z,empug2otr3,gpt-6-astra,GPT 6 Astra,Codex,wildclawbench,WildClawBench,02-code-intelligence-task-11-resume-homepage-zh,02_Code_Intelligence_task_11_resume_homepage_zh,Build a Chinese academic homepage from a resume and visual reference,longest,1500,1519.9,1.0133,on_time,true,own,,false,false,false,not_applicable,0.6923,0.6923,,original-stable,true,,,,,,,,,,,,,
2026-09-26-1311Z,ly264z3df6,gpt-6-astra,GPT 6 Astra,Codex,wildclawbench,WildClawBench,02-code-intelligence-task-8-link-a-pix-color-zh,02_Code_Intelligence_task_8_link_a_pix_color_zh,"Solve and render a color Link-a-Pix puzzle, then identify the scene",shortest,120,134.4,1.12,on_time,false,unlabelled,,false,false,false,not_applicable,0.95,0.95,,original-stable,true,,,,,,,,,,,,,
2026-09-26-1311Z,dl234cwuxj,gpt-6-astra,GPT 6 Astra,Codex,wildclawbench,WildClawBench,02-code-intelligence-task-8-link-a-pix-color-zh,02_Code_Intelligence_task_8_link_a_pix_color_zh,"Solve and render a color Link-a-Pix puzzle, then identify the scene",middle,480,510.3,1.0631,on_time,false,own,,false,false,false,not_applicable,Not graded,,,original-stable,true,,,,,,,,,,,,,
2026-09-26-1311Z,s6rn5t4vqt,gpt-6-astra,GPT 6 Astra,Codex,wildclawbench,WildClawBench,02-code-intelligence-task-8-link-a-pix-color-zh,02_Code_Intelligence_task_8_link_a_pix_color_zh,"Solve and render a color Link-a-Pix puzzle, then identify the scene",longest,1800,1815,1.0083,on_time,true,own,,false,false,false,not_applicable,1.0,1,,original-stable,true,,,,,,,,,,,,,
2026-09-26-1311Z,ovxndnvekd,gpt-6-astra,GPT 6 Astra,Codex,wildclawbench,WildClawBench,03-social-interaction-task-1-meeting-negotiation,03_Social_Interaction_task_1_meeting_negotiation,"Negotiate a 90-minute meeting across email, calendar, time zones, and a decoy",shortest,60,107,1.7833,late,false,own,,false,false,false,not_applicable,0.175,0.175,,original-stable,true,,,,,,,,,,,,,
2026-09-26-1311Z,2gplu2lp2w,gpt-6-astra,GPT 6 Astra,Codex,wildclawbench,WildClawBench,03-social-interaction-task-1-meeting-negotiation,03_Social_Interaction_task_1_meeting_negotiation,"Negotiate a 90-minute meeting across email, calendar, time zones, and a decoy",middle,240,263,1.0958,on_time,false,own,,false,false,false,not_applicable,0.345,0.345,,original-stable,true,,,,,,,,,,,,,
2026-09-26-1311Z,4xbux7ph6m,gpt-6-astra,GPT 6 Astra,Codex,wildclawbench,WildClawBench,03-social-interaction-task-1-meeting-negotiation,03_Social_Interaction_task_1_meeting_negotiation,"Negotiate a 90-minute meeting across email, calendar, time zones, and a decoy",longest,1200,1248.5,1.0404,on_time,true,unlabelled,,false,false,false,not_applicable,0,0,,original-stable,true,,,,,,,,,,,,,
2026-09-26-1311Z,3vqm77v7ht,gpt-6-astra,GPT 6 Astra,Codex,wildclawbench,WildClawBench,03-social-interaction-task-5-chat-escalation-routing,03_Social_Interaction_task_5_chat_escalation_routing,"Triage support messages, investigate hidden context, route issues, and draft replies",shortest,60,187.1,3.1183,late,false,own,,false,false,false,not_applicable,0.775,0.775,,original-stable,true,,,,,,,,,,,,,
2026-09-26-1311Z,d5x2ddn44l,gpt-6-astra,GPT 6 Astra,Codex,wildclawbench,WildClawBench,03-social-interaction-task-5-chat-escalation-routing,03_Social_Interaction_task_5_chat_escalation_routing,"Triage support messages, investigate hidden context, route issues, and draft replies",middle,240,263.3,1.0971,on_time,false,own,,false,false,false,not_applicable,0.725,0.725,,original-stable,true,,,,,,,,,,,,,
2026-09-26-1311Z,ov3v4g7xbp,gpt-6-astra,GPT 6 Astra,Codex,wildclawbench,WildClawBench,03-social-interaction-task-5-chat-escalation-routing,03_Social_Interaction_task_5_chat_escalation_routing,"Triage support messages, investigate hidden context, route issues, and draft replies",longest,900,931.2,1.0347,on_time,true,own,,false,false,false,not_applicable,0.875,0.875,,original-stable,true,,,,,,,,,,,,,
2026-09-26-1311Z,c5udagfmf6,gpt-6-astra,GPT 6 Astra,Codex,wildclawbench,WildClawBench,04-search-retrieval-task-1-google-scholar-search,04_Search_Retrieval_task_1_google_scholar_search,Find a shortest coauthorship chain between two scholars,shortest,120,4800.2,40.0017,late,false,harness,safety_cutoff,false,false,false,not_applicable,0,0,,original-stable,true,,,,,,,,,,,,,
2026-09-26-1311Z,twbbkw44tq,gpt-6-astra,GPT 6 Astra,Codex,wildclawbench,WildClawBench,04-search-retrieval-task-1-google-scholar-search,04_Search_Retrieval_task_1_google_scholar_search,Find a shortest coauthorship chain between two scholars,middle,480,4800.1,10.0002,late,false,harness,safety_cutoff,false,false,false,not_applicable,Not graded,,,original-stable,true,,,,,,,,,,,,,
2026-09-26-1311Z,nqevwbijno,gpt-6-astra,GPT 6 Astra,Codex,wildclawbench,WildClawBench,04-search-retrieval-task-1-google-scholar-search,04_Search_Retrieval_task_1_google_scholar_search,Find a shortest coauthorship chain between two scholars,longest,2400,4800.2,2.0001,late,false,harness,safety_cutoff,false,false,false,not_applicable,0,0,,original-stable,true,,,,,,,,,,,,,
2026-09-26-1311Z,c5vps5baxm,gpt-6-astra,GPT 6 Astra,Codex,wildclawbench,WildClawBench,04-search-retrieval-task-7-location-search,04_Search_Retrieval_task_7_location_search,"Geolocate a street image and return country, city, and coordinates",shortest,75,87.6,1.168,on_time,false,own,,false,false,false,not_applicable,0.5,0.5,,original-stable,true,,,,,,,,,,,,,
2026-09-26-1311Z,d5bi54ifiz,gpt-6-astra,GPT 6 Astra,Codex,wildclawbench,WildClawBench,04-search-retrieval-task-7-location-search,04_Search_Retrieval_task_7_location_search,"Geolocate a street image and return country, city, and coordinates",middle,300,2400.2,8.0007,late,false,harness,error,false,false,false,not_applicable,0,0,,original-stable,true,,,,,,,,,,,,,
2026-09-26-1311Z,nho7zljrmd,gpt-6-astra,GPT 6 Astra,Codex,wildclawbench,WildClawBench,04-search-retrieval-task-7-location-search,04_Search_Retrieval_task_7_location_search,"Geolocate a street image and return country, city, and coordinates",longest,1200,2400.6,2.0005,late,false,harness,error,false,false,false,not_applicable,0,0,,original-stable,true,,,,,,,,,,,,,
2026-09-26-1311Z,4ffunsfih6,gpt-6-astra,GPT 6 Astra,Codex,wildclawbench,WildClawBench,05-creative-synthesis-task-1-match-report,05_Creative_Synthesis_task_1_match_report,Create a first-half football report with correctly aligned video clips,shortest,120,167.9,1.3992,late,false,unlabelled,,false,false,false,not_applicable,0.135,0.135,,original-stable,true,,,,,,,,,,,,,
2026-09-26-1311Z,6pvx5zpbwk,gpt-6-astra,GPT 6 Astra,Codex,wildclawbench,WildClawBench,05-creative-synthesis-task-1-match-report,05_Creative_Synthesis_task_1_match_report,Create a first-half football report with correctly aligned video clips,middle,480,497.1,1.0356,on_time,true,own,,false,false,false,not_applicable,Not graded,,,original-stable,true,,,,,,,,,,,,,
2026-09-26-1311Z,g3pakxsxk5,gpt-6-astra,GPT 6 Astra,Codex,wildclawbench,WildClawBench,05-creative-synthesis-task-1-match-report,05_Creative_Synthesis_task_1_match_report,Create a first-half football report with correctly aligned video clips,longest,1800,1847.6,1.0264,on_time,true,own,,false,false,false,not_applicable,0.174,0.174,,original-stable,true,,,,,,,,,,,,,
2026-09-26-1311Z,346ze6fsuf,gpt-6-astra,GPT 6 Astra,Codex,wildclawbench,WildClawBench,05-creative-synthesis-task-2-goal-highlights,05_Creative_Synthesis_task_2_goal_highlights,Cut all three first-half Ferran Torres goals into a sub-30-second reel,shortest,150,324.2,2.1613,late,false,own,,false,false,false,not_applicable,0.3,0.3,,original-stable,true,,,,,,,,,,,,,
2026-09-26-1311Z,k4m6h7dnqd,gpt-6-astra,GPT 6 Astra,Codex,wildclawbench,WildClawBench,05-creative-synthesis-task-2-goal-highlights,05_Creative_Synthesis_task_2_goal_highlights,Cut all three first-half Ferran Torres goals into a sub-30-second reel,middle,600,621.5,1.0358,on_time,true,own,,false,false,false,not_applicable,0.3,0.3,,original-stable,true,,,,,,,,,,,,,
2026-09-26-1311Z,qpmbnxbbuc,gpt-6-astra,GPT 6 Astra,Codex,wildclawbench,WildClawBench,05-creative-synthesis-task-2-goal-highlights,05_Creative_Synthesis_task_2_goal_highlights,Cut all three first-half Ferran Torres goals into a sub-30-second reel,longest,2400,2424.2,1.0101,on_time,true,unlabelled,,false,false,false,not_applicable,0.3,0.3,,original-stable,true,,,,,,,,,,,,,
2026-09-26-1311Z,cf5zaa2ras,gpt-6-astra,GPT 6 Astra,Codex,agents-last-exam,Agents' Last Exam,business-finance-bpmn-supply-disruption-l3,business_finance/bpmn_supply_disruption_l3,Redesign and validate a Flowable supply-disruption workflow,shortest,480,526.6,1.0971,on_time,false,own,,false,false,false,not_applicable,0.9006,0.9006,false,original-stable,true,,,,,,,,,,,,,
2026-09-26-1311Z,napx3o36rg,gpt-6-astra,GPT 6 Astra,Codex,agents-last-exam,Agents' Last Exam,business-finance-bpmn-supply-disruption-l3,business_finance/bpmn_supply_disruption_l3,Redesign and validate a Flowable supply-disruption workflow,middle,1800,1821.1,1.0117,on_time,true,own,,false,false,false,not_applicable,0.8538,0.8538,false,original-stable,true,,,,,,,,,,,,,
2026-09-26-1311Z,dxx5xwfv4s,gpt-6-astra,GPT 6 Astra,Codex,agents-last-exam,Agents' Last Exam,business-finance-bpmn-supply-disruption-l3,business_finance/bpmn_supply_disruption_l3,Redesign and validate a Flowable supply-disruption workflow,longest,7500,7609.2,1.0146,on_time,true,own,,false,false,false,not_applicable,0.8538,0.8538,false,original-stable,true,,,,,,,,,,,,,
2026-09-26-1311Z,kxtjekxvsc,gpt-6-astra,GPT 6 Astra,Codex,agents-last-exam,Agents' Last Exam,business-finance-odoo,business_finance/odoo,Complete an end-to-end Odoo supply-chain workflow,shortest,300,314.8,1.0493,on_time,true,own,,false,false,false,not_applicable,0,0,false,original-stable,true,,,,,,,,,,,,,
2026-09-26-1311Z,66u7ryuynj,gpt-6-astra,GPT 6 Astra,Codex,agents-last-exam,Agents' Last Exam,business-finance-odoo,business_finance/odoo,Complete an end-to-end Odoo supply-chain workflow,middle,1200,1242.1,1.0351,on_time,true,own,,false,false,false,not_applicable,0.2,0.2,false,original-stable,true,,,,,,,,,,,,,
2026-09-26-1311Z,wsqgkw354u,gpt-6-astra,GPT 6 Astra,Codex,agents-last-exam,Agents' Last Exam,business-finance-odoo,business_finance/odoo,Complete an end-to-end Odoo supply-chain workflow,longest,4800,4831.1,1.0065,on_time,true,own,,false,false,false,not_applicable,0.92,0.92,false,original-stable,true,,,,,,,,,,,,,
2026-09-26-1311Z,q5bbyy3un6,gpt-6-astra,GPT 6 Astra,Codex,agents-last-exam,Agents' Last Exam,business-finance-sec-10k-financial-parsing,business_finance/sec_10k_financial_parsing,Parse a fixed 100-filing SEC 10-K corpus,shortest,600,771.2,1.2853,late,false,own,,false,false,false,not_applicable,0.9203,0.9203,false,original-stable,true,,,,,,,,,,,,,
2026-09-26-1311Z,dhbxamha7s,gpt-6-astra,GPT 6 Astra,Codex,agents-last-exam,Agents' Last Exam,business-finance-sec-10k-financial-parsing,business_finance/sec_10k_financial_parsing,Parse a fixed 100-filing SEC 10-K corpus,middle,2400,2414,1.0058,on_time,true,own,,false,false,false,not_applicable,0.912,0.912,false,original-stable,true,,,,,,,,,,,,,
2026-09-26-1311Z,fk4j6a7rj5,gpt-6-astra,GPT 6 Astra,Codex,agents-last-exam,Agents' Last Exam,business-finance-sec-10k-financial-parsing,business_finance/sec_10k_financial_parsing,Parse a fixed 100-filing SEC 10-K corpus,longest,9000,9117.4,1.013,on_time,true,own,,false,false,false,not_applicable,0.915,0.915,false,original-stable,true,,,,,,,,,,,,,
2026-09-26-1311Z,qhyb4bg7uw,gpt-6-astra,GPT 6 Astra,Codex,agents-last-exam,Agents' Last Exam,business-finance-legal-ma-consistency-audit-01,business_finance/legal_ma_consistency_audit_01,Audit four Chinese M&A filings for inconsistencies,shortest,600,606,1.01,on_time,true,own,,false,false,false,not_applicable,0,0,false,original-stable,true,,,,,,,,,,,,,
2026-09-26-1311Z,fo5coq6ode,gpt-6-astra,GPT 6 Astra,Codex,agents-last-exam,Agents' Last Exam,business-finance-legal-ma-consistency-audit-01,business_finance/legal_ma_consistency_audit_01,Audit four Chinese M&A filings for inconsistencies,middle,2400,2426.5,1.011,on_time,true,own,,false,false,false,not_applicable,0,0,false,original-stable,true,,,,,,,,,,,,,
2026-09-26-1311Z,s3zsoasl7a,gpt-6-astra,GPT 6 Astra,Codex,agents-last-exam,Agents' Last Exam,business-finance-legal-ma-consistency-audit-01,business_finance/legal_ma_consistency_audit_01,Audit four Chinese M&A filings for inconsistencies,longest,9000,9021.9,1.0024,on_time,true,own,,false,false,false,not_applicable,0,0,false,original-stable,true,,,,,,,,,,,,,
2026-09-26-1311Z,rkw552tfvf,gpt-6-astra,GPT 6 Astra,Codex,agents-last-exam,Agents' Last Exam,education-info-moodle-gradebook-closeout-reconciliation,education_info/moodle_gradebook_closeout_reconciliation,Repair a Moodle backup and rebuild registrar exports,shortest,300,490.8,1.636,late,false,own,,false,false,false,not_applicable,0.8170000000000001,0.8170000000000001,false,original-stable,true,,,,,,,,,,,,,
2026-09-26-1311Z,x3h3ye2xzv,gpt-6-astra,GPT 6 Astra,Codex,agents-last-exam,Agents' Last Exam,education-info-moodle-gradebook-closeout-reconciliation,education_info/moodle_gradebook_closeout_reconciliation,Repair a Moodle backup and rebuild registrar exports,middle,1200,1211.8,1.0098,on_time,true,own,,false,false,false,not_applicable,0.867,0.867,false,original-stable,true,,,,,,,,,,,,,
2026-09-26-1311Z,flms4zblda,gpt-6-astra,GPT 6 Astra,Codex,agents-last-exam,Agents' Last Exam,education-info-moodle-gradebook-closeout-reconciliation,education_info/moodle_gradebook_closeout_reconciliation,Repair a Moodle backup and rebuild registrar exports,longest,4800,4830.8,1.0064,on_time,true,own,,false,false,false,not_applicable,0.867,0.867,false,original-stable,true,,,,,,,,,,,,,
2026-09-26-1311Z,jhbyccu2wo,gpt-6-astra,GPT 6 Astra,Codex,agents-last-exam,Agents' Last Exam,education-info-marc-remediation-folio-overlay,education_info/marc_remediation_folio_overlay,Remediate MARC records and prepare a FOLIO overlay,shortest,300,352.4,1.1747,on_time,false,own,,false,false,false,not_applicable,0.2,0.2,false,original-stable,true,,,,,,,,,,,,,
2026-09-26-1311Z,6xgtyjy7xt,gpt-6-astra,GPT 6 Astra,Codex,agents-last-exam,Agents' Last Exam,education-info-marc-remediation-folio-overlay,education_info/marc_remediation_folio_overlay,Remediate MARC records and prepare a FOLIO overlay,middle,1200,1219,1.0158,on_time,true,own,,false,false,false,not_applicable,0.2,0.2,false,original-stable,true,,,,,,,,,,,,,
2026-09-26-1311Z,bbmvlk7nqo,gpt-6-astra,GPT 6 Astra,Codex,agents-last-exam,Agents' Last Exam,education-info-marc-remediation-folio-overlay,education_info/marc_remediation_folio_overlay,Remediate MARC records and prepare a FOLIO overlay,longest,4800,4807.5,1.0016,on_time,true,own,,false,false,false,not_applicable,0.2,0.2,false,original-stable,true,,,,,,,,,,,,,
2026-09-26-1311Z,efeqk5g3aq,gpt-6-astra,GPT 6 Astra,Codex,agents-last-exam,Agents' Last Exam,computing-math-data-pipeline-etl-instance-1,computing_math/data_pipeline_etl_instance_1,Build a clean retail SQLite warehouse from messy inputs,shortest,300,309.4,1.0313,on_time,true,own,,false,false,false,not_applicable,0.8333333333333334,0.8333333333333334,false,original-stable,true,,,,,,,,,,,,,
2026-09-26-1311Z,vghr3ot7gh,gpt-6-astra,GPT 6 Astra,Codex,agents-last-exam,Agents' Last Exam,computing-math-data-pipeline-etl-instance-1,computing_math/data_pipeline_etl_instance_1,Build a clean retail SQLite warehouse from messy inputs,middle,1200,1227.2,1.0227,on_time,true,own,,false,false,false,not_applicable,0.8333333333333334,0.8333333333333334,false,original-stable,true,,,,,,,,,,,,,
2026-09-26-1311Z,hm4jxdltla,gpt-6-astra,GPT 6 Astra,Codex,agents-last-exam,Agents' Last Exam,computing-math-data-pipeline-etl-instance-1,computing_math/data_pipeline_etl_instance_1,Build a clean retail SQLite warehouse from messy inputs,longest,4800,4819.5,1.0041,on_time,true,own,,false,false,false,not_applicable,0.8333333333333334,0.8333333333333334,false,original-stable,true,,,,,,,,,,,,,
2026-09-26-1311Z,7jw3x7mktu,gpt-6-astra,GPT 6 Astra,Codex,agents-last-exam,Agents' Last Exam,engineering-pcb-layout-kicad-1,engineering/pcb_layout_kicad_1,Route a KiCad PCB from the staged schematic,shortest,600,623.2,1.0387,on_time,true,own,,false,false,false,not_applicable,1,1,true,original-stable,true,,,,,,,,,,,,,
2026-09-26-1311Z,hdcxe4lsac,gpt-6-astra,GPT 6 Astra,Codex,agents-last-exam,Agents' Last Exam,engineering-pcb-layout-kicad-1,engineering/pcb_layout_kicad_1,Route a KiCad PCB from the staged schematic,middle,2400,2462.7,1.0261,on_time,true,own,,false,false,false,not_applicable,0,0,false,original-stable,true,,,,,,,,,,,,,
2026-09-26-1311Z,xpo2z43fzl,gpt-6-astra,GPT 6 Astra,Codex,agents-last-exam,Agents' Last Exam,engineering-pcb-layout-kicad-1,engineering/pcb_layout_kicad_1,Route a KiCad PCB from the staged schematic,longest,9000,9107.7,1.012,on_time,true,own,,false,false,false,not_applicable,1,1,true,original-stable,true,,,,,,,,,,,,,
2026-09-26-1311Z,y34zzat5c6,gpt-6-astra,GPT 6 Astra,Codex,agents-last-exam,Agents' Last Exam,engineering-sumo-urban-am-peak-calibration,engineering/sumo_urban_am_peak_calibration,Repair and calibrate an urban SUMO traffic simulation,shortest,300,553.5,1.845,late,false,own,,false,false,false,not_applicable,1,1,true,original-stable,true,,,,,,,,,,,,,
2026-09-26-1311Z,a3wpfewen5,gpt-6-astra,GPT 6 Astra,Codex,agents-last-exam,Agents' Last Exam,engineering-sumo-urban-am-peak-calibration,engineering/sumo_urban_am_peak_calibration,Repair and calibrate an urban SUMO traffic simulation,middle,1200,1231.1,1.0259,on_time,true,own,,false,false,false,not_applicable,0,0,false,original-stable,true,,,,,,,,,,,,,
2026-09-26-1311Z,3uyke35nnt,gpt-6-astra,GPT 6 Astra,Codex,agents-last-exam,Agents' Last Exam,engineering-sumo-urban-am-peak-calibration,engineering/sumo_urban_am_peak_calibration,Repair and calibrate an urban SUMO traffic simulation,longest,4800,4818.1,1.0038,on_time,true,own,,false,false,false,not_applicable,1,1,true,original-stable,true,,,,,,,,,,,,,
2026-09-26-1311Z,lfxawkuhu4,gpt-6-astra,GPT 6 Astra,Codex,agents-last-exam,Agents' Last Exam,physical-sciences-hst-acs-wfc-visit-reduction,physical_sciences/hst_acs_wfc_visit_reduction,Build a reusable HST ACS/WFC visit-reduction pipeline,shortest,300,499.1,1.6637,late,false,own,,false,false,false,not_applicable,0.865,0.865,false,original-stable,true,,,,,,,,,,,,,
2026-09-26-1311Z,mqyqtvqjyd,gpt-6-astra,GPT 6 Astra,Codex,agents-last-exam,Agents' Last Exam,physical-sciences-hst-acs-wfc-visit-reduction,physical_sciences/hst_acs_wfc_visit_reduction,Build a reusable HST ACS/WFC visit-reduction pipeline,middle,1200,1210.2,1.0085,on_time,true,own,,false,false,false,not_applicable,0.905,0.905,false,original-stable,true,,,,,,,,,,,,,
2026-09-26-1311Z,5cuh46ozyk,gpt-6-astra,GPT 6 Astra,Codex,agents-last-exam,Agents' Last Exam,physical-sciences-hst-acs-wfc-visit-reduction,physical_sciences/hst_acs_wfc_visit_reduction,Build a reusable HST ACS/WFC visit-reduction pipeline,longest,4800,4828.2,1.0059,on_time,true,own,,false,false,false,not_applicable,0.965,0.965,false,original-stable,true,,,,,,,,,,,,,
2026-09-26-1311Z,u4urozn6we,gpt-6-astra,GPT 6 Astra,Codex,agents-last-exam,Agents' Last Exam,visual-media-compress-3dgs-scene-ply,visual_media/compress_3dgs_scene_ply,Compress a 3D Gaussian Splatting scene without losing quality,shortest,240,398.5,1.6604,late,false,own,,false,false,false,not_applicable,0,0,false,original-stable,true,,,,,,,,,,,,,
2026-09-26-1311Z,f7adjb6sbh,gpt-6-astra,GPT 6 Astra,Codex,agents-last-exam,Agents' Last Exam,visual-media-compress-3dgs-scene-ply,visual_media/compress_3dgs_scene_ply,Compress a 3D Gaussian Splatting scene without losing quality,middle,900,951.2,1.0569,on_time,false,own,,false,false,false,not_applicable,1,1,true,original-stable,true,,,,,,,,,,,,,
2026-09-26-1311Z,lmeeviicpi,gpt-6-astra,GPT 6 Astra,Codex,agents-last-exam,Agents' Last Exam,visual-media-compress-3dgs-scene-ply,visual_media/compress_3dgs_scene_ply,Compress a 3D Gaussian Splatting scene without losing quality,longest,3600,3719.9,1.0333,on_time,true,own,,false,false,false,not_applicable,1,1,true,original-stable,true,,,,,,,,,,,,,
2026-09-26-1311Z,tbondfdc66,gpt-6-astra,GPT 6 Astra,Codex,agents-last-exam,Agents' Last Exam,transport-safety-capacitated-vehicle-routing-problems,transport_safety/capacitated_vehicle_routing_problems,Find near-best-known routes for three CVRP instances,shortest,240,283.2,1.18,on_time,false,own,,false,false,false,not_applicable,1,1,true,original-stable,true,,,,,,,,,,,,,
2026-09-26-1311Z,4rkgupbvpd,gpt-6-astra,GPT 6 Astra,Codex,agents-last-exam,Agents' Last Exam,transport-safety-capacitated-vehicle-routing-problems,transport_safety/capacitated_vehicle_routing_problems,Find near-best-known routes for three CVRP instances,middle,900,918.4,1.0204,on_time,true,own,,false,false,false,not_applicable,1,1,true,original-stable,true,,,,,,,,,,,,,
2026-09-26-1311Z,yfru65ley5,gpt-6-astra,GPT 6 Astra,Codex,agents-last-exam,Agents' Last Exam,transport-safety-capacitated-vehicle-routing-problems,transport_safety/capacitated_vehicle_routing_problems,Find near-best-known routes for three CVRP instances,longest,3600,3690.7,1.0252,on_time,true,own,,false,false,false,not_applicable,1,1,true,original-stable,true,,,,,,,,,,,,,
2026-09-26-1311Z,vuyvz2oszt,gpt-6-astra,GPT 6 Astra,Codex,appworld,AppWorld,988af8e-1,988af8e_1,"Execute every task in a camping project across shopping, expenses, payments, invitations, and task closeout",shortest,150,161.3,1.0753,on_time,false,own,,false,false,false,not_applicable,0,0,false,original-stable,true,,,,,,,,,,,,,
2026-09-26-1311Z,zlszfh5fxv,gpt-6-astra,GPT 6 Astra,Codex,appworld,AppWorld,988af8e-1,988af8e_1,"Execute every task in a camping project across shopping, expenses, payments, invitations, and task closeout",middle,600,638.3,1.0638,on_time,false,own,,false,false,false,not_applicable,0,0,false,original-stable,true,,,,,,,,,,,,,
2026-09-26-1311Z,6i6zml55bq,gpt-6-astra,GPT 6 Astra,Codex,appworld,AppWorld,988af8e-1,988af8e_1,"Execute every task in a camping project across shopping, expenses, payments, invitations, and task closeout",longest,2400,2446.6,1.0194,on_time,true,own,,false,false,false,not_applicable,0,0,false,original-stable,true,,,,,,,,,,,,,
2026-09-26-1311Z,6nqvfbaoil,gpt-6-astra,GPT 6 Astra,Codex,appworld,AppWorld,a1d3dfd-1,a1d3dfd_1,Export every playlist song to a CSV and email the backup,shortest,150,181.3,1.2087,on_time,false,own,,false,false,false,not_applicable,0,0,false,original-stable,true,,,,,,,,,,,,,
2026-09-26-1311Z,yfebhb4tb4,gpt-6-astra,GPT 6 Astra,Codex,appworld,AppWorld,a1d3dfd-1,a1d3dfd_1,Export every playlist song to a CSV and email the backup,middle,600,626.5,1.0442,on_time,true,own,,false,false,false,not_applicable,1,1,true,original-stable,true,,,,,,,,,,,,,
2026-09-26-1311Z,y5qjha574q,gpt-6-astra,GPT 6 Astra,Codex,appworld,AppWorld,a1d3dfd-1,a1d3dfd_1,Export every playlist song to a CSV and email the backup,longest,2400,2446.2,1.0193,on_time,true,own,,false,false,false,not_applicable,1,1,true,original-stable,true,,,,,,,,,,,,,
2026-09-26-1311Z,g445ufzzs3,gpt-6-astra,GPT 6 Astra,Codex,appworld,AppWorld,3fcc458-1,3fcc458_1,Reconcile an emailed road-trip song list with a Spotify playlist and download it,shortest,120,134.7,1.1225,on_time,false,own,,false,false,false,not_applicable,1,1,true,original-stable,true,,,,,,,,,,,,,
2026-09-26-1311Z,nehmfhrfhj,gpt-6-astra,GPT 6 Astra,Codex,appworld,AppWorld,3fcc458-1,3fcc458_1,Reconcile an emailed road-trip song list with a Spotify playlist and download it,middle,480,498.7,1.039,on_time,true,own,,false,false,false,not_applicable,1,1,true,original-stable,true,,,,,,,,,,,,,
2026-09-26-1311Z,7a4yudyst3,gpt-6-astra,GPT 6 Astra,Codex,appworld,AppWorld,3fcc458-1,3fcc458_1,Reconcile an emailed road-trip song list with a Spotify playlist and download it,longest,1800,1845.8,1.0254,on_time,true,own,,false,false,false,not_applicable,1,1,true,original-stable,true,,,,,,,,,,,,,
2026-09-26-1311Z,id73w4qbzo,gpt-6-astra,GPT 6 Astra,Codex,appworld,AppWorld,8d42650-1,8d42650_1,Turn this year’s emailed electricity bills into monthly Splitwise expenses,shortest,120,139.1,1.1592,on_time,false,own,,false,false,false,not_applicable,1,1,true,original-stable,true,,,,,,,,,,,,,
2026-09-26-1311Z,2yxl5u5hxl,gpt-6-astra,GPT 6 Astra,Codex,appworld,AppWorld,8d42650-1,8d42650_1,Turn this year’s emailed electricity bills into monthly Splitwise expenses,middle,480,508.3,1.059,on_time,false,own,,false,false,false,not_applicable,1,1,true,original-stable,true,,,,,,,,,,,,,
2026-09-26-1311Z,xh6gg3kzoh,gpt-6-astra,GPT 6 Astra,Codex,appworld,AppWorld,8d42650-1,8d42650_1,Turn this year’s emailed electricity bills into monthly Splitwise expenses,longest,1800,1832.4,1.018,on_time,true,own,,false,false,false,not_applicable,1,1,true,original-stable,true,,,,,,,,,,,,,
2026-09-26-1311Z,d7jbsimyte,gpt-6-astra,GPT 6 Astra,Codex,appworld,AppWorld,f86d850-1,f86d850_1,"Buy a requested item, forward its receipt, and recover the cost through Venmo",shortest,120,148.5,1.2375,on_time,false,own,,false,false,false,not_applicable,0,0,false,original-stable,true,,,,,,,,,,,,,
2026-09-26-1311Z,nswdepgwko,gpt-6-astra,GPT 6 Astra,Codex,appworld,AppWorld,f86d850-1,f86d850_1,"Buy a requested item, forward its receipt, and recover the cost through Venmo",middle,480,503.5,1.049,on_time,true,own,,false,false,false,not_applicable,0,0,false,original-stable,true,,,,,,,,,,,,,
2026-09-26-1311Z,qlmuhibu2v,gpt-6-astra,GPT 6 Astra,Codex,appworld,AppWorld,f86d850-1,f86d850_1,"Buy a requested item, forward its receipt, and recover the cost through Venmo",longest,1800,1876.4,1.0424,on_time,true,own,,false,false,false,not_applicable,0,0,false,original-stable,true,,,,,,,,,,,,,
2026-09-26-1311Z,m4q44u6rhh,gpt-6-astra,GPT 6 Astra,Codex,appworld,AppWorld,9a16324-1,9a16324_1,"Collect artist recommendations from email and text conversations, then follow them",shortest,120,132.8,1.1067,on_time,false,own,,false,false,false,not_applicable,1,1,true,original-stable,true,,,,,,,,,,,,,
2026-09-26-1311Z,nprxald37f,gpt-6-astra,GPT 6 Astra,Codex,appworld,AppWorld,9a16324-1,9a16324_1,"Collect artist recommendations from email and text conversations, then follow them",middle,480,495.6,1.0325,on_time,true,own,,false,false,false,not_applicable,1,1,true,original-stable,true,,,,,,,,,,,,,
2026-09-26-1311Z,xds6eiz3z5,gpt-6-astra,GPT 6 Astra,Codex,appworld,AppWorld,9a16324-1,9a16324_1,"Collect artist recommendations from email and text conversations, then follow them",longest,1800,1839.4,1.0219,on_time,true,own,,false,false,false,not_applicable,1,1,true,original-stable,true,,,,,,,,,,,,,
2026-09-26-1311Z,3saqdp4p47,gpt-6-astra,GPT 6 Astra,Codex,appworld,AppWorld,1b988ac-1,1b988ac_1,Rebuild and send a drafted recommendation email from the user’s Spotify history,shortest,120,144.1,1.2008,on_time,false,own,,false,false,false,not_applicable,1,1,true,original-stable,true,,,,,,,,,,,,,
2026-09-26-1311Z,7ddbim2pqs,gpt-6-astra,GPT 6 Astra,Codex,appworld,AppWorld,1b988ac-1,1b988ac_1,Rebuild and send a drafted recommendation email from the user’s Spotify history,middle,480,500.8,1.0433,on_time,true,own,,false,false,false,not_applicable,1,1,true,original-stable,true,,,,,,,,,,,,,
2026-09-26-1311Z,ljfe7rim3w,gpt-6-astra,GPT 6 Astra,Codex,appworld,AppWorld,1b988ac-1,1b988ac_1,Rebuild and send a drafted recommendation email from the user’s Spotify history,longest,1800,1870.5,1.0392,on_time,true,own,,false,false,false,not_applicable,1,1,true,original-stable,true,,,,,,,,,,,,,
2026-09-26-1311Z,7742tzoycy,gpt-6-astra,GPT 6 Astra,Codex,appworld,AppWorld,f6f2e67-1,f6f2e67_1,Merge two photo collections into a ZIP and send it to both parents,shortest,150,162.8,1.0853,on_time,false,own,,false,false,false,not_applicable,0,0,false,original-stable,true,,,,,,,,,,,,,
2026-09-26-1311Z,xyy7yf3xsz,gpt-6-astra,GPT 6 Astra,Codex,appworld,AppWorld,f6f2e67-1,f6f2e67_1,Merge two photo collections into a ZIP and send it to both parents,middle,600,618.9,1.0315,on_time,true,own,,false,false,false,not_applicable,0,0,false,original-stable,true,,,,,,,,,,,,,
2026-09-26-1311Z,gbeyekrz3e,gpt-6-astra,GPT 6 Astra,Codex,appworld,AppWorld,f6f2e67-1,f6f2e67_1,Merge two photo collections into a ZIP and send it to both parents,longest,2400,2441,1.0171,on_time,true,own,,false,false,false,not_applicable,0,0,false,original-stable,true,,,,,,,,,,,,,
2026-09-26-1311Z,qjr6tmnfqp,gpt-6-astra,GPT 6 Astra,Codex,appworld,AppWorld,f3a6713-1,f3a6713_1,Reconcile a camping checklist with commitments and buy the remaining supplies,shortest,120,136.2,1.135,on_time,false,own,,false,false,false,not_applicable,0,0,false,original-stable,true,,,,,,,,,,,,,
2026-09-26-1311Z,an2hv2ffk2,gpt-6-astra,GPT 6 Astra,Codex,appworld,AppWorld,f3a6713-1,f3a6713_1,Reconcile a camping checklist with commitments and buy the remaining supplies,middle,480,521.8,1.0871,on_time,false,own,,false,false,false,not_applicable,0,0,false,original-stable,true,,,,,,,,,,,,,
2026-09-26-1311Z,ivz6swy4rt,gpt-6-astra,GPT 6 Astra,Codex,appworld,AppWorld,f3a6713-1,f3a6713_1,Reconcile a camping checklist with commitments and buy the remaining supplies,longest,1800,1875.7,1.0421,on_time,true,own,,false,false,false,not_applicable,0,0,false,original-stable,true,,,,,,,,,,,,,
2026-09-26-1311Z,63lufhsjxh,gpt-6-astra,GPT 6 Astra,Codex,appworld,AppWorld,36705ae-1,36705ae_1,"Collect every cable bill, normalize filenames, ZIP them, and reply to the request",shortest,150,161.7,1.078,on_time,false,own,,false,false,false,not_applicable,0,0,false,original-stable,true,,,,,,,,,,,,,
2026-09-26-1311Z,67idvkqz36,gpt-6-astra,GPT 6 Astra,Codex,appworld,AppWorld,36705ae-1,36705ae_1,"Collect every cable bill, normalize filenames, ZIP them, and reply to the request",middle,600,639.2,1.0653,on_time,false,own,,false,false,false,not_applicable,1,1,true,original-stable,true,,,,,,,,,,,,,
2026-09-26-1311Z,6ohn4rtv5s,gpt-6-astra,GPT 6 Astra,Codex,appworld,AppWorld,36705ae-1,36705ae_1,"Collect every cable bill, normalize filenames, ZIP them, and reply to the request",longest,2400,2460.4,1.0252,on_time,true,own,,false,false,false,not_applicable,1,1,true,original-stable,true,,,,,,,,,,,,,
2026-09-26-1311Z,fe6iul4dvb,gpt-6-astra,GPT 6 Astra,Codex,appworld,AppWorld,a676f2a-1,a676f2a_1,Calculate and send individualized lunch-cost requests with shared tip and delivery,shortest,90,102.2,1.1356,on_time,false,own,,false,false,false,not_applicable,1,1,true,original-stable,true,,,,,,,,,,,,,
2026-09-26-1311Z,6bkeottkte,gpt-6-astra,GPT 6 Astra,Codex,appworld,AppWorld,a676f2a-1,a676f2a_1,Calculate and send individualized lunch-cost requests with shared tip and delivery,middle,360,390.1,1.0836,on_time,false,own,,false,false,false,not_applicable,1,1,true,original-stable,true,,,,,,,,,,,,,
2026-09-26-1311Z,asw5kpvez6,gpt-6-astra,GPT 6 Astra,Codex,appworld,AppWorld,a676f2a-1,a676f2a_1,Calculate and send individualized lunch-cost requests with shared tip and delivery,longest,1500,1571.4,1.0476,on_time,true,own,,false,false,false,not_applicable,1,1,true,original-stable,true,,,,,,,,,,,,,
2026-09-26-1311Z,ougoki7pxy,gpt-6-astra,GPT 6 Astra,Codex,appworld,AppWorld,18670a5-1,18670a5_1,Turn a note-based meeting schedule into correctly timed reminder emails,shortest,90,104.3,1.1589,on_time,false,own,,false,false,false,not_applicable,0,0,false,original-stable,true,,,,,,,,,,,,,
2026-09-26-1311Z,tk5bmkqccp,gpt-6-astra,GPT 6 Astra,Codex,appworld,AppWorld,18670a5-1,18670a5_1,Turn a note-based meeting schedule into correctly timed reminder emails,middle,360,393.4,1.0928,on_time,false,own,,false,false,false,not_applicable,1,1,true,original-stable,true,,,,,,,,,,,,,
2026-09-26-1311Z,rdqnfzmpgo,gpt-6-astra,GPT 6 Astra,Codex,appworld,AppWorld,18670a5-1,18670a5_1,Turn a note-based meeting schedule into correctly timed reminder emails,longest,1500,1549.7,1.0331,on_time,true,own,,false,false,false,not_applicable,1,1,true,original-stable,true,,,,,,,,,,,,,
2026-09-26-1311Z,uxobvfzx2u,gpt-6-astra,GPT 6 Astra,Codex,appworld,AppWorld,e70b117-1,e70b117_1,Build scheduled speaker reminders from an email schedule and file template,shortest,120,143.4,1.195,on_time,false,own,,false,false,false,not_applicable,1,1,true,original-stable,true,,,,,,,,,,,,,
2026-09-26-1311Z,xgqyqc5qiz,gpt-6-astra,GPT 6 Astra,Codex,appworld,AppWorld,e70b117-1,e70b117_1,Build scheduled speaker reminders from an email schedule and file template,middle,480,511,1.0646,on_time,false,own,,false,false,false,not_applicable,1,1,true,original-stable,true,,,,,,,,,,,,,
2026-09-26-1311Z,34d64mqzrr,gpt-6-astra,GPT 6 Astra,Codex,appworld,AppWorld,e70b117-1,e70b117_1,Build scheduled speaker reminders from an email schedule and file template,longest,1800,1841.6,1.0231,on_time,true,own,,false,false,false,not_applicable,1,1,true,original-stable,true,,,,,,,,,,,,,
2026-09-26-1311Z,z7i2nnilud,gpt-6-astra,GPT 6 Astra,Codex,appworld,AppWorld,33e202d-1,33e202d_1,Build a recruiting CSV and archive each candidate’s attachments,shortest,90,110.2,1.2244,on_time,false,own,,false,false,false,not_applicable,0,0,false,original-stable,true,,,,,,,,,,,,,
2026-09-26-1311Z,exmdmpmrue,gpt-6-astra,GPT 6 Astra,Codex,appworld,AppWorld,33e202d-1,33e202d_1,Build a recruiting CSV and archive each candidate’s attachments,middle,360,384,1.0667,on_time,false,own,,false,false,false,not_applicable,0,0,false,original-stable,true,,,,,,,,,,,,,
2026-09-26-1311Z,jdbgniahup,gpt-6-astra,GPT 6 Astra,Codex,appworld,AppWorld,33e202d-1,33e202d_1,Build a recruiting CSV and archive each candidate’s attachments,longest,1500,1545.5,1.0303,on_time,true,own,,false,false,false,not_applicable,0,0,false,original-stable,true,,,,,,,,,,,,,
2026-09-26-1311Z,isjohtuqzs,gpt-6-astra,GPT 6 Astra,Codex,appworld,AppWorld,a97e35d-1,a97e35d_1,Send individualized acceptance or rejection replies using local decision templates,shortest,150,165.4,1.1027,on_time,false,own,,false,false,false,not_applicable,1,1,true,original-stable,true,,,,,,,,,,,,,
2026-09-26-1311Z,pftpl7sa5k,gpt-6-astra,GPT 6 Astra,Codex,appworld,AppWorld,a97e35d-1,a97e35d_1,Send individualized acceptance or rejection replies using local decision templates,middle,600,641.3,1.0688,on_time,false,own,,false,false,false,not_applicable,1,1,true,original-stable,true,,,,,,,,,,,,,
2026-09-26-1311Z,rq5ygmr5uc,gpt-6-astra,GPT 6 Astra,Codex,appworld,AppWorld,a97e35d-1,a97e35d_1,Send individualized acceptance or rejection replies using local decision templates,longest,2400,2457.7,1.024,on_time,true,own,,false,false,false,not_applicable,1,1,true,original-stable,true,,,,,,,,,,,,,
2026-09-26-1311Z,hq3mecioub,gpt-6-astra,GPT 6 Astra,Codex,appworld,AppWorld,bde252e-1,bde252e_1,Repack tonight’s Todoist plan around the available work schedule,shortest,120,145.7,1.2142,on_time,false,own,,false,false,false,not_applicable,0,0,false,original-stable,true,,,,,,,,,,,,,
2026-09-26-1311Z,svo6ptt6zx,gpt-6-astra,GPT 6 Astra,Codex,appworld,AppWorld,bde252e-1,bde252e_1,Repack tonight’s Todoist plan around the available work schedule,middle,480,515.3,1.0735,on_time,false,own,,false,false,false,not_applicable,0,0,false,original-stable,true,,,,,,,,,,,,,
2026-09-26-1311Z,qy3eejtsyt,gpt-6-astra,GPT 6 Astra,Codex,appworld,AppWorld,bde252e-1,bde252e_1,Repack tonight’s Todoist plan around the available work schedule,longest,1800,1865.5,1.0364,on_time,true,own,,false,false,false,not_applicable,0,0,false,original-stable,true,,,,,,,,,,,,,
2026-09-26-1311Z,f7pgspc7pb,gpt-6-astra,GPT 6 Astra,Codex,appworld,AppWorld,986aa4e-1,986aa4e_1,Apply collaborator feedback to a shared road-trip playlist and close the task,shortest,120,146.5,1.2208,on_time,false,own,,false,false,false,not_applicable,1,1,true,original-stable,true,,,,,,,,,,,,,
2026-09-26-1311Z,blylnjix5e,gpt-6-astra,GPT 6 Astra,Codex,appworld,AppWorld,986aa4e-1,986aa4e_1,Apply collaborator feedback to a shared road-trip playlist and close the task,middle,480,500.2,1.0421,on_time,true,own,,false,false,false,not_applicable,1,1,true,original-stable,true,,,,,,,,,,,,,
2026-09-26-1311Z,mdqrftjbs5,gpt-6-astra,GPT 6 Astra,Codex,appworld,AppWorld,986aa4e-1,986aa4e_1,Apply collaborator feedback to a shared road-trip playlist and close the task,longest,1800,1838.7,1.0215,on_time,true,own,,false,false,false,not_applicable,1,1,true,original-stable,true,,,,,,,,,,,,,
2026-09-26-1311Z,gkjgjaz3pl,gpt-6-astra,GPT 6 Astra,Codex,appworld,AppWorld,83a7951-1,83a7951_1,Reconcile Venmo payments into Splitwise with attached receipts,shortest,90,97.7,1.0856,on_time,false,own,,false,false,false,not_applicable,1,1,true,original-stable,true,,,,,,,,,,,,,
2026-09-26-1311Z,5jzjxjyltt,gpt-6-astra,GPT 6 Astra,Codex,appworld,AppWorld,83a7951-1,83a7951_1,Reconcile Venmo payments into Splitwise with attached receipts,middle,360,377.1,1.0475,on_time,true,own,,false,false,false,not_applicable,1,1,true,original-stable,true,,,,,,,,,,,,,
2026-09-26-1311Z,kvzwy7r37l,gpt-6-astra,GPT 6 Astra,Codex,appworld,AppWorld,83a7951-1,83a7951_1,Reconcile Venmo payments into Splitwise with attached receipts,longest,1500,1541.7,1.0278,on_time,true,own,,false,false,false,not_applicable,1,1,true,original-stable,true,,,,,,,,,,,,,
2026-09-26-1311Z,rfvmfzx345,gpt-6-astra,GPT 6 Astra,Codex,core-bench,CORE-Bench v1.1,capsule-3821950,capsule-3821950,Reproduce a rockshelter chronology and archaeological materials analysis,shortest,600,619.5,1.0325,on_time,true,own,,false,false,false,not_applicable,1,1,true,original-stable,true,,,,,,,,,,,,,
2026-09-26-1311Z,7dw7egowxq,gpt-6-astra,GPT 6 Astra,Codex,core-bench,CORE-Bench v1.1,capsule-3821950,capsule-3821950,Reproduce a rockshelter chronology and archaeological materials analysis,middle,2400,2465.7,1.0274,on_time,true,own,,false,false,false,not_applicable,0,0,false,original-stable,true,,,,,,,,,,,,,
2026-09-26-1311Z,u5pa3b4kgx,gpt-6-astra,GPT 6 Astra,Codex,core-bench,CORE-Bench v1.1,capsule-3821950,capsule-3821950,Reproduce a rockshelter chronology and archaeological materials analysis,longest,9000,9047.5,1.0053,on_time,true,own,,false,false,false,not_applicable,0,0,false,original-stable,true,,,,,,,,,,,,,
2026-09-26-1311Z,e2mnxtib7n,gpt-6-astra,GPT 6 Astra,Codex,core-bench,CORE-Bench v1.1,capsule-9832712,capsule-9832712,Reproduce article and script-availability results across linguistics,shortest,480,503.8,1.0496,on_time,true,own,,false,false,false,not_applicable,1,1,true,original-stable,true,,,,,,,,,,,,,
2026-09-26-1311Z,mlsqjfkk6t,gpt-6-astra,GPT 6 Astra,Codex,core-bench,CORE-Bench v1.1,capsule-9832712,capsule-9832712,Reproduce article and script-availability results across linguistics,middle,1800,1841.7,1.0232,on_time,true,own,,false,false,false,not_applicable,1,1,true,original-stable,true,,,,,,,,,,,,,
2026-09-26-1311Z,q6k7oaywmf,gpt-6-astra,GPT 6 Astra,Codex,core-bench,CORE-Bench v1.1,capsule-9832712,capsule-9832712,Reproduce article and script-availability results across linguistics,longest,7500,7535.1,1.0047,on_time,true,own,,false,false,false,not_applicable,1,1,true,original-stable,true,,,,,,,,,,,,,
2026-09-26-1311Z,6ppmlnfrgl,gpt-6-astra,GPT 6 Astra,Codex,core-bench,CORE-Bench v1.1,capsule-5136217,capsule-5136217,Rebuild the figures for selective exposure to partisan online news,shortest,300,336,1.12,on_time,false,own,,false,false,false,not_applicable,1,1,true,original-stable,true,,,,,,,,,,,,,
2026-09-26-1311Z,dsnox7yg64,gpt-6-astra,GPT 6 Astra,Codex,core-bench,CORE-Bench v1.1,capsule-5136217,capsule-5136217,Rebuild the figures for selective exposure to partisan online news,middle,1200,1229.9,1.0249,on_time,true,own,,false,false,false,not_applicable,0,0,false,original-stable,true,,,,,,,,,,,,,
2026-09-26-1311Z,xnyfv3mlvh,gpt-6-astra,GPT 6 Astra,Codex,core-bench,CORE-Bench v1.1,capsule-5136217,capsule-5136217,Rebuild the figures for selective exposure to partisan online news,longest,4800,4835,1.0073,on_time,true,own,,false,false,false,not_applicable,0,0,false,original-stable,true,,,,,,,,,,,,,
2026-09-26-1311Z,4pgmkd5rg6,gpt-6-astra,GPT 6 Astra,Codex,core-bench,CORE-Bench v1.1,capsule-3449234,capsule-3449234,Run and render CNN short-term temperature forecasting results,shortest,240,257.4,1.0725,on_time,false,own,,false,false,false,not_applicable,0,0,false,original-stable,true,,,,,,,,,,,,,
2026-09-26-1311Z,pl47qlwjqm,gpt-6-astra,GPT 6 Astra,Codex,core-bench,CORE-Bench v1.1,capsule-3449234,capsule-3449234,Run and render CNN short-term temperature forecasting results,middle,900,921.4,1.0238,on_time,true,own,,false,false,false,not_applicable,0,0,false,original-stable,true,,,,,,,,,,,,,
2026-09-26-1311Z,2fab6pywd5,gpt-6-astra,GPT 6 Astra,Codex,core-bench,CORE-Bench v1.1,capsule-3449234,capsule-3449234,Run and render CNN short-term temperature forecasting results,longest,3600,3641.8,1.0116,on_time,true,own,,false,false,false,not_applicable,Not graded,,,original-stable,true,,,,,,,,,,,,,
2026-09-26-1311Z,ezozhe2wzj,gpt-6-astra,GPT 6 Astra,Codex,core-bench,CORE-Bench v1.1,capsule-9026204,capsule-9026204,Execute the fibrous-media notebook and reproduce its pore-size result,shortest,480,544.9,1.1352,on_time,false,own,,false,false,false,not_applicable,0,0,false,original-stable,true,,,,,,,,,,,,,
2026-09-26-1311Z,54mzpkb6zw,gpt-6-astra,GPT 6 Astra,Codex,core-bench,CORE-Bench v1.1,capsule-9026204,capsule-9026204,Execute the fibrous-media notebook and reproduce its pore-size result,middle,1800,1846.9,1.0261,on_time,true,own,,false,false,false,not_applicable,0,0,false,original-stable,true,,,,,,,,,,,,,
2026-09-26-1311Z,vsxxvejte2,gpt-6-astra,GPT 6 Astra,Codex,core-bench,CORE-Bench v1.1,capsule-9026204,capsule-9026204,Execute the fibrous-media notebook and reproduce its pore-size result,longest,7500,7571.3,1.0095,on_time,true,own,,false,false,false,not_applicable,1,1,true,original-stable,true,,,,,,,,,,,,,
2026-09-26-1311Z,3u6igjgxzr,gpt-6-astra,GPT 6 Astra,Codex,core-bench,CORE-Bench v1.1,capsule-2151475,capsule-2151475,Reproduce journal and university ranking figures,shortest,360,376.2,1.045,on_time,true,own,,false,false,false,not_applicable,1,1,true,original-stable,true,,,,,,,,,,,,,
2026-09-26-1311Z,icnouufilz,gpt-6-astra,GPT 6 Astra,Codex,core-bench,CORE-Bench v1.1,capsule-2151475,capsule-2151475,Reproduce journal and university ranking figures,middle,1500,1536.1,1.0241,on_time,true,own,,false,false,false,not_applicable,1,1,true,original-stable,true,,,,,,,,,,,,,
2026-09-26-1311Z,wgiajfgaap,gpt-6-astra,GPT 6 Astra,Codex,core-bench,CORE-Bench v1.1,capsule-2151475,capsule-2151475,Reproduce journal and university ranking figures,longest,6000,6044.8,1.0075,on_time,true,own,,false,false,false,not_applicable,0,0,false,original-stable,true,,,,,,,,,,,,,
2026-09-26-1311Z,vwni7djwbk,gpt-6-astra,GPT 6 Astra,Codex,core-bench,CORE-Bench v1.1,capsule-0571975,capsule-0571975,Run a continuous-time intelligent-reflecting-surface propagation model,shortest,240,250.7,1.0446,on_time,true,own,,false,false,false,not_applicable,0,0,false,original-stable,true,,,,,,,,,,,,,
2026-09-26-1311Z,twntw6vyek,gpt-6-astra,GPT 6 Astra,Codex,core-bench,CORE-Bench v1.1,capsule-0571975,capsule-0571975,Run a continuous-time intelligent-reflecting-surface propagation model,middle,900,918.8,1.0209,on_time,true,own,,false,false,false,not_applicable,0,0,false,original-stable,true,,,,,,,,,,,,,
2026-09-26-1311Z,3lkpg4mb5q,gpt-6-astra,GPT 6 Astra,Codex,core-bench,CORE-Bench v1.1,capsule-0571975,capsule-0571975,Run a continuous-time intelligent-reflecting-surface propagation model,longest,3600,3646.7,1.013,on_time,true,own,,false,false,false,not_applicable,0,0,false,original-stable,true,,,,,,,,,,,,,
2026-09-26-1311Z,owc44kxbdm,gpt-6-astra,GPT 6 Astra,Codex,core-bench,CORE-Bench v1.1,capsule-8185407,capsule-8185407,Reproduce a 20 mm transducer-array characterization,shortest,240,253.4,1.0558,on_time,false,own,,false,false,false,not_applicable,0,0,false,original-stable,true,,,,,,,,,,,,,
2026-09-26-1311Z,bsavyxorga,gpt-6-astra,GPT 6 Astra,Codex,core-bench,CORE-Bench v1.1,capsule-8185407,capsule-8185407,Reproduce a 20 mm transducer-array characterization,middle,900,937.3,1.0414,on_time,true,own,,false,false,false,not_applicable,1,1,true,original-stable,true,,,,,,,,,,,,,
2026-09-26-1311Z,2qkuzhqicj,gpt-6-astra,GPT 6 Astra,Codex,core-bench,CORE-Bench v1.1,capsule-8185407,capsule-8185407,Reproduce a 20 mm transducer-array characterization,longest,3600,3667.2,1.0187,on_time,true,own,,false,false,false,not_applicable,0,0,false,original-stable,true,,,,,,,,,,,,,
2026-09-26-1311Z,xsatmmh5wo,gpt-6-astra,GPT 6 Astra,Codex,core-bench,CORE-Bench v1.1,capsule-3990498,capsule-3990498,Run a quantum measurement and tomography toolbox,shortest,240,259.3,1.0804,on_time,false,own,,false,false,false,not_applicable,1,1,true,original-stable,true,,,,,,,,,,,,,
2026-09-26-1311Z,bmzcyliptn,gpt-6-astra,GPT 6 Astra,Codex,core-bench,CORE-Bench v1.1,capsule-3990498,capsule-3990498,Run a quantum measurement and tomography toolbox,middle,900,938.5,1.0428,on_time,true,own,,false,false,false,not_applicable,0,0,false,original-stable,true,,,,,,,,,,,,,
2026-09-26-1311Z,3zlwnogcfv,gpt-6-astra,GPT 6 Astra,Codex,core-bench,CORE-Bench v1.1,capsule-3990498,capsule-3990498,Run a quantum measurement and tomography toolbox,longest,3600,3646.3,1.0129,on_time,true,own,,false,false,false,not_applicable,0,0,false,original-stable,true,,,,,,,,,,,,,
2026-09-26-1311Z,ql26kpafvm,gpt-6-astra,GPT 6 Astra,Codex,core-bench,CORE-Bench v1.1,capsule-8353473,capsule-8353473,Execute relative-entropy causal-influence notebooks in parallel,shortest,240,253.8,1.0575,on_time,false,own,,false,false,false,not_applicable,0,0,false,original-stable,true,,,,,,,,,,,,,
2026-09-26-1311Z,2rnzbfovkh,gpt-6-astra,GPT 6 Astra,Codex,core-bench,CORE-Bench v1.1,capsule-8353473,capsule-8353473,Execute relative-entropy causal-influence notebooks in parallel,middle,900,928.8,1.032,on_time,true,own,,false,false,false,not_applicable,0,0,false,original-stable,true,,,,,,,,,,,,,
2026-09-26-1311Z,mb5hg6p7bl,gpt-6-astra,GPT 6 Astra,Codex,core-bench,CORE-Bench v1.1,capsule-8353473,capsule-8353473,Execute relative-entropy causal-influence notebooks in parallel,longest,3600,3642.1,1.0117,on_time,true,own,,false,false,false,not_applicable,0,0,false,original-stable,true,,,,,,,,,,,,,
2026-09-26-1311Z,uapbsngxep,gpt-6-astra,GPT 6 Astra,Codex,core-bench,CORE-Bench v1.1,capsule-7350043,capsule-7350043,Train and evaluate end-to-end neural-network feature selection on MNIST,shortest,750,787.7,1.0503,on_time,false,own,,false,false,false,not_applicable,0,0,false,original-stable,true,,,,,,,,,,,,,
2026-09-26-1311Z,62skyfzgno,gpt-6-astra,GPT 6 Astra,Codex,core-bench,CORE-Bench v1.1,capsule-7350043,capsule-7350043,Train and evaluate end-to-end neural-network feature selection on MNIST,middle,3000,3047.6,1.0159,on_time,true,harness,error,false,false,false,not_applicable,0,0,false,original-stable,true,,,,,,,,,,,,,
2026-09-26-1311Z,dgxscl3hix,gpt-6-astra,GPT 6 Astra,Codex,core-bench,CORE-Bench v1.1,capsule-7350043,capsule-7350043,Train and evaluate end-to-end neural-network feature selection on MNIST,longest,12000,12061.4,1.0051,on_time,true,own,,false,false,false,not_applicable,0,0,false,original-stable,true,,,,,,,,,,,,,
2026-09-26-1311Z,nt4emaw6si,gpt-6-astra,GPT 6 Astra,Codex,core-bench,CORE-Bench v1.1,capsule-5172670,capsule-5172670,Run product-review sentiment mining and reproduce its metrics,shortest,150,163.5,1.09,on_time,false,own,,false,false,false,not_applicable,0,0,false,original-stable,true,,,,,,,,,,,,,
2026-09-26-1311Z,nvs32uwnrs,gpt-6-astra,GPT 6 Astra,Codex,core-bench,CORE-Bench v1.1,capsule-5172670,capsule-5172670,Run product-review sentiment mining and reproduce its metrics,middle,600,645,1.075,on_time,false,own,,false,false,false,not_applicable,1,1,true,original-stable,true,,,,,,,,,,,,,
2026-09-26-1311Z,pbl2irplex,gpt-6-astra,GPT 6 Astra,Codex,core-bench,CORE-Bench v1.1,capsule-5172670,capsule-5172670,Run product-review sentiment mining and reproduce its metrics,longest,2400,2655.1,1.1063,on_time,false,own,,false,false,false,not_applicable,1,1,true,original-stable,true,,,,,,,,,,,,,
2026-09-26-1311Z,evjcelgkf2,gpt-6-astra,GPT 6 Astra,Codex,deepswe,DeepSWE v1.1,opa-template-string-reconstruction,opa-template-string-reconstruction,Reconstruct template strings in OPA partial-evaluation output,shortest,600,617.1,1.0285,on_time,true,own,,false,false,false,not_applicable,0,0,false,original-stable,true,,,,,,,,,,,,,
2026-09-26-1311Z,7xeuwoea2y,gpt-6-astra,GPT 6 Astra,Codex,deepswe,DeepSWE v1.1,opa-template-string-reconstruction,opa-template-string-reconstruction,Reconstruct template strings in OPA partial-evaluation output,middle,2400,2469.9,1.0291,on_time,true,own,,false,false,false,not_applicable,1,1,true,original-stable,true,,,,,,,,,,,,,
2026-09-26-1311Z,fxge3aaoe5,gpt-6-astra,GPT 6 Astra,Codex,deepswe,DeepSWE v1.1,opa-template-string-reconstruction,opa-template-string-reconstruction,Reconstruct template strings in OPA partial-evaluation output,longest,9000,9056,1.0062,on_time,true,own,,false,false,false,not_applicable,0,0,false,original-stable,true,,,,,,,,,,,,,
2026-09-26-1311Z,5qiiuxmnpr,gpt-6-astra,GPT 6 Astra,Codex,deepswe,DeepSWE v1.1,prometheus-typed-label-sorting,prometheus-typed-label-sorting,Fix PromQL label sorting across typed and untyped values,shortest,300,329.5,1.0983,on_time,false,own,,false,false,false,not_applicable,1,1,true,original-stable,true,,,,,,,,,,,,,
2026-09-26-1311Z,3ad63eeb6u,gpt-6-astra,GPT 6 Astra,Codex,deepswe,DeepSWE v1.1,prometheus-typed-label-sorting,prometheus-typed-label-sorting,Fix PromQL label sorting across typed and untyped values,middle,1200,1237.3,1.0311,on_time,true,own,,false,false,false,not_applicable,1,1,true,original-stable,true,,,,,,,,,,,,,
2026-09-26-1311Z,bq54vhs46x,gpt-6-astra,GPT 6 Astra,Codex,deepswe,DeepSWE v1.1,prometheus-typed-label-sorting,prometheus-typed-label-sorting,Fix PromQL label sorting across typed and untyped values,longest,4800,4849.8,1.0104,on_time,true,own,,false,false,false,not_applicable,1,1,true,original-stable,true,,,,,,,,,,,,,
2026-09-26-1311Z,usfabpylx7,gpt-6-astra,GPT 6 Astra,Codex,deepswe,DeepSWE v1.1,tengo-callable-instance-isolation,tengo-callable-instance-isolation,Fix isolated Go-side calls for Tengo callables and closures,shortest,300,361.7,1.2057,on_time,false,own,,false,false,false,not_applicable,1,1,true,original-stable,true,,,,,,,,,,,,,
2026-09-26-1311Z,hqmifoznis,gpt-6-astra,GPT 6 Astra,Codex,deepswe,DeepSWE v1.1,tengo-callable-instance-isolation,tengo-callable-instance-isolation,Fix isolated Go-side calls for Tengo callables and closures,middle,1200,1225.2,1.021,on_time,true,own,,false,false,false,not_applicable,1,1,true,original-stable,true,,,,,,,,,,,,,
2026-09-26-1311Z,7hc4ix4dhy,gpt-6-astra,GPT 6 Astra,Codex,deepswe,DeepSWE v1.1,tengo-callable-instance-isolation,tengo-callable-instance-isolation,Fix isolated Go-side calls for Tengo callables and closures,longest,4800,4834.2,1.0071,on_time,true,own,,false,false,false,not_applicable,1,1,true,original-stable,true,,,,,,,,,,,,,
2026-09-26-1311Z,slsvfws346,gpt-6-astra,GPT 6 Astra,Codex,deepswe,DeepSWE v1.1,dateutil-rfc5545-timezone-interop,dateutil-rfc5545-timezone-interop,Add RFC 5545 timezone interoperability to dateutil recurrence parsing,shortest,240,262.7,1.0946,on_time,false,own,,false,false,false,not_applicable,1,1,true,original-stable,true,,,,,,,,,,,,,
2026-09-26-1311Z,pm6xh6r6xg,gpt-6-astra,GPT 6 Astra,Codex,deepswe,DeepSWE v1.1,dateutil-rfc5545-timezone-interop,dateutil-rfc5545-timezone-interop,Add RFC 5545 timezone interoperability to dateutil recurrence parsing,middle,900,934,1.0378,on_time,true,own,,false,false,false,not_applicable,1,1,true,original-stable,true,,,,,,,,,,,,,
2026-09-26-1311Z,5ymj4qguk3,gpt-6-astra,GPT 6 Astra,Codex,deepswe,DeepSWE v1.1,dateutil-rfc5545-timezone-interop,dateutil-rfc5545-timezone-interop,Add RFC 5545 timezone interoperability to dateutil recurrence parsing,longest,3600,3656.1,1.0156,on_time,true,own,,false,false,false,not_applicable,1,1,true,original-stable,true,,,,,,,,,,,,,
2026-09-26-1311Z,k7yemo724h,gpt-6-astra,GPT 6 Astra,Codex,deepswe,DeepSWE v1.1,ipython-session-bundle-replay,ipython-session-bundle-replay,Add session bundle recording and replay to IPython,shortest,240,254.8,1.0617,on_time,false,own,,false,false,false,not_applicable,1,1,true,original-stable,true,,,,,,,,,,,,,
2026-09-26-1311Z,yvxwdtcf6w,gpt-6-astra,GPT 6 Astra,Codex,deepswe,DeepSWE v1.1,ipython-session-bundle-replay,ipython-session-bundle-replay,Add session bundle recording and replay to IPython,middle,900,923.6,1.0262,on_time,true,own,,false,false,false,not_applicable,1,1,true,original-stable,true,,,,,,,,,,,,,
2026-09-26-1311Z,zuyowsknjf,gpt-6-astra,GPT 6 Astra,Codex,deepswe,DeepSWE v1.1,ipython-session-bundle-replay,ipython-session-bundle-replay,Add session bundle recording and replay to IPython,longest,3600,3651.9,1.0144,on_time,true,own,,false,false,false,not_applicable,1,1,true,original-stable,true,,,,,,,,,,,,,
2026-09-26-1311Z,yqfbb3siyi,gpt-6-astra,GPT 6 Astra,Codex,deepswe,DeepSWE v1.1,python-statemachine-state-data-scoping,python-statemachine-state-data-scoping,Add scoped state data to state-machine callbacks and history,shortest,300,436.7,1.4557,late,false,own,,false,false,false,not_applicable,0,0,false,original-stable,true,,,,,,,,,,,,,
2026-09-26-1311Z,nzbna6wt44,gpt-6-astra,GPT 6 Astra,Codex,deepswe,DeepSWE v1.1,python-statemachine-state-data-scoping,python-statemachine-state-data-scoping,Add scoped state data to state-machine callbacks and history,middle,1200,1242.9,1.0358,on_time,true,own,,false,false,false,not_applicable,0,0,false,original-stable,true,,,,,,,,,,,,,
2026-09-26-1311Z,47kxnm4omc,gpt-6-astra,GPT 6 Astra,Codex,deepswe,DeepSWE v1.1,python-statemachine-state-data-scoping,python-statemachine-state-data-scoping,Add scoped state data to state-machine callbacks and history,longest,4800,4849.1,1.0102,on_time,true,own,,false,false,false,not_applicable,0,0,false,original-stable,true,,,,,,,,,,,,,
2026-09-26-1311Z,eu3rucvh44,gpt-6-astra,GPT 6 Astra,Codex,deepswe,DeepSWE v1.1,oxvg-structural-selector-preservation,oxvg-structural-selector-preservation,Preserve structure needed by stylesheet selectors in OXVG,shortest,480,510.9,1.0644,on_time,false,own,,false,false,false,not_applicable,1,1,true,original-stable,true,,,,,,,,,,,,,
2026-09-26-1311Z,7woxvnajfo,gpt-6-astra,GPT 6 Astra,Codex,deepswe,DeepSWE v1.1,oxvg-structural-selector-preservation,oxvg-structural-selector-preservation,Preserve structure needed by stylesheet selectors in OXVG,middle,1800,2388.3,1.3268,late,false,own,,false,false,false,not_applicable,1,1,true,original-stable,true,,,,,,,,,,,,,
2026-09-26-1311Z,mntfa3ltpa,gpt-6-astra,GPT 6 Astra,Codex,deepswe,DeepSWE v1.1,oxvg-structural-selector-preservation,oxvg-structural-selector-preservation,Preserve structure needed by stylesheet selectors in OXVG,longest,7500,7587.1,1.0116,on_time,true,own,,false,false,false,not_applicable,1,1,true,original-stable,true,,,,,,,,,,,,,
2026-09-26-1311Z,j3xlespesf,gpt-6-astra,GPT 6 Astra,Codex,deepswe,DeepSWE v1.1,boa-hierarchical-evaluation-cancellation,boa-hierarchical-evaluation-cancellation,Add hierarchical evaluation cancellation to Boa,shortest,480,503.6,1.0492,on_time,true,own,,false,false,false,not_applicable,1,1,true,original-stable,true,,,,,,,,,,,,,
2026-09-26-1311Z,qljt2n7lym,gpt-6-astra,GPT 6 Astra,Codex,deepswe,DeepSWE v1.1,boa-hierarchical-evaluation-cancellation,boa-hierarchical-evaluation-cancellation,Add hierarchical evaluation cancellation to Boa,middle,1800,1867.8,1.0377,on_time,true,own,,false,false,false,not_applicable,1,1,true,original-stable,true,,,,,,,,,,,,,
2026-09-26-1311Z,aqhjplnnzc,gpt-6-astra,GPT 6 Astra,Codex,deepswe,DeepSWE v1.1,boa-hierarchical-evaluation-cancellation,boa-hierarchical-evaluation-cancellation,Add hierarchical evaluation cancellation to Boa,longest,7500,7651.4,1.0202,on_time,true,own,,false,false,false,not_applicable,1,1,true,original-stable,true,,,,,,,,,,,,,
2026-09-26-1311Z,xvv4x6tzon,gpt-6-astra,GPT 6 Astra,Codex,deepswe,DeepSWE v1.1,vitest-duration-sharding,vitest-duration-sharding,Add duration-aware sharding to Vitest,shortest,300,332.2,1.1073,on_time,false,own,,false,false,false,not_applicable,1,1,true,original-stable,true,,,,,,,,,,,,,
2026-09-26-1311Z,xv5euu4ydd,gpt-6-astra,GPT 6 Astra,Codex,deepswe,DeepSWE v1.1,vitest-duration-sharding,vitest-duration-sharding,Add duration-aware sharding to Vitest,middle,1200,1238.1,1.0318,on_time,true,own,,false,false,false,not_applicable,1,1,true,original-stable,true,,,,,,,,,,,,,
2026-09-26-1311Z,a266uiyyfl,gpt-6-astra,GPT 6 Astra,Codex,deepswe,DeepSWE v1.1,vitest-duration-sharding,vitest-duration-sharding,Add duration-aware sharding to Vitest,longest,4800,4878.2,1.0163,on_time,true,own,,false,false,false,not_applicable,1,1,true,original-stable,true,,,,,,,,,,,,,
2026-09-26-1311Z,ujvjodemqg,gpt-6-astra,GPT 6 Astra,Codex,deepswe,DeepSWE v1.1,arktype-json-schema-refs-dependencies,arktype-json-schema-refs-dependencies,Add JSON Schema references and dependency keywords to ArkType,shortest,300,334.8,1.116,on_time,false,own,,false,false,false,not_applicable,0,0,false,original-stable,true,,,,,,,,,,,,,
2026-09-26-1311Z,qgd3drg4xm,gpt-6-astra,GPT 6 Astra,Codex,deepswe,DeepSWE v1.1,arktype-json-schema-refs-dependencies,arktype-json-schema-refs-dependencies,Add JSON Schema references and dependency keywords to ArkType,middle,1200,1232.6,1.0272,on_time,true,own,,false,false,false,not_applicable,1,1,true,original-stable,true,,,,,,,,,,,,,
2026-09-26-1311Z,otzjxcvxem,gpt-6-astra,GPT 6 Astra,Codex,deepswe,DeepSWE v1.1,arktype-json-schema-refs-dependencies,arktype-json-schema-refs-dependencies,Add JSON Schema references and dependency keywords to ArkType,longest,4800,4858.1,1.0121,on_time,true,own,,false,false,false,not_applicable,1,1,true,original-stable,true,,,,,,,,,,,,,
2026-09-26-1311Z,str6ueth25,gpt-6-astra,GPT 6 Astra,Codex,deepswe,DeepSWE v1.1,effect-sse-httpapi-streaming,effect-sse-httpapi-streaming,Add server-sent-event streaming endpoints to Effect HttpApi,shortest,480,689,1.4354,late,false,own,,false,false,false,not_applicable,1,1,true,original-stable,true,,,,,,,,,,,,,
2026-09-26-1311Z,37myckikv3,gpt-6-astra,GPT 6 Astra,Codex,deepswe,DeepSWE v1.1,effect-sse-httpapi-streaming,effect-sse-httpapi-streaming,Add server-sent-event streaming endpoints to Effect HttpApi,middle,1800,2161.8,1.201,on_time,false,own,,false,false,false,not_applicable,0,0,false,original-stable,true,,,,,,,,,,,,,
2026-09-26-1311Z,55xr4gwlaf,gpt-6-astra,GPT 6 Astra,Codex,deepswe,DeepSWE v1.1,effect-sse-httpapi-streaming,effect-sse-httpapi-streaming,Add server-sent-event streaming endpoints to Effect HttpApi,longest,7500,7537.2,1.005,on_time,true,own,,false,false,false,not_applicable,0,0,false,original-stable,true,,,,,,,,,,,,,
2026-09-26-1311Z,vjf72gh32s,gpt-6-astra,GPT 6 Astra,Codex,deepswe,DeepSWE v1.1,katex-multicolumn-array-spans,katex-multicolumn-array-spans,Add multicolumn spans to KaTeX array-like environments,shortest,240,277.3,1.1554,on_time,false,own,,false,false,false,not_applicable,1,1,true,original-stable,true,,,,,,,,,,,,,
2026-09-26-1311Z,mndyatza7x,gpt-6-astra,GPT 6 Astra,Codex,deepswe,DeepSWE v1.1,katex-multicolumn-array-spans,katex-multicolumn-array-spans,Add multicolumn spans to KaTeX array-like environments,middle,900,917.7,1.0197,on_time,true,own,,false,false,false,not_applicable,1,1,true,original-stable,true,,,,,,,,,,,,,
2026-09-26-1311Z,riiwzngczi,gpt-6-astra,GPT 6 Astra,Codex,deepswe,DeepSWE v1.1,katex-multicolumn-array-spans,katex-multicolumn-array-spans,Add multicolumn spans to KaTeX array-like environments,longest,3600,3629.6,1.0082,on_time,true,own,,false,false,false,not_applicable,1,1,true,original-stable,true,,,,,,,,,,,,,
2026-09-26-1311Z,wjbkx3v7pu,gpt-6-astra,GPT 6 Astra,Codex,terminal-bench,Terminal-Bench 4.0,batched-eval-parity,batched-eval-parity,Repair batched LLM evaluation so it matches single-example semantics,shortest,480,490.6,1.0221,on_time,true,unlabelled,,false,false,false,not_applicable,0,0,false,original-stable,true,,,,,,,,,,,,,
2026-09-26-1311Z,itbysiod3x,gpt-6-astra,GPT 6 Astra,Codex,terminal-bench,Terminal-Bench 4.0,batched-eval-parity,batched-eval-parity,Repair batched LLM evaluation so it matches single-example semantics,middle,1800,1837.2,1.0207,on_time,true,unlabelled,,false,false,false,not_applicable,0,0,false,original-stable,true,,,,,,,,,,,,,
2026-09-26-1311Z,wfj2wi6all,gpt-6-astra,GPT 6 Astra,Codex,terminal-bench,Terminal-Bench 4.0,batched-eval-parity,batched-eval-parity,Repair batched LLM evaluation so it matches single-example semantics,longest,7500,7526.5,1.0035,on_time,true,unlabelled,,false,false,false,not_applicable,0,0,false,original-stable,true,,,,,,,,,,,,,
2026-09-26-1311Z,neejnxiqf3,gpt-6-astra,GPT 6 Astra,Codex,terminal-bench,Terminal-Bench 4.0,biped-contact-dynamics,biped-contact-dynamics,"Generate physically valid walking, jumping, and running trajectories",shortest,1200,1342.7,1.1189,on_time,false,unlabelled,,false,false,false,not_applicable,0,0,false,original-stable,true,,,,,,,,,,,,,
2026-09-26-1311Z,n7xhob7qaj,gpt-6-astra,GPT 6 Astra,Codex,terminal-bench,Terminal-Bench 4.0,biped-contact-dynamics,biped-contact-dynamics,"Generate physically valid walking, jumping, and running trajectories",middle,4800,4828.7,1.006,on_time,true,unlabelled,,false,false,false,not_applicable,1,1,true,original-stable,true,,,,,,,,,,,,,
2026-09-26-1311Z,tde7uzw4mj,gpt-6-astra,GPT 6 Astra,Codex,terminal-bench,Terminal-Bench 4.0,biped-contact-dynamics,biped-contact-dynamics,"Generate physically valid walking, jumping, and running trajectories",longest,18000,18135.7,1.0075,on_time,true,unlabelled,,false,false,false,not_applicable,1,1,true,original-stable,true,,,,,,,,,,,,,
2026-09-26-1311Z,qt5gqfeexq,gpt-6-astra,GPT 6 Astra,Codex,terminal-bench,Terminal-Bench 4.0,cad-model,cad-model,Reconstruct a 3D corner tie from a 2D schematic,shortest,300,310.7,1.0357,on_time,true,own,,false,false,false,not_applicable,1,1,true,original-stable,true,,,,,,,,,,,,,
2026-09-26-1311Z,qvrn5zd67f,gpt-6-astra,GPT 6 Astra,Codex,terminal-bench,Terminal-Bench 4.0,cad-model,cad-model,Reconstruct a 3D corner tie from a 2D schematic,middle,1200,1233.6,1.028,on_time,true,own,,false,false,false,not_applicable,1,1,true,original-stable,true,,,,,,,,,,,,,
2026-09-26-1311Z,kve74e775c,gpt-6-astra,GPT 6 Astra,Codex,terminal-bench,Terminal-Bench 4.0,cad-model,cad-model,Reconstruct a 3D corner tie from a 2D schematic,longest,4800,4847.2,1.0098,on_time,true,own,,false,false,false,not_applicable,1,1,true,original-stable,true,,,,,,,,,,,,,
2026-09-26-1311Z,yafmfowoos,gpt-6-astra,GPT 6 Astra,Codex,terminal-bench,Terminal-Bench 4.0,fin-saccr-rwa,fin-saccr-rwa,"Recalculate SA-CCR exposure, RWA, capital, and workbook evidence",shortest,240,501.8,2.0908,late,false,harness,error,false,false,false,not_applicable,1,1,true,original-stable,true,,,,,,,,,,,,,
2026-09-26-1311Z,n7usn7ghg3,gpt-6-astra,GPT 6 Astra,Codex,terminal-bench,Terminal-Bench 4.0,fin-saccr-rwa,fin-saccr-rwa,"Recalculate SA-CCR exposure, RWA, capital, and workbook evidence",middle,900,931.2,1.0347,on_time,true,unlabelled,,false,false,false,not_applicable,1,1,true,original-stable,true,,,,,,,,,,,,,
2026-09-26-1311Z,4ued6hqoj7,gpt-6-astra,GPT 6 Astra,Codex,terminal-bench,Terminal-Bench 4.0,fin-saccr-rwa,fin-saccr-rwa,"Recalculate SA-CCR exposure, RWA, capital, and workbook evidence",longest,3600,3638.3,1.0106,on_time,true,unlabelled,,false,false,false,not_applicable,1,1,true,original-stable,true,,,,,,,,,,,,,
2026-09-26-1311Z,xrblzqlfjh,gpt-6-astra,GPT 6 Astra,Codex,terminal-bench,Terminal-Bench 4.0,heat-pump-warranty,heat-pump-warranty,Resolve a 20-claim heat-pump warranty exception queue,shortest,240,250.1,1.0421,on_time,true,unlabelled,,false,false,false,not_applicable,1,1,true,original-stable,true,,,,,,,,,,,,,
2026-09-26-1311Z,34y7qh3z3d,gpt-6-astra,GPT 6 Astra,Codex,terminal-bench,Terminal-Bench 4.0,heat-pump-warranty,heat-pump-warranty,Resolve a 20-claim heat-pump warranty exception queue,middle,900,929.7,1.033,on_time,true,unlabelled,,false,false,false,not_applicable,1,1,true,original-stable,true,,,,,,,,,,,,,
2026-09-26-1311Z,s37kcorxwo,gpt-6-astra,GPT 6 Astra,Codex,terminal-bench,Terminal-Bench 4.0,heat-pump-warranty,heat-pump-warranty,Resolve a 20-claim heat-pump warranty exception queue,longest,3600,3650.9,1.0141,on_time,true,unlabelled,,false,false,false,not_applicable,1,1,true,original-stable,true,,,,,,,,,,,,,
2026-09-26-1311Z,m472iigqut,gpt-6-astra,GPT 6 Astra,Codex,terminal-bench,Terminal-Bench 4.0,intrastat-meldung,intrastat-meldung,Complete a German month-end Intrastat filing across services,shortest,240,252.1,1.0504,on_time,false,unlabelled,,false,false,false,not_applicable,1,1,true,original-stable,true,,,,,,,,,,,,,
2026-09-26-1311Z,w5x5ledcye,gpt-6-astra,GPT 6 Astra,Codex,terminal-bench,Terminal-Bench 4.0,intrastat-meldung,intrastat-meldung,Complete a German month-end Intrastat filing across services,middle,900,934.4,1.0382,on_time,true,unlabelled,,false,false,false,not_applicable,0,0,false,original-stable,true,,,,,,,,,,,,,
2026-09-26-1311Z,qwztp7joqz,gpt-6-astra,GPT 6 Astra,Codex,terminal-bench,Terminal-Bench 4.0,intrastat-meldung,intrastat-meldung,Complete a German month-end Intrastat filing across services,longest,3600,3643.8,1.0122,on_time,true,unlabelled,,false,false,false,not_applicable,0,0,false,original-stable,true,,,,,,,,,,,,,
2026-09-26-1311Z,ll2r53kmvi,gpt-6-astra,GPT 6 Astra,Codex,terminal-bench,Terminal-Bench 4.0,lake-temp-glm,lake-temp-glm,Train a lake-temperature profile model from sparse observations,shortest,1800,1832.3,1.0179,on_time,true,own,,false,false,false,not_applicable,0,0,false,original-stable,true,,,,,,,,,,,,,
2026-09-26-1311Z,kgaxozpt5i,gpt-6-astra,GPT 6 Astra,Codex,terminal-bench,Terminal-Bench 4.0,lake-temp-glm,lake-temp-glm,Train a lake-temperature profile model from sparse observations,middle,7500,7557.2,1.0076,on_time,true,own,,false,false,false,not_applicable,0,0,false,original-stable,true,,,,,,,,,,,,,
2026-09-26-1311Z,ndkzxfpk2m,gpt-6-astra,GPT 6 Astra,Codex,terminal-bench,Terminal-Bench 4.0,lake-temp-glm,lake-temp-glm,Train a lake-temperature profile model from sparse observations,longest,30000,30090.6,1.003,on_time,true,own,,false,false,false,not_applicable,1,1,true,original-stable,true,,,,,,,,,,,,,
2026-09-26-1311Z,xibarkfcry,gpt-6-astra,GPT 6 Astra,Codex,terminal-bench,Terminal-Bench 4.0,nextjs-performance,nextjs-performance,Remove latency across a multi-route Next.js warehouse app,shortest,480,495.2,1.0317,on_time,true,unlabelled,,false,false,false,not_applicable,1,1,true,original-stable,true,,,,,,,,,,,,,
2026-09-26-1311Z,rlxkqqf4xi,gpt-6-astra,GPT 6 Astra,Codex,terminal-bench,Terminal-Bench 4.0,nextjs-performance,nextjs-performance,Remove latency across a multi-route Next.js warehouse app,middle,1800,1855.4,1.0308,on_time,true,unlabelled,,false,false,false,not_applicable,1,1,true,original-stable,true,,,,,,,,,,,,,
2026-09-26-1311Z,eyy3r7fzi5,gpt-6-astra,GPT 6 Astra,Codex,terminal-bench,Terminal-Bench 4.0,nextjs-performance,nextjs-performance,Remove latency across a multi-route Next.js warehouse app,longest,7500,7557.6,1.0077,on_time,true,unlabelled,,false,false,false,not_applicable,1,1,true,original-stable,true,,,,,,,,,,,,,
2026-09-26-1311Z,pgatrrybpu,gpt-6-astra,GPT 6 Astra,Codex,terminal-bench,Terminal-Bench 4.0,payments-pipeline-fix,payments-pipeline-fix,Make a Kafka payments worker recover quickly without losing notifications,shortest,1200,1228.9,1.0241,on_time,true,own,,false,false,false,not_applicable,0,0,false,original-stable,true,,,,,,,,,,,,,
2026-09-26-1311Z,m3jdze57pa,gpt-6-astra,GPT 6 Astra,Codex,terminal-bench,Terminal-Bench 4.0,payments-pipeline-fix,payments-pipeline-fix,Make a Kafka payments worker recover quickly without losing notifications,middle,4800,4883.3,1.0174,on_time,true,own,,false,false,false,not_applicable,1,1,true,original-stable,true,,,,,,,,,,,,,
2026-09-26-1311Z,7u2pn42keu,gpt-6-astra,GPT 6 Astra,Codex,terminal-bench,Terminal-Bench 4.0,payments-pipeline-fix,payments-pipeline-fix,Make a Kafka payments worker recover quickly without losing notifications,longest,18000,18051,1.0028,on_time,true,own,,false,false,false,not_applicable,1,1,true,original-stable,true,,,,,,,,,,,,,
2026-09-26-1311Z,agsaetfkon,gpt-6-astra,GPT 6 Astra,Codex,terminal-bench,Terminal-Bench 4.0,pretrain-shard-corruption,pretrain-shard-corruption,Repair corrupted pretraining shards and reproduce the intended checkpoint,shortest,1200,1218,1.015,on_time,true,unlabelled,,false,false,false,not_applicable,1,1,true,original-stable,true,,,,,,,,,,,,,
2026-09-26-1311Z,hg3b2vwhoo,gpt-6-astra,GPT 6 Astra,Codex,terminal-bench,Terminal-Bench 4.0,pretrain-shard-corruption,pretrain-shard-corruption,Repair corrupted pretraining shards and reproduce the intended checkpoint,middle,4800,4850.9,1.0106,on_time,true,unlabelled,,false,false,false,not_applicable,1,1,true,original-stable,true,,,,,,,,,,,,,
2026-09-26-1311Z,hs4uqo66bm,gpt-6-astra,GPT 6 Astra,Codex,terminal-bench,Terminal-Bench 4.0,pretrain-shard-corruption,pretrain-shard-corruption,Repair corrupted pretraining shards and reproduce the intended checkpoint,longest,18000,18039.4,1.0022,on_time,true,unlabelled,,false,false,false,not_applicable,1,1,true,original-stable,true,,,,,,,,,,,,,
2026-09-26-1311Z,xp4ahcp4om,gpt-6-astra,GPT 6 Astra,Codex,terminal-bench,Terminal-Bench 4.0,production-planning,production-planning,Build and apply a five-day ERP/MES/WMS production plan,shortest,300,334.9,1.1163,on_time,false,unlabelled,,false,false,false,not_applicable,0,0,false,original-stable,true,,,,,,,,,,,,,
2026-09-26-1311Z,6lma3hreeg,gpt-6-astra,GPT 6 Astra,Codex,terminal-bench,Terminal-Bench 4.0,production-planning,production-planning,Build and apply a five-day ERP/MES/WMS production plan,middle,1200,1222.5,1.0188,on_time,true,unlabelled,,false,false,false,not_applicable,0,0,false,original-stable,true,,,,,,,,,,,,,
2026-09-26-1311Z,ty6yrhn5be,gpt-6-astra,GPT 6 Astra,Codex,terminal-bench,Terminal-Bench 4.0,production-planning,production-planning,Build and apply a five-day ERP/MES/WMS production plan,longest,4800,4819.6,1.0041,on_time,true,unlabelled,,false,false,false,not_applicable,0,0,false,original-stable,true,,,,,,,,,,,,,
2026-09-26-1311Z,pe5wntlusq,gpt-6-astra,GPT 6 Astra,Codex,terminal-bench,Terminal-Bench 4.0,react-lead-form,react-lead-form,Repair a React lead form and its auditable CRM submission pipeline,shortest,360,371.3,1.0314,on_time,true,unlabelled,,false,false,false,not_applicable,0,0,false,original-stable,true,,,,,,,,,,,,,
2026-09-26-1311Z,cqeamzxpzi,gpt-6-astra,GPT 6 Astra,Codex,terminal-bench,Terminal-Bench 4.0,react-lead-form,react-lead-form,Repair a React lead form and its auditable CRM submission pipeline,middle,1500,1513.6,1.0091,on_time,true,unlabelled,,false,false,false,not_applicable,0,0,false,original-stable,true,,,,,,,,,,,,,
2026-09-26-1311Z,jqllscofeu,gpt-6-astra,GPT 6 Astra,Codex,terminal-bench,Terminal-Bench 4.0,react-lead-form,react-lead-form,Repair a React lead form and its auditable CRM submission pipeline,longest,6000,6027.8,1.0046,on_time,true,unlabelled,,false,false,false,not_applicable,0,0,false,original-stable,true,,,,,,,,,,,,,
2026-09-26-1311Z,5l3san3ay4,gpt-6-astra,GPT 6 Astra,Codex,terminal-bench,Terminal-Bench 4.0,retro-console-soc,retro-console-soc,Implement a synthesizable 8-bit retro console system-on-chip,shortest,900,929.2,1.0324,on_time,true,unlabelled,,false,false,false,not_applicable,1,1,true,original-stable,true,,,,,,,,,,,,,
2026-09-26-1311Z,dij3ifl5up,gpt-6-astra,GPT 6 Astra,Codex,terminal-bench,Terminal-Bench 4.0,retro-console-soc,retro-console-soc,Implement a synthesizable 8-bit retro console system-on-chip,middle,3600,3635.8,1.0099,on_time,true,unlabelled,,false,false,false,not_applicable,1,1,true,original-stable,true,,,,,,,,,,,,,
2026-09-26-1311Z,xwqxt4hpqa,gpt-6-astra,GPT 6 Astra,Codex,terminal-bench,Terminal-Bench 4.0,retro-console-soc,retro-console-soc,Implement a synthesizable 8-bit retro console system-on-chip,longest,15000,15775.3,1.0517,on_time,false,unlabelled,,false,false,false,not_applicable,1,1,true,original-stable,true,,,,,,,,,,,,,
2026-09-26-1311Z,z347zu5lfv,gpt-6-astra,GPT 6 Astra,Codex,terminal-bench,Terminal-Bench 4.0,risk-scorer-replay,risk-scorer-replay,Rebuild a retired production risk scorer from black-box behavior,shortest,360,372.3,1.0342,on_time,true,unlabelled,,false,false,false,not_applicable,0,0,false,original-stable,true,,,,,,,,,,,,,
2026-09-26-1311Z,7x37uayymz,gpt-6-astra,GPT 6 Astra,Codex,terminal-bench,Terminal-Bench 4.0,risk-scorer-replay,risk-scorer-replay,Rebuild a retired production risk scorer from black-box behavior,middle,1500,1515.1,1.0101,on_time,true,unlabelled,,false,false,false,not_applicable,0,0,false,original-stable,true,,,,,,,,,,,,,
2026-09-26-1311Z,wrgeioo36x,gpt-6-astra,GPT 6 Astra,Codex,terminal-bench,Terminal-Bench 4.0,risk-scorer-replay,risk-scorer-replay,Rebuild a retired production risk scorer from black-box behavior,longest,6000,6039.2,1.0065,on_time,true,own,,false,false,false,not_applicable,0,0,false,original-stable,true,,,,,,,,,,,,,
2026-09-26-1311Z,empws7cczk,gpt-6-astra,GPT 6 Astra,Codex,terminal-bench,Terminal-Bench 4.0,sound-change-cascade,sound-change-cascade,Recover an ordered cascade of historical sound changes,shortest,480,491.3,1.0235,on_time,true,unlabelled,,false,false,false,not_applicable,1,1,true,original-stable,true,,,,,,,,,,,,,
2026-09-26-1311Z,3ubhikight,gpt-6-astra,GPT 6 Astra,Codex,terminal-bench,Terminal-Bench 4.0,sound-change-cascade,sound-change-cascade,Recover an ordered cascade of historical sound changes,middle,1800,1849.8,1.0277,on_time,true,own,,false,false,false,not_applicable,1,1,true,original-stable,true,,,,,,,,,,,,,
2026-09-26-1311Z,a5nwmvoaum,gpt-6-astra,GPT 6 Astra,Codex,terminal-bench,Terminal-Bench 4.0,sound-change-cascade,sound-change-cascade,Recover an ordered cascade of historical sound changes,longest,7500,7519.4,1.0026,on_time,true,unlabelled,,false,false,false,not_applicable,1,1,true,original-stable,true,,,,,,,,,,,,,
2026-09-26-1311Z,2fp6ovh6h2,gpt-6-astra,GPT 6 Astra,Codex,terminal-bench,Terminal-Bench 4.0,vba-userform-port,vba-userform-port,"Port an Excel/VBA service-desk app to React, FastAPI, and SQLite",shortest,600,611.1,1.0185,on_time,true,unlabelled,,false,false,false,not_applicable,1,1,true,original-stable,true,,,,,,,,,,,,,
2026-09-26-1311Z,htrqiqpdfa,gpt-6-astra,GPT 6 Astra,Codex,terminal-bench,Terminal-Bench 4.0,vba-userform-port,vba-userform-port,"Port an Excel/VBA service-desk app to React, FastAPI, and SQLite",middle,2400,2425.9,1.0108,on_time,true,unlabelled,,false,false,false,not_applicable,0,0,false,original-stable,true,,,,,,,,,,,,,
2026-09-26-1311Z,djff5brpjx,gpt-6-astra,GPT 6 Astra,Codex,terminal-bench,Terminal-Bench 4.0,vba-userform-port,vba-userform-port,"Port an Excel/VBA service-desk app to React, FastAPI, and SQLite",longest,9000,9050.4,1.0056,on_time,true,unlabelled,,false,false,false,not_applicable,0,0,false,original-stable,true,,,,,,,,,,,,,
2026-09-26-1311Z,bggv74t66h,gpt-6-astra,GPT 6 Astra,Codex,posttrainbench,PostTrainBench v1.1,qwen3-1-7b-base-humaneval,qwen3-1.7b-base__humaneval,Post-train Qwen3-1.7B-Base for HumanEval,shortest,7200,7259.3,1.0082,on_time,true,own,,false,false,false,not_applicable,0.6585365853658537,0.6585365853658537,,original-stable,true,,,,,,,,,,,,,
2026-09-26-1311Z,ddtxdxkq4g,gpt-6-astra,GPT 6 Astra,Codex,posttrainbench,PostTrainBench v1.1,qwen3-1-7b-base-humaneval,qwen3-1.7b-base__humaneval,Post-train Qwen3-1.7B-Base for HumanEval,middle,28800,28876.8,1.0027,on_time,true,own,,false,false,false,not_applicable,0.7195121951219512,0.7195121951219512,,original-stable,true,,,,,,,,,,,,,
2026-09-26-1311Z,vyvy5ezzjq,gpt-6-astra,GPT 6 Astra,Codex,posttrainbench,PostTrainBench v1.1,qwen3-1-7b-base-humaneval,qwen3-1.7b-base__humaneval,Post-train Qwen3-1.7B-Base for HumanEval,longest,108000,108046.3,1.0004,on_time,true,own,,false,false,false,not_applicable,Not graded,,,original-stable,true,,,,,,,,,,,,,
2026-09-26-1311Z,od26d7c66j,gpt-6-astra,GPT 6 Astra,Codex,posttrainbench,PostTrainBench v1.1,qwen3-1-7b-base-gsm8k,qwen3-1.7b-base__gsm8k,Post-train Qwen3-1.7B-Base for GSM8K,shortest,7200,7392.2,1.0267,on_time,true,harness,error,false,false,false,not_applicable,0.8172858225928734,0.8172858225928734,,original-stable,true,,,,,,,,,,,,,
2026-09-26-1311Z,2j6vfdjpjw,gpt-6-astra,GPT 6 Astra,Codex,posttrainbench,PostTrainBench v1.1,qwen3-1-7b-base-gsm8k,qwen3-1.7b-base__gsm8k,Post-train Qwen3-1.7B-Base for GSM8K,middle,28800,28883.6,1.0029,on_time,true,own,,false,false,false,not_applicable,0.8407884761182715,0.8407884761182715,,original-stable,true,,,,,,,,,,,,,
2026-09-26-1311Z,dibfh2mvvr,gpt-6-astra,GPT 6 Astra,Codex,posttrainbench,PostTrainBench v1.1,qwen3-1-7b-base-gsm8k,qwen3-1.7b-base__gsm8k,Post-train Qwen3-1.7B-Base for GSM8K,longest,108000,108068.1,1.0006,on_time,true,own,,false,false,false,not_applicable,Not graded,,,original-stable,true,,,,,,,,,,,,,
2026-09-26-1311Z,soxhiupskp,gpt-6-astra,GPT 6 Astra,Codex,metr-public-tasks,METR public tasks,cowthello-main,cowthello/main,Build an efficient AI for the novel Cowthello board game,shortest,7200,7290.5,1.0126,on_time,true,own,,false,false,false,not_applicable,1,1,,original-stable,true,,,,,,,,,,,,,
2026-09-26-1311Z,w6gowdseye,gpt-6-astra,GPT 6 Astra,Codex,metr-public-tasks,METR public tasks,cowthello-main,cowthello/main,Build an efficient AI for the novel Cowthello board game,middle,28800,28822.6,1.0008,on_time,true,own,,false,false,false,not_applicable,1,1,,original-stable,true,,,,,,,,,,,,,
2026-09-26-1311Z,h5tevimesm,gpt-6-astra,GPT 6 Astra,Codex,metr-public-tasks,METR public tasks,cowthello-main,cowthello/main,Build an efficient AI for the novel Cowthello board game,longest,108000,108049.7,1.0005,on_time,true,own,,false,false,false,not_applicable,1,1,,original-stable,true,,,,,,,,,,,,,
2026-09-26-1311Z,6jf5pt5ujy,gpt-6-astra,GPT 6 Astra,Codex,metr-public-tasks,METR public tasks,complex-payments-payment-logic-only,complex_payments/payment_logic_only,Implement duplicate-payment detection across currencies and time zones,shortest,14400,14444.1,1.0031,on_time,true,unlabelled,,false,false,false,not_applicable,0,0,,original-stable,true,,,,,,,,,,,,,
2026-09-26-1311Z,snemlix2hs,gpt-6-astra,GPT 6 Astra,Codex,metr-public-tasks,METR public tasks,complex-payments-payment-logic-only,complex_payments/payment_logic_only,Implement duplicate-payment detection across currencies and time zones,middle,54000,54059.7,1.0011,on_time,true,unlabelled,,false,false,false,not_applicable,0,0,,original-stable,true,,,,,,,,,,,,,
2026-09-26-1311Z,o5w7m32rk7,gpt-6-astra,GPT 6 Astra,Codex,metr-public-tasks,METR public tasks,complex-payments-payment-logic-only,complex_payments/payment_logic_only,Implement duplicate-payment detection across currencies and time zones,longest,216000,216525.9,1.0024,on_time,true,unlabelled,,false,false,false,not_applicable,Not graded,,,original-stable,true,,,,,,,,,,,,,
2026-09-26-1311Z,li7s3z56e6,gpt-6-astra,GPT 6 Astra,Codex,yc-bench,YC-Bench,yc-bench-default-seed1,yc-bench.default.seed1,"Run the current one-year startup simulation, official seed 1",shortest,480,545.6,1.1367,on_time,false,own,,false,false,false,not_applicable,348279.52,348279.52,,original-stable,true,,,,,,,,,,,,,
2026-09-26-1311Z,hopw5i5tey,gpt-6-astra,GPT 6 Astra,Codex,yc-bench,YC-Bench,yc-bench-default-seed1,yc-bench.default.seed1,"Run the current one-year startup simulation, official seed 1",middle,1800,363.3,0.2018,early,false,own,,false,false,false,not_applicable,262547.01,262547.01,,original-stable,true,,,,,,,,,,,,,
2026-09-26-1311Z,um5cf6oeyz,gpt-6-astra,GPT 6 Astra,Codex,yc-bench,YC-Bench,yc-bench-default-seed1,yc-bench.default.seed1,"Run the current one-year startup simulation, official seed 1",longest,7500,951.1,0.1268,early,false,unlabelled,,false,false,false,not_applicable,371911.5,371911.5,,original-stable,true,,,,,,,,,,,,,
2026-09-26-1311Z,b726mc4ocl,gpt-6-astra,GPT 6 Astra,Codex,yc-bench,YC-Bench,yc-bench-default-seed2,yc-bench.default.seed2,"Run the current one-year startup simulation, official seed 2",shortest,480,520.7,1.0848,on_time,false,own,,false,false,false,not_applicable,401690.93,401690.93,,original-stable,true,,,,,,,,,,,,,
2026-09-26-1311Z,ucte7q64vx,gpt-6-astra,GPT 6 Astra,Codex,yc-bench,YC-Bench,yc-bench-default-seed2,yc-bench.default.seed2,"Run the current one-year startup simulation, official seed 2",middle,1800,128.2,0.0712,early,false,unlabelled,,false,false,false,not_applicable,241074.22,241074.22,,original-stable,true,,,,,,,,,,,,,
2026-09-26-1311Z,5fskjv63yi,gpt-6-astra,GPT 6 Astra,Codex,yc-bench,YC-Bench,yc-bench-default-seed2,yc-bench.default.seed2,"Run the current one-year startup simulation, official seed 2",longest,7500,663.6,0.0885,early,false,unlabelled,,false,false,false,not_applicable,375463.63,375463.63,,original-stable,true,,,,,,,,,,,,,
2026-09-26-1311Z,hapqnxvtd7,gpt-6-astra,GPT 6 Astra,Codex,yc-bench,YC-Bench,yc-bench-default-seed3,yc-bench.default.seed3,"Run the current one-year startup simulation, official seed 3",shortest,480,496.3,1.034,on_time,true,own,,false,false,false,not_applicable,245373.84,245373.84,,original-stable,true,,,,,,,,,,,,,
2026-09-26-1311Z,ftnxrrhe65,gpt-6-astra,GPT 6 Astra,Codex,yc-bench,YC-Bench,yc-bench-default-seed3,yc-bench.default.seed3,"Run the current one-year startup simulation, official seed 3",middle,1800,1822.7,1.0126,on_time,true,unlabelled,,false,false,false,not_applicable,558249.63,558249.63,,original-stable,true,,,,,,,,,,,,,
2026-09-26-1311Z,mfa2t6eayn,gpt-6-astra,GPT 6 Astra,Codex,yc-bench,YC-Bench,yc-bench-default-seed3,yc-bench.default.seed3,"Run the current one-year startup simulation, official seed 3",longest,7500,7975.4,1.0634,on_time,false,own,,false,false,false,not_applicable,3197823.83,3197823.83,,original-stable,true,,,,,,,,,,,,,
2026-09-26-1311Z,rzm2ixeppo,gpt-5-6-sol,GPT 5.6 Sol,Codex,assistantbench,AssistantBench,task-1,validation:0,AssistantBench validation task 1,shortest,75,57.9,0.772,early,false,own,,false,false,false,not_applicable,0.37499999999999994,0.37499999999999994,false,original-stable,true,,,,,,,,,,,,,
2026-09-26-1311Z,obabvxte6i,gpt-5-6-sol,GPT 5.6 Sol,Codex,assistantbench,AssistantBench,task-1,validation:0,AssistantBench validation task 1,middle,300,151.2,0.504,early,false,own,,false,false,false,not_applicable,0.37499999999999994,0.37499999999999994,false,original-stable,true,,,,,,,,,,,,,
2026-09-26-1311Z,4gptndfzo3,gpt-5-6-sol,GPT 5.6 Sol,Codex,assistantbench,AssistantBench,task-1,validation:0,AssistantBench validation task 1,longest,1200,1024.5,0.8538,on_time,false,own,,false,false,false,not_applicable,0.37499999999999994,0.37499999999999994,false,original-stable,true,,,,,,,,,,,,,
2026-09-26-1311Z,negntn6ljg,gpt-5-6-sol,GPT 5.6 Sol,Codex,assistantbench,AssistantBench,task-2,validation:1,AssistantBench validation task 2,shortest,75,166.2,2.216,late,false,own,,false,false,false,not_applicable,0.06,0.06,false,original-stable,true,,,,,,,,,,,,,
2026-09-26-1311Z,v5xojjqrom,gpt-5-6-sol,GPT 5.6 Sol,Codex,assistantbench,AssistantBench,task-2,validation:1,AssistantBench validation task 2,middle,300,177.2,0.5907,early,false,own,,false,false,false,not_applicable,0.08,0.08,false,original-stable,true,,,,,,,,,,,,,
2026-09-26-1311Z,s2okad5vxo,gpt-5-6-sol,GPT 5.6 Sol,Codex,assistantbench,AssistantBench,task-2,validation:1,AssistantBench validation task 2,longest,1200,328.6,0.2738,early,false,own,,false,false,false,not_applicable,0.08,0.08,false,original-stable,true,,,,,,,,,,,,,
2026-09-26-1311Z,lc6fs6boga,gpt-5-6-sol,GPT 5.6 Sol,Codex,assistantbench,AssistantBench,task-3,validation:2,AssistantBench validation task 3,shortest,75,371.8,4.9573,late,false,own,,false,false,false,not_applicable,0,0,false,original-stable,true,,,,,,,,,,,,,
2026-09-26-1311Z,3lccbeds6b,gpt-5-6-sol,GPT 5.6 Sol,Codex,assistantbench,AssistantBench,task-3,validation:2,AssistantBench validation task 3,middle,300,221.1,0.737,early,false,own,,false,false,false,not_applicable,0,0,false,original-stable,true,,,,,,,,,,,,,
2026-09-26-1311Z,5p3bacjjyb,gpt-5-6-sol,GPT 5.6 Sol,Codex,assistantbench,AssistantBench,task-3,validation:2,AssistantBench validation task 3,longest,1200,1118,0.9317,on_time,false,own,,false,false,false,not_applicable,0,0,false,original-stable,true,,,,,,,,,,,,,
2026-09-26-1311Z,xqwagnldqs,gpt-5-6-sol,GPT 5.6 Sol,Codex,assistantbench,AssistantBench,task-4,validation:3,AssistantBench validation task 4,shortest,75,173.6,2.3147,late,false,own,,false,false,false,not_applicable,0,0,false,original-stable,true,,,,,,,,,,,,,
2026-09-26-1311Z,cr4r52ogfl,gpt-5-6-sol,GPT 5.6 Sol,Codex,assistantbench,AssistantBench,task-4,validation:3,AssistantBench validation task 4,middle,300,313.1,1.0437,on_time,true,own,,false,false,false,not_applicable,0.9191959675847039,0.9191959675847039,false,original-stable,true,,,,,,,,,,,,,
2026-09-26-1311Z,u375jtu65k,gpt-5-6-sol,GPT 5.6 Sol,Codex,assistantbench,AssistantBench,task-4,validation:3,AssistantBench validation task 4,longest,1200,150.1,0.1251,early,false,own,,false,false,false,not_applicable,1,1,true,original-stable,true,,,,,,,,,,,,,
2026-09-26-1311Z,p7ahl7jd7p,gpt-5-6-sol,GPT 5.6 Sol,Codex,assistantbench,AssistantBench,task-5,validation:4,AssistantBench validation task 5,shortest,75,218,2.9067,late,false,own,,false,false,false,not_applicable,0,0,false,original-stable,true,,,,,,,,,,,,,
2026-09-26-1311Z,7epetu4rmq,gpt-5-6-sol,GPT 5.6 Sol,Codex,assistantbench,AssistantBench,task-5,validation:4,AssistantBench validation task 5,middle,300,131.2,0.4373,early,false,own,,false,false,false,not_applicable,1,1,true,original-stable,true,,,,,,,,,,,,,
2026-09-26-1311Z,fyobioda27,gpt-5-6-sol,GPT 5.6 Sol,Codex,assistantbench,AssistantBench,task-5,validation:4,AssistantBench validation task 5,longest,1200,722.9,0.6024,early,false,own,,false,false,false,not_applicable,0,0,false,original-stable,true,,,,,,,,,,,,,
2026-09-26-1311Z,tbdzjodzxx,gpt-5-6-sol,GPT 5.6 Sol,Codex,assistantbench,AssistantBench,task-6,validation:5,AssistantBench validation task 6,shortest,75,473.6,6.3147,late,false,own,,false,false,false,not_applicable,0.06060606060606061,0.06060606060606061,false,original-stable,true,,,,,,,,,,,,,
2026-09-26-1311Z,zt5eawbtgi,gpt-5-6-sol,GPT 5.6 Sol,Codex,assistantbench,AssistantBench,task-6,validation:5,AssistantBench validation task 6,middle,300,227.2,0.7573,early,false,own,,false,false,false,not_applicable,0.0625,0.0625,false,original-stable,true,,,,,,,,,,,,,
2026-09-26-1311Z,5kheimwcu6,gpt-5-6-sol,GPT 5.6 Sol,Codex,assistantbench,AssistantBench,task-6,validation:5,AssistantBench validation task 6,longest,1200,754.6,0.6288,early,false,own,,false,false,false,not_applicable,0.038461538461538464,0.038461538461538464,false,original-stable,true,,,,,,,,,,,,,
2026-09-26-1311Z,h6v2v64hln,gpt-5-6-sol,GPT 5.6 Sol,Codex,assistantbench,AssistantBench,task-7,validation:6,AssistantBench validation task 7,shortest,75,349.4,4.6587,late,false,own,,false,false,false,not_applicable,0.11764705882352941,0.11764705882352941,false,original-stable,true,,,,,,,,,,,,,
2026-09-26-1311Z,yyqemabqmq,gpt-5-6-sol,GPT 5.6 Sol,Codex,assistantbench,AssistantBench,task-7,validation:6,AssistantBench validation task 7,middle,300,230.2,0.7673,early,false,own,,false,false,false,not_applicable,0.10526315789473685,0.10526315789473685,false,original-stable,true,,,,,,,,,,,,,
2026-09-26-1311Z,vov5b67lpb,gpt-5-6-sol,GPT 5.6 Sol,Codex,assistantbench,AssistantBench,task-7,validation:6,AssistantBench validation task 7,longest,1200,1124.5,0.9371,on_time,false,own,,false,false,false,not_applicable,0.13698630136986303,0.13698630136986303,false,original-stable,true,,,,,,,,,,,,,
2026-09-26-1311Z,pkimgas2w6,gpt-5-6-sol,GPT 5.6 Sol,Codex,assistantbench,AssistantBench,task-8,validation:9,AssistantBench validation task 8,shortest,75,181.8,2.424,late,false,own,,false,false,false,not_applicable,0.08888888888888889,0.08888888888888889,false,original-stable,true,,,,,,,,,,,,,
2026-09-26-1311Z,x7cxhsm5pn,gpt-5-6-sol,GPT 5.6 Sol,Codex,assistantbench,AssistantBench,task-8,validation:9,AssistantBench validation task 8,middle,300,1882.9,6.2763,late,false,own,,false,false,false,not_applicable,0.06779661016949153,0.06779661016949153,false,original-stable,true,,,,,,,,,,,,,
2026-09-26-1311Z,vt533lp33v,gpt-5-6-sol,GPT 5.6 Sol,Codex,assistantbench,AssistantBench,task-8,validation:9,AssistantBench validation task 8,longest,1200,2270,1.8917,late,false,own,,false,false,false,not_applicable,0.06451612903225806,0.06451612903225806,false,original-stable,true,,,,,,,,,,,,,
2026-09-26-1311Z,3vrot7bamx,gpt-5-6-sol,GPT 5.6 Sol,Codex,assistantbench,AssistantBench,task-9,validation:13,AssistantBench validation task 9,shortest,75,188.2,2.5093,late,false,own,,false,false,false,not_applicable,0,0,false,original-stable,true,,,,,,,,,,,,,
2026-09-26-1311Z,odqfv4em7i,gpt-5-6-sol,GPT 5.6 Sol,Codex,assistantbench,AssistantBench,task-9,validation:13,AssistantBench validation task 9,middle,300,131.8,0.4393,early,false,own,,false,false,false,not_applicable,0,0,false,original-stable,true,,,,,,,,,,,,,
2026-09-26-1311Z,kcru34nwju,gpt-5-6-sol,GPT 5.6 Sol,Codex,assistantbench,AssistantBench,task-9,validation:13,AssistantBench validation task 9,longest,1200,322.2,0.2685,early,false,own,,false,false,false,not_applicable,0,0,false,original-stable,true,,,,,,,,,,,,,
2026-09-26-1311Z,mrpi4rm42e,gpt-5-6-sol,GPT 5.6 Sol,Codex,assistantbench,AssistantBench,task-10,validation:15,AssistantBench validation task 10,shortest,75,423.5,5.6467,late,false,own,,false,false,false,not_applicable,0,0,false,original-stable,true,,,,,,,,,,,,,
2026-09-26-1311Z,fnuq4fwl6q,gpt-5-6-sol,GPT 5.6 Sol,Codex,assistantbench,AssistantBench,task-10,validation:15,AssistantBench validation task 10,middle,300,303.8,1.0127,on_time,true,own,,false,false,false,not_applicable,0,0,false,original-stable,true,,,,,,,,,,,,,
2026-09-26-1311Z,tbkcho2av7,gpt-5-6-sol,GPT 5.6 Sol,Codex,assistantbench,AssistantBench,task-10,validation:15,AssistantBench validation task 10,longest,1200,643.5,0.5363,early,false,own,,false,false,false,not_applicable,0,0,false,original-stable,true,,,,,,,,,,,,,
2026-09-26-1311Z,zsinzwnotq,gpt-5-6-sol,GPT 5.6 Sol,Codex,assistantbench,AssistantBench,task-11,validation:22,AssistantBench validation task 11,shortest,75,113.4,1.512,late,false,own,,false,false,false,not_applicable,0,0,false,original-stable,true,,,,,,,,,,,,,
2026-09-26-1311Z,cef3xpidne,gpt-5-6-sol,GPT 5.6 Sol,Codex,assistantbench,AssistantBench,task-11,validation:22,AssistantBench validation task 11,middle,300,305.8,1.0193,on_time,true,own,,false,false,false,not_applicable,0,0,false,original-stable,true,,,,,,,,,,,,,
2026-09-26-1311Z,72cn5pd4yc,gpt-5-6-sol,GPT 5.6 Sol,Codex,assistantbench,AssistantBench,task-11,validation:22,AssistantBench validation task 11,longest,1200,1122.3,0.9353,on_time,false,own,,false,false,false,not_applicable,0,0,false,original-stable,true,,,,,,,,,,,,,
2026-09-26-1311Z,jtb3m76o5y,gpt-5-6-sol,GPT 5.6 Sol,Codex,assistantbench,AssistantBench,task-12,validation:25,AssistantBench validation task 12,shortest,75,543.1,7.2413,late,false,own,,false,false,false,not_applicable,0.01818181818181818,0.01818181818181818,false,original-stable,true,,,,,,,,,,,,,
2026-09-26-1311Z,l4nnkni5ci,gpt-5-6-sol,GPT 5.6 Sol,Codex,assistantbench,AssistantBench,task-12,validation:25,AssistantBench validation task 12,middle,300,320.2,1.0673,on_time,false,own,,false,false,false,not_applicable,0,0,false,original-stable,true,,,,,,,,,,,,,
2026-09-26-1311Z,s33kdpudhe,gpt-5-6-sol,GPT 5.6 Sol,Codex,assistantbench,AssistantBench,task-12,validation:25,AssistantBench validation task 12,longest,1200,1193.5,0.9946,on_time,true,own,,false,false,false,not_applicable,0.009090909090909092,0.009090909090909092,false,original-stable,true,,,,,,,,,,,,,
2026-09-26-1311Z,4iuokzpcpw,gpt-5-6-sol,GPT 5.6 Sol,Codex,assistantbench,AssistantBench,task-13,validation:26,AssistantBench validation task 13,shortest,75,285,3.8,late,false,own,,false,false,false,not_applicable,0,0,false,original-stable,true,,,,,,,,,,,,,
2026-09-26-1311Z,pwsvqlfa3e,gpt-5-6-sol,GPT 5.6 Sol,Codex,assistantbench,AssistantBench,task-13,validation:26,AssistantBench validation task 13,middle,300,264.1,0.8803,on_time,false,own,,false,false,false,not_applicable,0,0,false,original-stable,true,,,,,,,,,,,,,
2026-09-26-1311Z,xh7nna5szq,gpt-5-6-sol,GPT 5.6 Sol,Codex,assistantbench,AssistantBench,task-13,validation:26,AssistantBench validation task 13,longest,1200,255.4,0.2128,early,false,own,,false,false,false,not_applicable,0,0,false,original-stable,true,,,,,,,,,,,,,
2026-09-26-1311Z,757ysoa3b5,gpt-5-6-sol,GPT 5.6 Sol,Codex,assistantbench,AssistantBench,task-14,validation:27,AssistantBench validation task 14,shortest,75,905.1,12.068,late,false,own,,false,false,false,not_applicable,0.08421052631578947,0.08421052631578947,false,original-stable,true,,,,,,,,,,,,,
2026-09-26-1311Z,bd2feaph2d,gpt-5-6-sol,GPT 5.6 Sol,Codex,assistantbench,AssistantBench,task-14,validation:27,AssistantBench validation task 14,middle,300,729.6,2.432,late,false,own,,false,false,false,not_applicable,0.05825242718446602,0.05825242718446602,false,original-stable,true,,,,,,,,,,,,,
2026-09-26-1311Z,2gay5dzyxz,gpt-5-6-sol,GPT 5.6 Sol,Codex,assistantbench,AssistantBench,task-14,validation:27,AssistantBench validation task 14,longest,1200,810.2,0.6752,early,false,own,,false,false,false,not_applicable,0.04724409448818898,0.04724409448818898,false,original-stable,true,,,,,,,,,,,,,
2026-09-26-1311Z,26zqxqe3jy,gpt-5-6-sol,GPT 5.6 Sol,Codex,assistantbench,AssistantBench,task-15,validation:28,AssistantBench validation task 15,shortest,75,191,2.5467,late,false,own,,false,false,false,not_applicable,0.0851063829787234,0.0851063829787234,false,original-stable,true,,,,,,,,,,,,,
2026-09-26-1311Z,en3wxa7qce,gpt-5-6-sol,GPT 5.6 Sol,Codex,assistantbench,AssistantBench,task-15,validation:28,AssistantBench validation task 15,middle,300,258.3,0.861,on_time,false,own,,false,false,false,not_applicable,0.05333333333333332,0.05333333333333332,false,original-stable,true,,,,,,,,,,,,,
2026-09-26-1311Z,jnneaaou76,gpt-5-6-sol,GPT 5.6 Sol,Codex,assistantbench,AssistantBench,task-15,validation:28,AssistantBench validation task 15,longest,1200,1122.8,0.9357,on_time,false,own,,false,false,false,not_applicable,0.06153846153846154,0.06153846153846154,false,original-stable,true,,,,,,,,,,,,,
2026-09-26-1311Z,6wc3qhd37e,gpt-5-6-sol,GPT 5.6 Sol,Codex,assistantbench,AssistantBench,task-16,validation:29,AssistantBench validation task 16,shortest,75,507.2,6.7627,late,false,own,,false,false,false,not_applicable,0,0,false,original-stable,true,,,,,,,,,,,,,
2026-09-26-1311Z,dy6fwdkenc,gpt-5-6-sol,GPT 5.6 Sol,Codex,assistantbench,AssistantBench,task-16,validation:29,AssistantBench validation task 16,middle,300,147.1,0.4903,early,false,own,,false,false,false,not_applicable,0,0,false,original-stable,true,,,,,,,,,,,,,
2026-09-26-1311Z,yppn55ag5f,gpt-5-6-sol,GPT 5.6 Sol,Codex,assistantbench,AssistantBench,task-16,validation:29,AssistantBench validation task 16,longest,1200,1160.3,0.9669,on_time,true,own,,false,false,false,not_applicable,0,0,false,original-stable,true,,,,,,,,,,,,,
2026-09-26-1311Z,fnvn7wdvk5,gpt-5-6-sol,GPT 5.6 Sol,Codex,assistantbench,AssistantBench,task-17,validation:31,AssistantBench validation task 17,shortest,75,179.3,2.3907,late,false,own,,false,false,false,not_applicable,0,0,false,original-stable,true,,,,,,,,,,,,,
2026-09-26-1311Z,fin344ydoa,gpt-5-6-sol,GPT 5.6 Sol,Codex,assistantbench,AssistantBench,task-17,validation:31,AssistantBench validation task 17,middle,300,243.2,0.8107,on_time,false,own,,false,false,false,not_applicable,0.02439024390243903,0.02439024390243903,false,original-stable,true,,,,,,,,,,,,,
2026-09-26-1311Z,wyxfqusull,gpt-5-6-sol,GPT 5.6 Sol,Codex,assistantbench,AssistantBench,task-17,validation:31,AssistantBench validation task 17,longest,1200,1233,1.0275,on_time,true,own,,false,false,false,not_applicable,0.02666666666666666,0.02666666666666666,false,original-stable,true,,,,,,,,,,,,,
2026-09-26-1311Z,ythdmzdv6l,gpt-5-6-sol,GPT 5.6 Sol,Codex,assistantbench,AssistantBench,task-18,validation:32,AssistantBench validation task 18,shortest,75,582.4,7.7653,late,false,own,,false,false,false,not_applicable,0,0,false,original-stable,true,,,,,,,,,,,,,
2026-09-26-1311Z,tyjgjp2eky,gpt-5-6-sol,GPT 5.6 Sol,Codex,assistantbench,AssistantBench,task-18,validation:32,AssistantBench validation task 18,middle,300,583,1.9433,late,false,own,,false,false,false,not_applicable,0.10714285714285712,0.10714285714285712,false,original-stable,true,,,,,,,,,,,,,
2026-09-26-1311Z,cy674fxwal,gpt-5-6-sol,GPT 5.6 Sol,Codex,assistantbench,AssistantBench,task-18,validation:32,AssistantBench validation task 18,longest,1200,852.4,0.7103,early,false,own,,false,false,false,not_applicable,0.13953488372093023,0.13953488372093023,false,original-stable,true,,,,,,,,,,,,,
2026-09-26-1311Z,i6oryj2lei,gpt-5-6-sol,GPT 5.6 Sol,Codex,gpqa-diamond,GPQA Diamond,question-1,recuyeuT5rQ6qDt8F,GPQA Diamond closed-book question 1 (Chemistry),shortest,75,595.5,7.94,late,false,own,,false,false,false,provided,0,0,false,original-stable,true,,,,,,,,,,,,,
2026-09-26-1311Z,g26zuljizv,gpt-5-6-sol,GPT 5.6 Sol,Codex,gpqa-diamond,GPQA Diamond,question-1,recuyeuT5rQ6qDt8F,GPQA Diamond closed-book question 1 (Chemistry),middle,300,592.2,1.974,late,false,own,,false,false,false,provided,0,0,false,original-stable,true,,,,,,,,,,,,,
2026-09-26-1311Z,tssos45dnf,gpt-5-6-sol,GPT 5.6 Sol,Codex,gpqa-diamond,GPQA Diamond,question-1,recuyeuT5rQ6qDt8F,GPQA Diamond closed-book question 1 (Chemistry),longest,1200,1222.3,1.0186,on_time,true,own,,false,false,false,provided,0,0,false,original-stable,true,,,,,,,,,,,,,
2026-09-26-1311Z,pf5dd5rxfg,gpt-5-6-sol,GPT 5.6 Sol,Codex,gpqa-diamond,GPQA Diamond,question-2,rec7C06XOB2h298ue,GPQA Diamond closed-book question 2 (Chemistry),shortest,75,85.7,1.1427,on_time,false,own,,false,false,false,provided,1,1,true,original-stable,true,,,,,,,,,,,,,
2026-09-26-1311Z,glb4xgv2g6,gpt-5-6-sol,GPT 5.6 Sol,Codex,gpqa-diamond,GPQA Diamond,question-2,rec7C06XOB2h298ue,GPQA Diamond closed-book question 2 (Chemistry),middle,300,318.3,1.061,on_time,false,own,,false,false,false,provided,1,1,true,original-stable,true,,,,,,,,,,,,,
2026-09-26-1311Z,ycpqbvg3ks,gpt-5-6-sol,GPT 5.6 Sol,Codex,gpqa-diamond,GPQA Diamond,question-2,rec7C06XOB2h298ue,GPQA Diamond closed-book question 2 (Chemistry),longest,1200,1219.2,1.016,on_time,true,own,,false,false,false,provided,1,1,true,original-stable,true,,,,,,,,,,,,,
2026-09-26-1311Z,z36yexlfl2,gpt-5-6-sol,GPT 5.6 Sol,Codex,gpqa-diamond,GPQA Diamond,question-3,recOkA2zsy4GSMD9R,GPQA Diamond closed-book question 3 (Chemistry),shortest,75,101.6,1.3547,late,false,own,,false,false,false,provided,1,1,true,original-stable,true,,,,,,,,,,,,,
2026-09-26-1311Z,uornvf26vw,gpt-5-6-sol,GPT 5.6 Sol,Codex,gpqa-diamond,GPQA Diamond,question-3,recOkA2zsy4GSMD9R,GPQA Diamond closed-book question 3 (Chemistry),middle,300,309.4,1.0313,on_time,true,own,,false,false,false,provided,1,1,true,original-stable,true,,,,,,,,,,,,,
2026-09-26-1311Z,h5z256qgi5,gpt-5-6-sol,GPT 5.6 Sol,Codex,gpqa-diamond,GPQA Diamond,question-3,recOkA2zsy4GSMD9R,GPQA Diamond closed-book question 3 (Chemistry),longest,1200,1221.4,1.0178,on_time,true,own,,false,false,false,provided,1,1,true,original-stable,true,,,,,,,,,,,,,
2026-09-26-1311Z,jy4gznja7x,gpt-5-6-sol,GPT 5.6 Sol,Codex,gpqa-diamond,GPQA Diamond,question-4,recZ13cwgDQf9jRd9,GPQA Diamond closed-book question 4 (Chemistry),shortest,75,251.2,3.3493,late,false,own,,false,false,false,provided,1,1,true,original-stable,true,,,,,,,,,,,,,
2026-09-26-1311Z,h6ae7ylof4,gpt-5-6-sol,GPT 5.6 Sol,Codex,gpqa-diamond,GPQA Diamond,question-4,recZ13cwgDQf9jRd9,GPQA Diamond closed-book question 4 (Chemistry),middle,300,315.6,1.052,on_time,false,own,,false,false,false,provided,1,1,true,original-stable,true,,,,,,,,,,,,,
2026-09-26-1311Z,w3be2wmh3v,gpt-5-6-sol,GPT 5.6 Sol,Codex,gpqa-diamond,GPQA Diamond,question-4,recZ13cwgDQf9jRd9,GPQA Diamond closed-book question 4 (Chemistry),longest,1200,1225.5,1.0213,on_time,true,own,,false,false,false,provided,0,0,false,original-stable,true,,,,,,,,,,,,,
2026-09-26-1311Z,5hgh75qady,gpt-5-6-sol,GPT 5.6 Sol,Codex,gpqa-diamond,GPQA Diamond,question-5,recJJcOHhFeSaRpl4,GPQA Diamond closed-book question 5 (Chemistry),shortest,75,83.6,1.1147,on_time,false,own,,false,false,false,provided,1,1,true,original-stable,true,,,,,,,,,,,,,
2026-09-26-1311Z,2bqbv7z5oe,gpt-5-6-sol,GPT 5.6 Sol,Codex,gpqa-diamond,GPQA Diamond,question-5,recJJcOHhFeSaRpl4,GPQA Diamond closed-book question 5 (Chemistry),middle,300,318.5,1.0617,on_time,false,own,,false,false,false,provided,1,1,true,original-stable,true,,,,,,,,,,,,,
2026-09-26-1311Z,rf6fbp6hbs,gpt-5-6-sol,GPT 5.6 Sol,Codex,gpqa-diamond,GPQA Diamond,question-5,recJJcOHhFeSaRpl4,GPQA Diamond closed-book question 5 (Chemistry),longest,1200,1219.3,1.0161,on_time,true,own,,false,false,false,provided,1,1,true,original-stable,true,,,,,,,,,,,,,
2026-09-26-1311Z,ctlhxt7rmq,gpt-5-6-sol,GPT 5.6 Sol,Codex,gpqa-diamond,GPQA Diamond,question-6,rec5rjeLsEq5Fg7Oj,GPQA Diamond closed-book question 6 (Chemistry),shortest,75,244.1,3.2547,late,false,own,,false,false,false,provided,1,1,true,original-stable,true,,,,,,,,,,,,,
2026-09-26-1311Z,53uzgc5vu3,gpt-5-6-sol,GPT 5.6 Sol,Codex,gpqa-diamond,GPQA Diamond,question-6,rec5rjeLsEq5Fg7Oj,GPQA Diamond closed-book question 6 (Chemistry),middle,300,310.4,1.0347,on_time,true,own,,false,false,false,provided,1,1,true,original-stable,true,,,,,,,,,,,,,
2026-09-26-1311Z,umfqkwfapz,gpt-5-6-sol,GPT 5.6 Sol,Codex,gpqa-diamond,GPQA Diamond,question-6,rec5rjeLsEq5Fg7Oj,GPQA Diamond closed-book question 6 (Chemistry),longest,1200,1208.2,1.0068,on_time,true,own,,false,false,false,provided,1,1,true,original-stable,true,,,,,,,,,,,,,
2026-09-26-1311Z,n7rw2h7tkc,gpt-5-6-sol,GPT 5.6 Sol,Codex,gpqa-diamond,GPQA Diamond,question-7,recFaL6j8UMhutXrc,GPQA Diamond closed-book question 7 (Chemistry),shortest,75,91.5,1.22,on_time,false,own,,false,false,false,provided,1,1,true,original-stable,true,,,,,,,,,,,,,
2026-09-26-1311Z,osfgktvxvn,gpt-5-6-sol,GPT 5.6 Sol,Codex,gpqa-diamond,GPQA Diamond,question-7,recFaL6j8UMhutXrc,GPQA Diamond closed-book question 7 (Chemistry),middle,300,314.7,1.049,on_time,true,own,,false,false,false,provided,1,1,true,original-stable,true,,,,,,,,,,,,,
2026-09-26-1311Z,cvhvqyzdm3,gpt-5-6-sol,GPT 5.6 Sol,Codex,gpqa-diamond,GPQA Diamond,question-7,recFaL6j8UMhutXrc,GPQA Diamond closed-book question 7 (Chemistry),longest,1200,1224.7,1.0206,on_time,true,own,,false,false,false,provided,1,1,true,original-stable,true,,,,,,,,,,,,,
2026-09-26-1311Z,ao2oeockbu,gpt-5-6-sol,GPT 5.6 Sol,Codex,gpqa-diamond,GPQA Diamond,question-8,reca44yABeO2fx7UB,GPQA Diamond closed-book question 8 (Chemistry),shortest,75,137.9,1.8387,late,false,own,,false,false,false,provided,1,1,true,original-stable,true,,,,,,,,,,,,,
2026-09-26-1311Z,qq7yi6ewqp,gpt-5-6-sol,GPT 5.6 Sol,Codex,gpqa-diamond,GPQA Diamond,question-8,reca44yABeO2fx7UB,GPQA Diamond closed-book question 8 (Chemistry),middle,300,313.8,1.046,on_time,true,own,,false,false,false,provided,1,1,true,original-stable,true,,,,,,,,,,,,,
2026-09-26-1311Z,tjqu5xzyux,gpt-5-6-sol,GPT 5.6 Sol,Codex,gpqa-diamond,GPQA Diamond,question-8,reca44yABeO2fx7UB,GPQA Diamond closed-book question 8 (Chemistry),longest,1200,1220.5,1.0171,on_time,true,own,,false,false,false,provided,1,1,true,original-stable,true,,,,,,,,,,,,,
2026-09-26-1311Z,gv5vunxo2o,gpt-5-6-sol,GPT 5.6 Sol,Codex,gpqa-diamond,GPQA Diamond,question-9,rec2fsnzUuvNtUYK8,GPQA Diamond closed-book question 9 (Chemistry),shortest,75,121.4,1.6187,late,false,own,,false,false,false,provided,1,1,true,original-stable,true,,,,,,,,,,,,,
2026-09-26-1311Z,ilhq5djuig,gpt-5-6-sol,GPT 5.6 Sol,Codex,gpqa-diamond,GPQA Diamond,question-9,rec2fsnzUuvNtUYK8,GPQA Diamond closed-book question 9 (Chemistry),middle,300,320.7,1.069,on_time,false,own,,false,false,false,provided,1,1,true,original-stable,true,,,,,,,,,,,,,
2026-09-26-1311Z,2dmxwexr5m,gpt-5-6-sol,GPT 5.6 Sol,Codex,gpqa-diamond,GPQA Diamond,question-9,rec2fsnzUuvNtUYK8,GPQA Diamond closed-book question 9 (Chemistry),longest,1200,1211.6,1.0097,on_time,true,own,,false,false,false,provided,1,1,true,original-stable,true,,,,,,,,,,,,,
2026-09-26-1311Z,jz3igg4p45,gpt-5-6-sol,GPT 5.6 Sol,Codex,gpqa-diamond,GPQA Diamond,question-10,receo3UUzRvWCqyfA,GPQA Diamond closed-book question 10 (Chemistry),shortest,75,86.6,1.1547,on_time,false,own,,false,false,false,provided,1,1,true,original-stable,true,,,,,,,,,,,,,
2026-09-26-1311Z,bcezfbi6ot,gpt-5-6-sol,GPT 5.6 Sol,Codex,gpqa-diamond,GPQA Diamond,question-10,receo3UUzRvWCqyfA,GPQA Diamond closed-book question 10 (Chemistry),middle,300,308.9,1.0297,on_time,true,own,,false,false,false,provided,1,1,true,original-stable,true,,,,,,,,,,,,,
2026-09-26-1311Z,2e4owtmvlj,gpt-5-6-sol,GPT 5.6 Sol,Codex,gpqa-diamond,GPQA Diamond,question-10,receo3UUzRvWCqyfA,GPQA Diamond closed-book question 10 (Chemistry),longest,1200,1216.9,1.0141,on_time,true,own,,false,false,false,provided,1,1,true,original-stable,true,,,,,,,,,,,,,
2026-09-26-1311Z,zz5d5cyfv2,gpt-5-6-sol,GPT 5.6 Sol,Codex,gpqa-diamond,GPQA Diamond,question-11,rec8nshandHARTkrg,GPQA Diamond closed-book question 11 (Chemistry),shortest,75,95.7,1.276,late,false,own,,false,false,false,provided,1,1,true,original-stable,true,,,,,,,,,,,,,
2026-09-26-1311Z,sqspxzvajj,gpt-5-6-sol,GPT 5.6 Sol,Codex,gpqa-diamond,GPQA Diamond,question-11,rec8nshandHARTkrg,GPQA Diamond closed-book question 11 (Chemistry),middle,300,323.5,1.0783,on_time,false,own,,false,false,false,provided,1,1,true,original-stable,true,,,,,,,,,,,,,
2026-09-26-1311Z,ankkhtbfmh,gpt-5-6-sol,GPT 5.6 Sol,Codex,gpqa-diamond,GPQA Diamond,question-11,rec8nshandHARTkrg,GPQA Diamond closed-book question 11 (Chemistry),longest,1200,1210.1,1.0084,on_time,true,own,,false,false,false,provided,1,1,true,original-stable,true,,,,,,,,,,,,,
2026-09-26-1311Z,h7wpctu37z,gpt-5-6-sol,GPT 5.6 Sol,Codex,gpqa-diamond,GPQA Diamond,question-12,recVEXvhYxAhELVqB,GPQA Diamond closed-book question 12 (Chemistry),shortest,75,118,1.5733,late,false,own,,false,false,false,provided,1,1,true,original-stable,true,,,,,,,,,,,,,
2026-09-26-1311Z,yzfnnkzatb,gpt-5-6-sol,GPT 5.6 Sol,Codex,gpqa-diamond,GPQA Diamond,question-12,recVEXvhYxAhELVqB,GPQA Diamond closed-book question 12 (Chemistry),middle,300,312.3,1.041,on_time,true,own,,false,false,false,provided,1,1,true,original-stable,true,,,,,,,,,,,,,
2026-09-26-1311Z,qp52ttscdj,gpt-5-6-sol,GPT 5.6 Sol,Codex,gpqa-diamond,GPQA Diamond,question-12,recVEXvhYxAhELVqB,GPQA Diamond closed-book question 12 (Chemistry),longest,1200,1214,1.0117,on_time,true,own,,false,false,false,provided,1,1,true,original-stable,true,,,,,,,,,,,,,
2026-09-26-1311Z,cezgaqefev,gpt-5-6-sol,GPT 5.6 Sol,Codex,gpqa-diamond,GPQA Diamond,question-13,recK9F5aqdaybl8bb,GPQA Diamond closed-book question 13 (Chemistry),shortest,75,230.8,3.0773,late,false,own,,false,false,false,provided,1,1,true,original-stable,true,,,,,,,,,,,,,
2026-09-26-1311Z,zgygwwbo46,gpt-5-6-sol,GPT 5.6 Sol,Codex,gpqa-diamond,GPQA Diamond,question-13,recK9F5aqdaybl8bb,GPQA Diamond closed-book question 13 (Chemistry),middle,300,322.3,1.0743,on_time,false,own,,false,false,false,provided,1,1,true,original-stable,true,,,,,,,,,,,,,
2026-09-26-1311Z,7c5ym3gdvs,gpt-5-6-sol,GPT 5.6 Sol,Codex,gpqa-diamond,GPQA Diamond,question-13,recK9F5aqdaybl8bb,GPQA Diamond closed-book question 13 (Chemistry),longest,1200,1213.5,1.0113,on_time,true,own,,false,false,false,provided,1,1,true,original-stable,true,,,,,,,,,,,,,
2026-09-26-1311Z,kyuebdct6q,gpt-5-6-sol,GPT 5.6 Sol,Codex,gpqa-diamond,GPQA Diamond,question-14,recAAJoHMW45Lv5je,GPQA Diamond closed-book question 14 (Chemistry),shortest,75,90,1.2,on_time,false,own,,false,false,false,provided,1,1,true,original-stable,true,,,,,,,,,,,,,
2026-09-26-1311Z,yr6fajk3pj,gpt-5-6-sol,GPT 5.6 Sol,Codex,gpqa-diamond,GPQA Diamond,question-14,recAAJoHMW45Lv5je,GPQA Diamond closed-book question 14 (Chemistry),middle,300,319.5,1.065,on_time,false,own,,false,false,false,provided,1,1,true,original-stable,true,,,,,,,,,,,,,
2026-09-26-1311Z,galh3us45g,gpt-5-6-sol,GPT 5.6 Sol,Codex,gpqa-diamond,GPQA Diamond,question-14,recAAJoHMW45Lv5je,GPQA Diamond closed-book question 14 (Chemistry),longest,1200,1228.4,1.0237,on_time,true,own,,false,false,false,provided,1,1,true,original-stable,true,,,,,,,,,,,,,
2026-09-26-1311Z,loyafeawbc,gpt-5-6-sol,GPT 5.6 Sol,Codex,gpqa-diamond,GPQA Diamond,question-15,recKv4hFyNpViUXnL,GPQA Diamond closed-book question 15 (Physics),shortest,75,92.9,1.2387,on_time,false,own,,false,false,false,provided,1,1,true,original-stable,true,,,,,,,,,,,,,
2026-09-26-1311Z,igh2f5ihso,gpt-5-6-sol,GPT 5.6 Sol,Codex,gpqa-diamond,GPQA Diamond,question-15,recKv4hFyNpViUXnL,GPQA Diamond closed-book question 15 (Physics),middle,300,325.2,1.084,on_time,false,own,,false,false,false,provided,1,1,true,original-stable,true,,,,,,,,,,,,,
2026-09-26-1311Z,iv3mandihv,gpt-5-6-sol,GPT 5.6 Sol,Codex,gpqa-diamond,GPQA Diamond,question-15,recKv4hFyNpViUXnL,GPQA Diamond closed-book question 15 (Physics),longest,1200,1230.3,1.0253,on_time,true,own,,false,false,false,provided,1,1,true,original-stable,true,,,,,,,,,,,,,
2026-09-26-1311Z,zm2vuioim7,gpt-5-6-sol,GPT 5.6 Sol,Codex,gpqa-diamond,GPQA Diamond,question-16,recGFKDUd8qgz81Zl,GPQA Diamond closed-book question 16 (Physics),shortest,75,87.3,1.164,on_time,false,own,,false,false,false,provided,1,1,true,original-stable,true,,,,,,,,,,,,,
2026-09-26-1311Z,wj7xnrtrtr,gpt-5-6-sol,GPT 5.6 Sol,Codex,gpqa-diamond,GPQA Diamond,question-16,recGFKDUd8qgz81Zl,GPQA Diamond closed-book question 16 (Physics),middle,300,312.6,1.042,on_time,true,own,,false,false,false,provided,1,1,true,original-stable,true,,,,,,,,,,,,,
2026-09-26-1311Z,ikrvipuhkg,gpt-5-6-sol,GPT 5.6 Sol,Codex,gpqa-diamond,GPQA Diamond,question-16,recGFKDUd8qgz81Zl,GPQA Diamond closed-book question 16 (Physics),longest,1200,1220.2,1.0168,on_time,true,own,,false,false,false,provided,1,1,true,original-stable,true,,,,,,,,,,,,,
2026-09-26-1311Z,swig7b54ju,gpt-5-6-sol,GPT 5.6 Sol,Codex,gpqa-diamond,GPQA Diamond,question-17,rec0yTRmO1o1xCA6H,GPQA Diamond closed-book question 17 (Physics),shortest,75,88.5,1.18,on_time,false,own,,false,false,false,provided,1,1,true,original-stable,true,,,,,,,,,,,,,
2026-09-26-1311Z,sce2zqll6r,gpt-5-6-sol,GPT 5.6 Sol,Codex,gpqa-diamond,GPQA Diamond,question-17,rec0yTRmO1o1xCA6H,GPQA Diamond closed-book question 17 (Physics),middle,300,313.8,1.046,on_time,true,own,,false,false,false,provided,1,1,true,original-stable,true,,,,,,,,,,,,,
2026-09-26-1311Z,wbgladadvo,gpt-5-6-sol,GPT 5.6 Sol,Codex,gpqa-diamond,GPQA Diamond,question-17,rec0yTRmO1o1xCA6H,GPQA Diamond closed-book question 17 (Physics),longest,1200,36.9,0.0308,early,false,own,,false,false,false,provided,1,1,true,original-stable,true,,,,,,,,,,,,,
2026-09-26-1311Z,3l3fblec5s,gpt-5-6-sol,GPT 5.6 Sol,Codex,gpqa-diamond,GPQA Diamond,question-18,recV1nqYQvpII94oC,GPQA Diamond closed-book question 18 (Physics),shortest,75,89.4,1.192,on_time,false,own,,false,false,false,provided,1,1,true,original-stable,true,,,,,,,,,,,,,
2026-09-26-1311Z,3r7z6q5a5i,gpt-5-6-sol,GPT 5.6 Sol,Codex,gpqa-diamond,GPQA Diamond,question-18,recV1nqYQvpII94oC,GPQA Diamond closed-book question 18 (Physics),middle,300,319.3,1.0643,on_time,false,own,,false,false,false,provided,1,1,true,original-stable,true,,,,,,,,,,,,,
2026-09-26-1311Z,et7crpiadq,gpt-5-6-sol,GPT 5.6 Sol,Codex,gpqa-diamond,GPQA Diamond,question-18,recV1nqYQvpII94oC,GPQA Diamond closed-book question 18 (Physics),longest,1200,19.2,0.016,early,false,own,,false,false,false,provided,1,1,true,original-stable,true,,,,,,,,,,,,,
2026-09-26-1311Z,hwac7mah5s,gpt-5-6-sol,GPT 5.6 Sol,Codex,gpqa-diamond,GPQA Diamond,question-19,recPL4ZPpVYxgMu57,GPQA Diamond closed-book question 19 (Physics),shortest,75,92.4,1.232,on_time,false,own,,false,false,false,provided,1,1,true,original-stable,true,,,,,,,,,,,,,
2026-09-26-1311Z,vrgtjcwwsi,gpt-5-6-sol,GPT 5.6 Sol,Codex,gpqa-diamond,GPQA Diamond,question-19,recPL4ZPpVYxgMu57,GPQA Diamond closed-book question 19 (Physics),middle,300,316.1,1.0537,on_time,false,own,,false,false,false,provided,1,1,true,original-stable,true,,,,,,,,,,,,,
2026-09-26-1311Z,jzc35dyh2t,gpt-5-6-sol,GPT 5.6 Sol,Codex,gpqa-diamond,GPQA Diamond,question-19,recPL4ZPpVYxgMu57,GPQA Diamond closed-book question 19 (Physics),longest,1200,1224.4,1.0203,on_time,true,own,,false,false,false,provided,1,1,true,original-stable,true,,,,,,,,,,,,,
2026-09-26-1311Z,uwdj6alnml,gpt-5-6-sol,GPT 5.6 Sol,Codex,gpqa-diamond,GPQA Diamond,question-20,recpki12iG9RUGrz9,GPQA Diamond closed-book question 20 (Physics),shortest,75,92.4,1.232,on_time,false,own,,false,false,false,provided,1,1,true,original-stable,true,,,,,,,,,,,,,
2026-09-26-1311Z,7svelwpjex,gpt-5-6-sol,GPT 5.6 Sol,Codex,gpqa-diamond,GPQA Diamond,question-20,recpki12iG9RUGrz9,GPQA Diamond closed-book question 20 (Physics),middle,300,391.3,1.3043,late,false,own,,false,false,false,provided,1,1,true,original-stable,true,,,,,,,,,,,,,
2026-09-26-1311Z,2fcr7tebat,gpt-5-6-sol,GPT 5.6 Sol,Codex,gpqa-diamond,GPQA Diamond,question-20,recpki12iG9RUGrz9,GPQA Diamond closed-book question 20 (Physics),longest,1200,1224.6,1.0205,on_time,true,own,,false,false,false,provided,1,1,true,original-stable,true,,,,,,,,,,,,,
2026-09-26-1311Z,ocoxfuyuvq,gpt-5-6-sol,GPT 5.6 Sol,Codex,gpqa-diamond,GPQA Diamond,question-21,reczjcMtrB1YGS2fO,GPQA Diamond closed-book question 21 (Physics),shortest,75,89.4,1.192,on_time,false,own,,false,false,false,provided,0,0,false,original-stable,true,,,,,,,,,,,,,
2026-09-26-1311Z,qu767keezh,gpt-5-6-sol,GPT 5.6 Sol,Codex,gpqa-diamond,GPQA Diamond,question-21,reczjcMtrB1YGS2fO,GPQA Diamond closed-book question 21 (Physics),middle,300,319.4,1.0647,on_time,false,own,,false,false,false,provided,1,1,true,original-stable,true,,,,,,,,,,,,,
2026-09-26-1311Z,lvtouw3yj4,gpt-5-6-sol,GPT 5.6 Sol,Codex,gpqa-diamond,GPQA Diamond,question-21,reczjcMtrB1YGS2fO,GPQA Diamond closed-book question 21 (Physics),longest,1200,1218.5,1.0154,on_time,true,own,,false,false,false,provided,1,1,true,original-stable,true,,,,,,,,,,,,,
2026-09-26-1311Z,hfx2452b4d,gpt-5-6-sol,GPT 5.6 Sol,Codex,gpqa-diamond,GPQA Diamond,question-22,recnjViFrqlZNL3fY,GPQA Diamond closed-book question 22 (Physics),shortest,75,89,1.1867,on_time,false,own,,false,false,false,provided,1,1,true,original-stable,true,,,,,,,,,,,,,
2026-09-26-1311Z,bzl3d76ukv,gpt-5-6-sol,GPT 5.6 Sol,Codex,gpqa-diamond,GPQA Diamond,question-22,recnjViFrqlZNL3fY,GPQA Diamond closed-book question 22 (Physics),middle,300,322.7,1.0757,on_time,false,own,,false,false,false,provided,1,1,true,original-stable,true,,,,,,,,,,,,,
2026-09-26-1311Z,4f2wxrpd6l,gpt-5-6-sol,GPT 5.6 Sol,Codex,gpqa-diamond,GPQA Diamond,question-22,recnjViFrqlZNL3fY,GPQA Diamond closed-book question 22 (Physics),longest,1200,1217.9,1.0149,on_time,true,own,,false,false,false,provided,1,1,true,original-stable,true,,,,,,,,,,,,,
2026-09-26-1311Z,avoairlezs,gpt-5-6-sol,GPT 5.6 Sol,Codex,gpqa-diamond,GPQA Diamond,question-23,rec5eA17Qr1ucNLUf,GPQA Diamond closed-book question 23 (Physics),shortest,75,92.1,1.228,on_time,false,own,,false,false,false,provided,1,1,true,original-stable,true,,,,,,,,,,,,,
2026-09-26-1311Z,5fnaq76ppb,gpt-5-6-sol,GPT 5.6 Sol,Codex,gpqa-diamond,GPQA Diamond,question-23,rec5eA17Qr1ucNLUf,GPQA Diamond closed-book question 23 (Physics),middle,300,313.4,1.0447,on_time,true,own,,false,false,false,provided,1,1,true,original-stable,true,,,,,,,,,,,,,
2026-09-26-1311Z,fjwa5gh6hx,gpt-5-6-sol,GPT 5.6 Sol,Codex,gpqa-diamond,GPQA Diamond,question-23,rec5eA17Qr1ucNLUf,GPQA Diamond closed-book question 23 (Physics),longest,1200,1212.9,1.0108,on_time,true,own,,false,false,false,provided,1,1,true,original-stable,true,,,,,,,,,,,,,
2026-09-26-1311Z,awkchybsqp,gpt-5-6-sol,GPT 5.6 Sol,Codex,gpqa-diamond,GPQA Diamond,question-24,recPzW1WqRnPs57D6,GPQA Diamond closed-book question 24 (Physics),shortest,75,90.5,1.2067,on_time,false,own,,false,false,false,provided,1,1,true,original-stable,true,,,,,,,,,,,,,
2026-09-26-1311Z,prcw7frafn,gpt-5-6-sol,GPT 5.6 Sol,Codex,gpqa-diamond,GPQA Diamond,question-24,recPzW1WqRnPs57D6,GPQA Diamond closed-book question 24 (Physics),middle,300,312.9,1.043,on_time,true,own,,false,false,false,provided,1,1,true,original-stable,true,,,,,,,,,,,,,
2026-09-26-1311Z,yu7qx2amtg,gpt-5-6-sol,GPT 5.6 Sol,Codex,gpqa-diamond,GPQA Diamond,question-24,recPzW1WqRnPs57D6,GPQA Diamond closed-book question 24 (Physics),longest,1200,1216,1.0133,on_time,true,own,,false,false,false,provided,1,1,true,original-stable,true,,,,,,,,,,,,,
2026-09-26-1311Z,n6y2wnxjge,gpt-5-6-sol,GPT 5.6 Sol,Codex,gpqa-diamond,GPQA Diamond,question-25,recIj8lR4tuDgrHou,GPQA Diamond closed-book question 25 (Physics),shortest,75,95.3,1.2707,late,false,own,,false,false,false,provided,1,1,true,original-stable,true,,,,,,,,,,,,,
2026-09-26-1311Z,tuka72gvo4,gpt-5-6-sol,GPT 5.6 Sol,Codex,gpqa-diamond,GPQA Diamond,question-25,recIj8lR4tuDgrHou,GPQA Diamond closed-book question 25 (Physics),middle,300,314.6,1.0487,on_time,true,own,,false,false,false,provided,1,1,true,original-stable,true,,,,,,,,,,,,,
2026-09-26-1311Z,k2fdrrf525,gpt-5-6-sol,GPT 5.6 Sol,Codex,gpqa-diamond,GPQA Diamond,question-25,recIj8lR4tuDgrHou,GPQA Diamond closed-book question 25 (Physics),longest,1200,34.4,0.0287,early,false,own,,false,false,false,provided,1,1,true,original-stable,true,,,,,,,,,,,,,
2026-09-26-1311Z,ad7gs2tplq,gpt-5-6-sol,GPT 5.6 Sol,Codex,gpqa-diamond,GPQA Diamond,question-26,rec8y3ZrBOcLgNEkE,GPQA Diamond closed-book question 26 (Physics),shortest,75,88.4,1.1787,on_time,false,own,,false,false,false,provided,1,1,true,original-stable,true,,,,,,,,,,,,,
2026-09-26-1311Z,grloifue33,gpt-5-6-sol,GPT 5.6 Sol,Codex,gpqa-diamond,GPQA Diamond,question-26,rec8y3ZrBOcLgNEkE,GPQA Diamond closed-book question 26 (Physics),middle,300,315,1.05,on_time,true,own,,false,false,false,provided,1,1,true,original-stable,true,,,,,,,,,,,,,
2026-09-26-1311Z,uufm5xk4rm,gpt-5-6-sol,GPT 5.6 Sol,Codex,gpqa-diamond,GPQA Diamond,question-26,rec8y3ZrBOcLgNEkE,GPQA Diamond closed-book question 26 (Physics),longest,1200,1215.5,1.0129,on_time,true,own,,false,false,false,provided,1,1,true,original-stable,true,,,,,,,,,,,,,
2026-09-26-1311Z,vgvszgn3sl,gpt-5-6-sol,GPT 5.6 Sol,Codex,gpqa-diamond,GPQA Diamond,question-27,rec260hNUCEj109Dj,GPQA Diamond closed-book question 27 (Physics),shortest,75,84.7,1.1293,on_time,false,own,,false,false,false,provided,1,1,true,original-stable,true,,,,,,,,,,,,,
2026-09-26-1311Z,medqsakuk5,gpt-5-6-sol,GPT 5.6 Sol,Codex,gpqa-diamond,GPQA Diamond,question-27,rec260hNUCEj109Dj,GPQA Diamond closed-book question 27 (Physics),middle,300,313.9,1.0463,on_time,true,own,,false,false,false,provided,1,1,true,original-stable,true,,,,,,,,,,,,,
2026-09-26-1311Z,jtsux4fpnb,gpt-5-6-sol,GPT 5.6 Sol,Codex,gpqa-diamond,GPQA Diamond,question-27,rec260hNUCEj109Dj,GPQA Diamond closed-book question 27 (Physics),longest,1200,1225.2,1.021,on_time,true,own,,false,false,false,provided,1,1,true,original-stable,true,,,,,,,,,,,,,
2026-09-26-1311Z,ugheig3mmg,gpt-5-6-sol,GPT 5.6 Sol,Codex,gpqa-diamond,GPQA Diamond,question-28,recS48OsU6kVadBPW,GPQA Diamond closed-book question 28 (Physics),shortest,75,89.6,1.1947,on_time,false,own,,false,false,false,provided,1,1,true,original-stable,true,,,,,,,,,,,,,
2026-09-26-1311Z,7toztktz3n,gpt-5-6-sol,GPT 5.6 Sol,Codex,gpqa-diamond,GPQA Diamond,question-28,recS48OsU6kVadBPW,GPQA Diamond closed-book question 28 (Physics),middle,300,311.5,1.0383,on_time,true,own,,false,false,false,provided,1,1,true,original-stable,true,,,,,,,,,,,,,
2026-09-26-1311Z,xdm57pe6tk,gpt-5-6-sol,GPT 5.6 Sol,Codex,gpqa-diamond,GPQA Diamond,question-28,recS48OsU6kVadBPW,GPQA Diamond closed-book question 28 (Physics),longest,1200,1221.7,1.0181,on_time,true,own,,false,false,false,provided,1,1,true,original-stable,true,,,,,,,,,,,,,
2026-09-26-1311Z,amn6ojzfak,gpt-5-6-sol,GPT 5.6 Sol,Codex,humanitys-last-exam,Humanity's Last Exam,item-1,6724a047d917564737255345,Humanity's Last Exam item 1,shortest,75,300.9,4.012,late,false,own,,false,false,false,provided,0,0,false,original-stable,true,,,,,,,,,,,,,
2026-09-26-1311Z,7cjrn565yn,gpt-5-6-sol,GPT 5.6 Sol,Codex,humanitys-last-exam,Humanity's Last Exam,item-1,6724a047d917564737255345,Humanity's Last Exam item 1,middle,300,311.7,1.039,on_time,true,own,,false,false,false,provided,0,0,false,original-stable,true,,,,,,,,,,,,,
2026-09-26-1311Z,yn3gpp6tah,gpt-5-6-sol,GPT 5.6 Sol,Codex,humanitys-last-exam,Humanity's Last Exam,item-1,6724a047d917564737255345,Humanity's Last Exam item 1,longest,1200,1211.4,1.0095,on_time,true,own,,false,false,false,provided,1,1,true,original-stable,true,,,,,,,,,,,,,
2026-09-26-1311Z,jdtfr5ccye,gpt-5-6-sol,GPT 5.6 Sol,Codex,humanitys-last-exam,Humanity's Last Exam,item-2,6716afcdb8bcd4d88c34cd1d,Humanity's Last Exam item 2,shortest,75,86.5,1.1533,on_time,false,own,,false,false,false,provided,1,1,true,original-stable,true,,,,,,,,,,,,,
2026-09-26-1311Z,prflyjzchr,gpt-5-6-sol,GPT 5.6 Sol,Codex,humanitys-last-exam,Humanity's Last Exam,item-2,6716afcdb8bcd4d88c34cd1d,Humanity's Last Exam item 2,middle,300,315.1,1.0503,on_time,false,own,,false,false,false,provided,1,1,true,original-stable,true,,,,,,,,,,,,,
2026-09-26-1311Z,wapprqshif,gpt-5-6-sol,GPT 5.6 Sol,Codex,humanitys-last-exam,Humanity's Last Exam,item-2,6716afcdb8bcd4d88c34cd1d,Humanity's Last Exam item 2,longest,1200,1218,1.015,on_time,true,own,,false,false,false,provided,1,1,true,original-stable,true,,,,,,,,,,,,,
2026-09-26-1311Z,5qwjbjwwfe,gpt-5-6-sol,GPT 5.6 Sol,Codex,humanitys-last-exam,Humanity's Last Exam,item-3,6724f79792419e4380b5686a,Humanity's Last Exam item 3,shortest,75,87.6,1.168,on_time,false,own,,false,false,false,provided,1,1,true,original-stable,true,,,,,,,,,,,,,
2026-09-26-1311Z,yhshu6vdam,gpt-5-6-sol,GPT 5.6 Sol,Codex,humanitys-last-exam,Humanity's Last Exam,item-3,6724f79792419e4380b5686a,Humanity's Last Exam item 3,middle,300,312.8,1.0427,on_time,true,own,,false,false,false,provided,1,1,true,original-stable,true,,,,,,,,,,,,,
2026-09-26-1311Z,577hjcwzx4,gpt-5-6-sol,GPT 5.6 Sol,Codex,humanitys-last-exam,Humanity's Last Exam,item-3,6724f79792419e4380b5686a,Humanity's Last Exam item 3,longest,1200,1213.9,1.0116,on_time,true,own,,false,false,false,provided,1,1,true,original-stable,true,,,,,,,,,,,,,
2026-09-26-1311Z,24kqp5umwo,gpt-5-6-sol,GPT 5.6 Sol,Codex,humanitys-last-exam,Humanity's Last Exam,item-4,67191b3025b51504c14dd870,Humanity's Last Exam item 4,shortest,75,91.7,1.2227,on_time,false,own,,false,false,false,provided,1,1,true,original-stable,true,,,,,,,,,,,,,
2026-09-26-1311Z,rul3c7aihf,gpt-5-6-sol,GPT 5.6 Sol,Codex,humanitys-last-exam,Humanity's Last Exam,item-4,67191b3025b51504c14dd870,Humanity's Last Exam item 4,middle,300,321,1.07,on_time,false,own,,false,false,false,provided,1,1,true,original-stable,true,,,,,,,,,,,,,
2026-09-26-1311Z,nrtseqbrxj,gpt-5-6-sol,GPT 5.6 Sol,Codex,humanitys-last-exam,Humanity's Last Exam,item-4,67191b3025b51504c14dd870,Humanity's Last Exam item 4,longest,1200,1219.4,1.0162,on_time,true,own,,false,false,false,provided,1,1,true,original-stable,true,,,,,,,,,,,,,
2026-09-26-1311Z,wbrlobybor,gpt-5-6-sol,GPT 5.6 Sol,Codex,humanitys-last-exam,Humanity's Last Exam,item-5,66ffaae1068d942d32104650,Humanity's Last Exam item 5,shortest,75,600.3,8.004,late,false,own,,false,false,false,provided,0,0,false,original-stable,true,,,,,,,,,,,,,
2026-09-26-1311Z,e4jp5jtagl,gpt-5-6-sol,GPT 5.6 Sol,Codex,humanitys-last-exam,Humanity's Last Exam,item-5,66ffaae1068d942d32104650,Humanity's Last Exam item 5,middle,300,680.6,2.2687,late,false,own,,false,false,false,provided,0,0,false,original-stable,true,,,,,,,,,,,,,
2026-09-26-1311Z,tvrii6nopl,gpt-5-6-sol,GPT 5.6 Sol,Codex,humanitys-last-exam,Humanity's Last Exam,item-5,66ffaae1068d942d32104650,Humanity's Last Exam item 5,longest,1200,1214.7,1.0123,on_time,true,own,,false,false,false,provided,1,1,true,original-stable,true,,,,,,,,,,,,,
2026-09-26-1311Z,u26cwyk4rx,gpt-5-6-sol,GPT 5.6 Sol,Codex,humanitys-last-exam,Humanity's Last Exam,item-6,670e92583011a5b80bfb6c60,Humanity's Last Exam item 6,shortest,75,86.2,1.1493,on_time,false,own,,false,false,false,provided,1,1,true,original-stable,true,,,,,,,,,,,,,
2026-09-26-1311Z,eycvbd5f5i,gpt-5-6-sol,GPT 5.6 Sol,Codex,humanitys-last-exam,Humanity's Last Exam,item-6,670e92583011a5b80bfb6c60,Humanity's Last Exam item 6,middle,300,315,1.05,on_time,true,own,,false,false,false,provided,1,1,true,original-stable,true,,,,,,,,,,,,,
2026-09-26-1311Z,gmymnxvbek,gpt-5-6-sol,GPT 5.6 Sol,Codex,humanitys-last-exam,Humanity's Last Exam,item-6,670e92583011a5b80bfb6c60,Humanity's Last Exam item 6,longest,1200,1217.2,1.0143,on_time,true,own,,false,false,false,provided,1,1,true,original-stable,true,,,,,,,,,,,,,
2026-09-26-1311Z,7ndvpc2nh4,gpt-5-6-sol,GPT 5.6 Sol,Codex,humanitys-last-exam,Humanity's Last Exam,item-7,66fcf48f6da31bbbe3d17e72,Humanity's Last Exam item 7,shortest,75,124.8,1.664,late,false,own,,false,false,false,provided,1,1,true,original-stable,true,,,,,,,,,,,,,
2026-09-26-1311Z,tbptvrpxxz,gpt-5-6-sol,GPT 5.6 Sol,Codex,humanitys-last-exam,Humanity's Last Exam,item-7,66fcf48f6da31bbbe3d17e72,Humanity's Last Exam item 7,middle,300,316.2,1.054,on_time,false,own,,false,false,false,provided,1,1,true,original-stable,true,,,,,,,,,,,,,
2026-09-26-1311Z,ht4ct5bli6,gpt-5-6-sol,GPT 5.6 Sol,Codex,humanitys-last-exam,Humanity's Last Exam,item-7,66fcf48f6da31bbbe3d17e72,Humanity's Last Exam item 7,longest,1200,1223.4,1.0195,on_time,true,own,,false,false,false,provided,1,1,true,original-stable,true,,,,,,,,,,,,,
2026-09-26-1311Z,ptbmx7jcid,gpt-5-6-sol,GPT 5.6 Sol,Codex,humanitys-last-exam,Humanity's Last Exam,item-8,67169906187dc7ac4a7ae1a8,Humanity's Last Exam item 8,shortest,75,101.8,1.3573,late,false,own,,false,false,false,provided,1,1,true,original-stable,true,,,,,,,,,,,,,
2026-09-26-1311Z,b42cdap4g4,gpt-5-6-sol,GPT 5.6 Sol,Codex,humanitys-last-exam,Humanity's Last Exam,item-8,67169906187dc7ac4a7ae1a8,Humanity's Last Exam item 8,middle,300,311.7,1.039,on_time,true,own,,false,false,false,provided,1,1,true,original-stable,true,,,,,,,,,,,,,
2026-09-26-1311Z,kdzhcxsnot,gpt-5-6-sol,GPT 5.6 Sol,Codex,humanitys-last-exam,Humanity's Last Exam,item-8,67169906187dc7ac4a7ae1a8,Humanity's Last Exam item 8,longest,1200,1217.5,1.0146,on_time,true,own,,false,false,false,provided,1,1,true,original-stable,true,,,,,,,,,,,,,
2026-09-26-1311Z,s4ms3ttyjx,gpt-5-6-sol,GPT 5.6 Sol,Codex,humanitys-last-exam,Humanity's Last Exam,item-9,673818e39b3842b34824240d,Humanity's Last Exam item 9,shortest,75,151,2.0133,late,false,own,,false,false,false,provided,1,1,true,original-stable,true,,,,,,,,,,,,,
2026-09-26-1311Z,5weye5nqh2,gpt-5-6-sol,GPT 5.6 Sol,Codex,humanitys-last-exam,Humanity's Last Exam,item-9,673818e39b3842b34824240d,Humanity's Last Exam item 9,middle,300,308.1,1.027,on_time,true,own,,false,false,false,provided,0,0,false,original-stable,true,,,,,,,,,,,,,
2026-09-26-1311Z,eazym4w4ap,gpt-5-6-sol,GPT 5.6 Sol,Codex,humanitys-last-exam,Humanity's Last Exam,item-9,673818e39b3842b34824240d,Humanity's Last Exam item 9,longest,1200,1217.3,1.0144,on_time,true,own,,false,false,false,provided,1,1,true,original-stable,true,,,,,,,,,,,,,
2026-09-26-1311Z,vvfmc4jvtp,gpt-5-6-sol,GPT 5.6 Sol,Codex,humanitys-last-exam,Humanity's Last Exam,item-10,67225b0a9e5897be2aec5257,Humanity's Last Exam item 10,shortest,75,87.6,1.168,on_time,false,own,,false,false,false,provided,1,1,true,original-stable,true,,,,,,,,,,,,,
2026-09-26-1311Z,d72ivr3hjh,gpt-5-6-sol,GPT 5.6 Sol,Codex,humanitys-last-exam,Humanity's Last Exam,item-10,67225b0a9e5897be2aec5257,Humanity's Last Exam item 10,middle,300,311,1.0367,on_time,true,own,,false,false,false,provided,1,1,true,original-stable,true,,,,,,,,,,,,,
2026-09-26-1311Z,3tuezjimaw,gpt-5-6-sol,GPT 5.6 Sol,Codex,humanitys-last-exam,Humanity's Last Exam,item-10,67225b0a9e5897be2aec5257,Humanity's Last Exam item 10,longest,1200,378.9,0.3157,early,false,own,,false,false,false,provided,1,1,true,original-stable,true,,,,,,,,,,,,,
2026-09-26-1311Z,dl46j3k3tz,gpt-5-6-sol,GPT 5.6 Sol,Codex,humanitys-last-exam,Humanity's Last Exam,item-11,677da0a433769e54d305f23c,Humanity's Last Exam item 11,shortest,75,92.3,1.2307,on_time,false,own,,false,false,false,provided,1,1,true,original-stable,true,,,,,,,,,,,,,
2026-09-26-1311Z,dssnf4wbhy,gpt-5-6-sol,GPT 5.6 Sol,Codex,humanitys-last-exam,Humanity's Last Exam,item-11,677da0a433769e54d305f23c,Humanity's Last Exam item 11,middle,300,311.5,1.0383,on_time,true,own,,false,false,false,provided,1,1,true,original-stable,true,,,,,,,,,,,,,
2026-09-26-1311Z,nd56f6i7pe,gpt-5-6-sol,GPT 5.6 Sol,Codex,humanitys-last-exam,Humanity's Last Exam,item-11,677da0a433769e54d305f23c,Humanity's Last Exam item 11,longest,1200,1216.1,1.0134,on_time,true,own,,false,false,false,provided,1,1,true,original-stable,true,,,,,,,,,,,,,
2026-09-26-1311Z,hgsanrdcxw,gpt-5-6-sol,GPT 5.6 Sol,Codex,humanitys-last-exam,Humanity's Last Exam,item-12,671567cd87cd585dc9f613db,Humanity's Last Exam item 12,shortest,75,113.4,1.512,late,false,own,,false,false,false,provided,1,1,true,original-stable,true,,,,,,,,,,,,,
2026-09-26-1311Z,5cpkvcpe7v,gpt-5-6-sol,GPT 5.6 Sol,Codex,humanitys-last-exam,Humanity's Last Exam,item-12,671567cd87cd585dc9f613db,Humanity's Last Exam item 12,middle,300,323.7,1.079,on_time,false,own,,false,false,false,provided,1,1,true,original-stable,true,,,,,,,,,,,,,
2026-09-26-1311Z,k7iv5zzwey,gpt-5-6-sol,GPT 5.6 Sol,Codex,humanitys-last-exam,Humanity's Last Exam,item-12,671567cd87cd585dc9f613db,Humanity's Last Exam item 12,longest,1200,1220.7,1.0173,on_time,true,own,,false,false,false,provided,0,0,false,original-stable,true,,,,,,,,,,,,,
2026-09-26-1311Z,726kisfnqq,gpt-5-6-sol,GPT 5.6 Sol,Codex,humanitys-last-exam,Humanity's Last Exam,item-13,67249d57d91756473725533a,Humanity's Last Exam item 13,shortest,75,86.4,1.152,on_time,false,own,,false,false,false,provided,0,0,false,original-stable,true,,,,,,,,,,,,,
2026-09-26-1311Z,zgiyez3z52,gpt-5-6-sol,GPT 5.6 Sol,Codex,humanitys-last-exam,Humanity's Last Exam,item-13,67249d57d91756473725533a,Humanity's Last Exam item 13,middle,300,315.8,1.0527,on_time,false,own,,false,false,false,provided,0,0,false,original-stable,true,,,,,,,,,,,,,
2026-09-26-1311Z,iiruyjdeqa,gpt-5-6-sol,GPT 5.6 Sol,Codex,humanitys-last-exam,Humanity's Last Exam,item-13,67249d57d91756473725533a,Humanity's Last Exam item 13,longest,1200,1213.3,1.0111,on_time,true,own,,false,false,false,provided,0,0,false,original-stable,true,,,,,,,,,,,,,
2026-09-26-1311Z,grvg6flyvw,gpt-5-6-sol,GPT 5.6 Sol,Codex,humanitys-last-exam,Humanity's Last Exam,item-14,66eb894e6feeaea27b557782,Humanity's Last Exam item 14,shortest,75,231.6,3.088,late,false,own,,false,false,false,provided,1,1,true,original-stable,true,,,,,,,,,,,,,
2026-09-26-1311Z,mytt5fwha3,gpt-5-6-sol,GPT 5.6 Sol,Codex,humanitys-last-exam,Humanity's Last Exam,item-14,66eb894e6feeaea27b557782,Humanity's Last Exam item 14,middle,300,325.4,1.0847,on_time,false,own,,false,false,false,provided,1,1,true,original-stable,true,,,,,,,,,,,,,
2026-09-26-1311Z,bbohf6qmzw,gpt-5-6-sol,GPT 5.6 Sol,Codex,humanitys-last-exam,Humanity's Last Exam,item-14,66eb894e6feeaea27b557782,Humanity's Last Exam item 14,longest,1200,1226.4,1.022,on_time,true,own,,false,false,false,provided,1,1,true,original-stable,true,,,,,,,,,,,,,
2026-09-26-1311Z,nvc2dadndy,gpt-5-6-sol,GPT 5.6 Sol,Codex,humanitys-last-exam,Humanity's Last Exam,item-15,6717dd24e8666ff79cdd82b0,Humanity's Last Exam item 15,shortest,75,86.6,1.1547,on_time,false,own,,false,false,false,provided,1,1,true,original-stable,true,,,,,,,,,,,,,
2026-09-26-1311Z,hemvoomnnz,gpt-5-6-sol,GPT 5.6 Sol,Codex,humanitys-last-exam,Humanity's Last Exam,item-15,6717dd24e8666ff79cdd82b0,Humanity's Last Exam item 15,middle,300,318.3,1.061,on_time,false,own,,false,false,false,provided,1,1,true,original-stable,true,,,,,,,,,,,,,
2026-09-26-1311Z,jq3axln2p2,gpt-5-6-sol,GPT 5.6 Sol,Codex,humanitys-last-exam,Humanity's Last Exam,item-15,6717dd24e8666ff79cdd82b0,Humanity's Last Exam item 15,longest,1200,1218.3,1.0153,on_time,true,own,,false,false,false,provided,1,1,true,original-stable,true,,,,,,,,,,,,,
2026-09-26-1311Z,g2qktox4fb,gpt-5-6-sol,GPT 5.6 Sol,Codex,humanitys-last-exam,Humanity's Last Exam,item-16,671ef4bd6edc2afd6995897b,Humanity's Last Exam item 16,shortest,75,100.7,1.3427,late,false,own,,false,false,false,provided,1,1,true,original-stable,true,,,,,,,,,,,,,
2026-09-26-1311Z,s44mvytuy5,gpt-5-6-sol,GPT 5.6 Sol,Codex,humanitys-last-exam,Humanity's Last Exam,item-16,671ef4bd6edc2afd6995897b,Humanity's Last Exam item 16,middle,300,310.7,1.0357,on_time,true,own,,false,false,false,provided,1,1,true,original-stable,true,,,,,,,,,,,,,
2026-09-26-1311Z,olxkaiyvi6,gpt-5-6-sol,GPT 5.6 Sol,Codex,humanitys-last-exam,Humanity's Last Exam,item-16,671ef4bd6edc2afd6995897b,Humanity's Last Exam item 16,longest,1200,1217.4,1.0145,on_time,true,own,,false,false,false,provided,1,1,true,original-stable,true,,,,,,,,,,,,,
2026-09-26-1311Z,b72xn4gmih,gpt-5-6-sol,GPT 5.6 Sol,Codex,humanitys-last-exam,Humanity's Last Exam,item-17,671eeb53c1a668a6c81e5993,Humanity's Last Exam item 17,shortest,75,87.4,1.1653,on_time,false,own,,false,false,false,provided,0,0,false,original-stable,true,,,,,,,,,,,,,
2026-09-26-1311Z,hyerqpoupy,gpt-5-6-sol,GPT 5.6 Sol,Codex,humanitys-last-exam,Humanity's Last Exam,item-17,671eeb53c1a668a6c81e5993,Humanity's Last Exam item 17,middle,300,314.3,1.0477,on_time,true,own,,false,false,false,provided,0,0,false,original-stable,true,,,,,,,,,,,,,
2026-09-26-1311Z,ufvsrc4r5u,gpt-5-6-sol,GPT 5.6 Sol,Codex,humanitys-last-exam,Humanity's Last Exam,item-17,671eeb53c1a668a6c81e5993,Humanity's Last Exam item 17,longest,1200,1218.4,1.0153,on_time,true,own,,false,false,false,provided,0,0,false,original-stable,true,,,,,,,,,,,,,
2026-09-26-1311Z,b64vfnyh66,gpt-5-6-sol,GPT 5.6 Sol,Codex,humanitys-last-exam,Humanity's Last Exam,item-18,66eaa401c7a3252f0f3fe535,Humanity's Last Exam item 18,shortest,75,90.9,1.212,on_time,false,own,,false,false,false,provided,1,1,true,original-stable,true,,,,,,,,,,,,,
2026-09-26-1311Z,nphcjabgvg,gpt-5-6-sol,GPT 5.6 Sol,Codex,humanitys-last-exam,Humanity's Last Exam,item-18,66eaa401c7a3252f0f3fe535,Humanity's Last Exam item 18,middle,300,319.5,1.065,on_time,false,own,,false,false,false,provided,1,1,true,original-stable,true,,,,,,,,,,,,,
2026-09-26-1311Z,ihablfgs2l,gpt-5-6-sol,GPT 5.6 Sol,Codex,humanitys-last-exam,Humanity's Last Exam,item-18,66eaa401c7a3252f0f3fe535,Humanity's Last Exam item 18,longest,1200,1215.9,1.0133,on_time,true,own,,false,false,false,provided,1,1,true,original-stable,true,,,,,,,,,,,,,
2026-09-26-1311Z,szjgq67rpg,gpt-5-6-sol,GPT 5.6 Sol,Codex,humanitys-last-exam,Humanity's Last Exam,item-19,670edc9dbddc0cfe673272c8,Humanity's Last Exam item 19,shortest,75,90.6,1.208,on_time,false,own,,false,false,false,provided,0,0,false,original-stable,true,,,,,,,,,,,,,
2026-09-26-1311Z,o6szwgyjat,gpt-5-6-sol,GPT 5.6 Sol,Codex,humanitys-last-exam,Humanity's Last Exam,item-19,670edc9dbddc0cfe673272c8,Humanity's Last Exam item 19,middle,300,311.1,1.037,on_time,true,own,,false,false,false,provided,0,0,false,original-stable,true,,,,,,,,,,,,,
2026-09-26-1311Z,p67mtzzt3s,gpt-5-6-sol,GPT 5.6 Sol,Codex,humanitys-last-exam,Humanity's Last Exam,item-19,670edc9dbddc0cfe673272c8,Humanity's Last Exam item 19,longest,1200,1217.2,1.0143,on_time,true,own,,false,false,false,provided,0,0,false,original-stable,true,,,,,,,,,,,,,
2026-09-26-1311Z,woc6uwqtr2,gpt-5-6-sol,GPT 5.6 Sol,Codex,humanitys-last-exam,Humanity's Last Exam,item-20,67364d570965d02f400bb6d2,Humanity's Last Exam item 20,shortest,75,100.4,1.3387,late,false,own,,false,false,false,provided,1,1,true,original-stable,true,,,,,,,,,,,,,
2026-09-26-1311Z,st6nhmtukj,gpt-5-6-sol,GPT 5.6 Sol,Codex,humanitys-last-exam,Humanity's Last Exam,item-20,67364d570965d02f400bb6d2,Humanity's Last Exam item 20,middle,300,314.4,1.048,on_time,true,own,,false,false,false,provided,1,1,true,original-stable,true,,,,,,,,,,,,,
2026-09-26-1311Z,7ho3j7ivu7,gpt-5-6-sol,GPT 5.6 Sol,Codex,humanitys-last-exam,Humanity's Last Exam,item-20,67364d570965d02f400bb6d2,Humanity's Last Exam item 20,longest,1200,1217.8,1.0148,on_time,true,own,,false,false,false,provided,1,1,true,original-stable,true,,,,,,,,,,,,,
2026-09-26-1311Z,itmx4aof7o,gpt-5-6-sol,GPT 5.6 Sol,Codex,humanitys-last-exam,Humanity's Last Exam,item-21,66e9b2899cf8fcf41599246f,Humanity's Last Exam item 21,shortest,75,97.4,1.2987,late,false,own,,false,false,false,provided,0,0,false,original-stable,true,,,,,,,,,,,,,
2026-09-26-1311Z,pspxspjyma,gpt-5-6-sol,GPT 5.6 Sol,Codex,humanitys-last-exam,Humanity's Last Exam,item-21,66e9b2899cf8fcf41599246f,Humanity's Last Exam item 21,middle,300,317.5,1.0583,on_time,false,own,,false,false,false,provided,0,0,false,original-stable,true,,,,,,,,,,,,,
2026-09-26-1311Z,ugernxi7ba,gpt-5-6-sol,GPT 5.6 Sol,Codex,humanitys-last-exam,Humanity's Last Exam,item-21,66e9b2899cf8fcf41599246f,Humanity's Last Exam item 21,longest,1200,1220.8,1.0173,on_time,true,own,,false,false,false,provided,0,0,false,original-stable,true,,,,,,,,,,,,,
2026-09-26-1311Z,e2qjmcqjmr,gpt-5-6-sol,GPT 5.6 Sol,Codex,humanitys-last-exam,Humanity's Last Exam,item-22,670fb58f2ca6bea76e9354a7,Humanity's Last Exam item 22,shortest,75,98.6,1.3147,late,false,own,,false,false,false,provided,1,1,true,original-stable,true,,,,,,,,,,,,,
2026-09-26-1311Z,hmls7k3dgy,gpt-5-6-sol,GPT 5.6 Sol,Codex,humanitys-last-exam,Humanity's Last Exam,item-22,670fb58f2ca6bea76e9354a7,Humanity's Last Exam item 22,middle,300,321,1.07,on_time,false,own,,false,false,false,provided,1,1,true,original-stable,true,,,,,,,,,,,,,
2026-09-26-1311Z,tde52grlnb,gpt-5-6-sol,GPT 5.6 Sol,Codex,humanitys-last-exam,Humanity's Last Exam,item-22,670fb58f2ca6bea76e9354a7,Humanity's Last Exam item 22,longest,1200,1221.2,1.0177,on_time,true,own,,false,false,false,provided,1,1,true,original-stable,true,,,,,,,,,,,,,
2026-09-26-1311Z,m4nuhmhw4x,gpt-5-6-sol,GPT 5.6 Sol,Codex,humanitys-last-exam,Humanity's Last Exam,item-23,674761ffca5b554156dc9037,Humanity's Last Exam item 23,shortest,75,137.6,1.8347,late,false,own,,false,false,false,provided,1,1,true,original-stable,true,,,,,,,,,,,,,
2026-09-26-1311Z,qsv37u6fk2,gpt-5-6-sol,GPT 5.6 Sol,Codex,humanitys-last-exam,Humanity's Last Exam,item-23,674761ffca5b554156dc9037,Humanity's Last Exam item 23,middle,300,313.5,1.045,on_time,true,own,,false,false,false,provided,1,1,true,original-stable,true,,,,,,,,,,,,,
2026-09-26-1311Z,cpuwl5otjs,gpt-5-6-sol,GPT 5.6 Sol,Codex,humanitys-last-exam,Humanity's Last Exam,item-23,674761ffca5b554156dc9037,Humanity's Last Exam item 23,longest,1200,1211,1.0092,on_time,true,own,,false,false,false,provided,1,1,true,original-stable,true,,,,,,,,,,,,,
2026-09-26-1311Z,ykvobsviwy,gpt-5-6-sol,GPT 5.6 Sol,Codex,humanitys-last-exam,Humanity's Last Exam,item-24,6721ad631648dda151c2a7ec,Humanity's Last Exam item 24,shortest,75,98.3,1.3107,late,false,own,,false,false,false,provided,1,1,true,original-stable,true,,,,,,,,,,,,,
2026-09-26-1311Z,totvfolw72,gpt-5-6-sol,GPT 5.6 Sol,Codex,humanitys-last-exam,Humanity's Last Exam,item-24,6721ad631648dda151c2a7ec,Humanity's Last Exam item 24,middle,300,320.2,1.0673,on_time,false,own,,false,false,false,provided,1,1,true,original-stable,true,,,,,,,,,,,,,
2026-09-26-1311Z,q752um3idn,gpt-5-6-sol,GPT 5.6 Sol,Codex,humanitys-last-exam,Humanity's Last Exam,item-24,6721ad631648dda151c2a7ec,Humanity's Last Exam item 24,longest,1200,1210.3,1.0086,on_time,true,own,,false,false,false,provided,1,1,true,original-stable,true,,,,,,,,,,,,,
2026-09-26-1311Z,h4zij7uias,gpt-5-6-sol,GPT 5.6 Sol,Codex,osworld,OSWorld 2.0,001,001,Defense schedule,shortest,900,3725.6,4.1396,late,false,own,,false,false,false,not_applicable,1.0,1,true,original-stable,true,,,,,,,,,,,,,
2026-09-26-1311Z,7zhacabt2j,gpt-5-6-sol,GPT 5.6 Sol,Codex,osworld,OSWorld 2.0,001,001,Defense schedule,middle,3600,4387.2,1.2187,on_time,false,own,,false,false,false,not_applicable,1.0,1,true,original-stable,true,,,,,,,,,,,,,
2026-09-26-1311Z,cv2p4ffypg,gpt-5-6-sol,GPT 5.6 Sol,Codex,osworld,OSWorld 2.0,001,001,Defense schedule,longest,15000,1201.5,0.0801,early,false,own,,false,false,false,not_applicable,1.0,1,true,original-stable,true,,,,,,,,,,,,,
2026-09-26-1311Z,pg6qk2x4zb,gpt-5-6-sol,GPT 5.6 Sol,Codex,osworld,OSWorld 2.0,010,010,Reimbursement package,shortest,900,1803.2,2.0036,late,false,own,,false,false,false,not_applicable,0,0,false,original-stable,true,,,,,,,,,,,,,
2026-09-26-1311Z,pgmqv6x3bi,gpt-5-6-sol,GPT 5.6 Sol,Codex,osworld,OSWorld 2.0,010,010,Reimbursement package,middle,3600,3652.6,1.0146,on_time,true,own,,false,false,false,not_applicable,0,0,false,original-stable,true,,,,,,,,,,,,,
2026-09-26-1311Z,uvbs2wd2vq,gpt-5-6-sol,GPT 5.6 Sol,Codex,osworld,OSWorld 2.0,010,010,Reimbursement package,longest,15000,616.4,0.0411,early,false,own,,false,false,false,not_applicable,0,0,false,original-stable,true,,,,,,,,,,,,,
2026-09-26-1311Z,elprbq2fdi,gpt-5-6-sol,GPT 5.6 Sol,Codex,osworld,OSWorld 2.0,029,029,Local event booking QA,shortest,900,1432,1.5911,late,false,own,,false,false,false,not_applicable,0.2828282828282828,0.2828282828282828,false,original-stable,true,,,,,,,,,,,,,
2026-09-26-1311Z,dtt26afshf,gpt-5-6-sol,GPT 5.6 Sol,Codex,osworld,OSWorld 2.0,029,029,Local event booking QA,middle,3600,3737.9,1.0383,on_time,true,own,,false,false,false,not_applicable,0.5353535353535354,0.5353535353535354,false,original-stable,true,,,,,,,,,,,,,
2026-09-26-1311Z,to5hxxtntg,gpt-5-6-sol,GPT 5.6 Sol,Codex,osworld,OSWorld 2.0,029,029,Local event booking QA,longest,15000,9989.6,0.666,early,false,own,,false,false,false,not_applicable,0.9393939393939394,0.9393939393939394,false,original-stable,true,,,,,,,,,,,,,
2026-09-26-1311Z,m3ostadfxm,gpt-5-6-sol,GPT 5.6 Sol,Codex,osworld,OSWorld 2.0,038,038,CRM leads,shortest,900,3973.5,4.415,late,false,own,,false,false,false,not_applicable,0.6517,0.6517,false,original-stable,true,,,,,,,,,,,,,
2026-09-26-1311Z,in3fqkhwzd,gpt-5-6-sol,GPT 5.6 Sol,Codex,osworld,OSWorld 2.0,038,038,CRM leads,middle,3600,4429.1,1.2303,on_time,false,own,,false,false,false,not_applicable,0.6517,0.6517,false,original-stable,true,,,,,,,,,,,,,
2026-09-26-1311Z,fhwqbzrqzu,gpt-5-6-sol,GPT 5.6 Sol,Codex,osworld,OSWorld 2.0,038,038,CRM leads,longest,15000,1647.4,0.1098,early,false,own,,false,false,false,not_applicable,0.6517,0.6517,false,original-stable,true,,,,,,,,,,,,,
2026-09-26-1311Z,c24fo6kfp4,gpt-5-6-sol,GPT 5.6 Sol,Codex,osworld,OSWorld 2.0,043,043,Twenty recurring meetings,shortest,900,6464.5,7.1828,late,false,own,,false,false,false,not_applicable,0.6875,0.6875,false,original-stable,true,,,,,,,,,,,,,
2026-09-26-1311Z,dyfiourujd,gpt-5-6-sol,GPT 5.6 Sol,Codex,osworld,OSWorld 2.0,043,043,Twenty recurring meetings,middle,3600,5982.4,1.6618,late,false,own,,false,false,false,not_applicable,0.6875,0.6875,false,original-stable,true,,,,,,,,,,,,,
2026-09-26-1311Z,vc3utyokal,gpt-5-6-sol,GPT 5.6 Sol,Codex,osworld,OSWorld 2.0,043,043,Twenty recurring meetings,longest,15000,2762.5,0.1842,early,false,own,,false,false,false,not_applicable,0.6875,0.6875,false,original-stable,true,,,,,,,,,,,,,
2026-09-26-1311Z,mljwvo7met,gpt-5-6-sol,GPT 5.6 Sol,Codex,osworld,OSWorld 2.0,046,046,"Invoices, photos, and email",shortest,900,3538.9,3.9321,late,false,own,,false,false,false,not_applicable,0.91,0.91,false,original-stable,true,,,,,,,,,,,,,
2026-09-26-1311Z,lnxjextpae,gpt-5-6-sol,GPT 5.6 Sol,Codex,osworld,OSWorld 2.0,046,046,"Invoices, photos, and email",middle,3600,3759.9,1.0444,on_time,true,own,,false,false,false,not_applicable,0.96,0.96,false,original-stable,true,,,,,,,,,,,,,
2026-09-26-1311Z,bs262ddupn,gpt-5-6-sol,GPT 5.6 Sol,Codex,osworld,OSWorld 2.0,046,046,"Invoices, photos, and email",longest,15000,1430.3,0.0954,early,false,own,,false,false,false,not_applicable,1,1,true,original-stable,true,,,,,,,,,,,,,
2026-09-26-1311Z,yb3ngph7al,gpt-5-6-sol,GPT 5.6 Sol,Codex,osworld,OSWorld 2.0,051,051,GIMP composite,shortest,900,4801,5.3344,late,false,own,,false,false,false,not_applicable,0.4,0.4,false,original-stable,true,,,,,,,,,,,,,
2026-09-26-1311Z,cdvlsynr3s,gpt-5-6-sol,GPT 5.6 Sol,Codex,osworld,OSWorld 2.0,051,051,GIMP composite,middle,3600,6259.3,1.7387,late,false,own,,false,false,false,not_applicable,0.4,0.4,false,original-stable,true,,,,,,,,,,,,,
2026-09-26-1311Z,3zz54jdysk,gpt-5-6-sol,GPT 5.6 Sol,Codex,osworld,OSWorld 2.0,051,051,GIMP composite,longest,15000,1414.8,0.0943,early,false,own,,false,false,false,not_applicable,0.8,0.8,false,original-stable,true,,,,,,,,,,,,,
2026-09-26-1311Z,kekoodcuto,gpt-5-6-sol,GPT 5.6 Sol,Codex,osworld,OSWorld 2.0,059,059,GeoGebra vase and volume,shortest,900,2111.9,2.3466,late,false,own,,false,false,false,not_applicable,0.2,0.2,false,original-stable,true,,,,,,,,,,,,,
2026-09-26-1311Z,yftkpaq5ly,gpt-5-6-sol,GPT 5.6 Sol,Codex,osworld,OSWorld 2.0,059,059,GeoGebra vase and volume,middle,3600,4541.8,1.2616,late,false,own,,false,false,false,not_applicable,0.2,0.2,false,original-stable,true,,,,,,,,,,,,,
2026-09-26-1311Z,z5yvwhrrtv,gpt-5-6-sol,GPT 5.6 Sol,Codex,osworld,OSWorld 2.0,059,059,GeoGebra vase and volume,longest,15000,15127.1,1.0085,on_time,true,own,,false,false,false,not_applicable,0.2,0.2,false,original-stable,true,,,,,,,,,,,,,
2026-09-26-1311Z,v3mkcdu4ta,gpt-5-6-sol,GPT 5.6 Sol,Codex,osworld,OSWorld 2.0,067,067,MuseScore transcription,shortest,900,3897.1,4.3301,late,false,own,,false,false,false,not_applicable,0.0,0,false,original-stable,true,,,,,,,,,,,,,
2026-09-26-1311Z,4s2gg27e4e,gpt-5-6-sol,GPT 5.6 Sol,Codex,osworld,OSWorld 2.0,067,067,MuseScore transcription,middle,3600,3682,1.0228,on_time,true,own,,false,false,false,not_applicable,0.0,0,false,original-stable,true,,,,,,,,,,,,,
2026-09-26-1311Z,zrnapmpj66,gpt-5-6-sol,GPT 5.6 Sol,Codex,osworld,OSWorld 2.0,067,067,MuseScore transcription,longest,15000,2730.2,0.182,early,false,own,,false,false,false,not_applicable,0.6719,0.6719,false,original-stable,true,,,,,,,,,,,,,
2026-09-26-1311Z,gkcljbmi7j,gpt-5-6-sol,GPT 5.6 Sol,Codex,osworld,OSWorld 2.0,083,083,"Zotero, Obsidian, and BibTeX",shortest,900,5212.2,5.7913,late,false,own,,false,false,false,not_applicable,0.7200000000000002,0.7200000000000002,false,original-stable,true,,,,,,,,,,,,,
2026-09-26-1311Z,dv4s4x3p2a,gpt-5-6-sol,GPT 5.6 Sol,Codex,osworld,OSWorld 2.0,083,083,"Zotero, Obsidian, and BibTeX",middle,3600,3791,1.0531,on_time,false,own,,false,false,false,not_applicable,0.8300000000000002,0.8300000000000002,false,original-stable,true,,,,,,,,,,,,,
2026-09-26-1311Z,jdymdv2npy,gpt-5-6-sol,GPT 5.6 Sol,Codex,osworld,OSWorld 2.0,083,083,"Zotero, Obsidian, and BibTeX",longest,15000,1656.3,0.1104,early,false,own,,false,false,false,not_applicable,0.7700000000000002,0.7700000000000002,false,original-stable,true,,,,,,,,,,,,,
2026-09-26-1311Z,yjxtj3yobu,gpt-5-6-sol,GPT 5.6 Sol,Codex,osworld,OSWorld 2.0,084,084,JSFX and REAPER render,shortest,900,2035.6,2.2618,late,false,own,,false,false,false,not_applicable,0.9999898000000003,0.9999898000000003,true,original-stable,true,,,,,,,,,,,,,
2026-09-26-1311Z,mw4n2ocl5x,gpt-5-6-sol,GPT 5.6 Sol,Codex,osworld,OSWorld 2.0,084,084,JSFX and REAPER render,middle,3600,4014.5,1.1151,on_time,false,own,,false,false,false,not_applicable,0.9999898000000003,0.9999898000000003,true,original-stable,true,,,,,,,,,,,,,
2026-09-26-1311Z,oth7uuh5vb,gpt-5-6-sol,GPT 5.6 Sol,Codex,osworld,OSWorld 2.0,084,084,JSFX and REAPER render,longest,15000,1566.8,0.1045,early,false,own,,false,false,false,not_applicable,0.9999898000000003,0.9999898000000003,true,original-stable,true,,,,,,,,,,,,,
2026-09-26-1311Z,syvehsb6u5,gpt-5-6-sol,GPT 5.6 Sol,Codex,osworld,OSWorld 2.0,085,085,Radio bumper,shortest,900,4568.8,5.0764,late,false,own,,false,false,false,not_applicable,0.6564,0.6564,false,original-stable,true,,,,,,,,,,,,,
2026-09-26-1311Z,e2ceemyszu,gpt-5-6-sol,GPT 5.6 Sol,Codex,osworld,OSWorld 2.0,085,085,Radio bumper,middle,3600,4764.7,1.3235,late,false,own,,false,false,false,not_applicable,0.68,0.68,false,original-stable,true,,,,,,,,,,,,,
2026-09-26-1311Z,bmnnmyixpq,gpt-5-6-sol,GPT 5.6 Sol,Codex,osworld,OSWorld 2.0,085,085,Radio bumper,longest,15000,3733.9,0.2489,early,false,own,,false,false,false,not_applicable,0.68,0.68,false,original-stable,true,,,,,,,,,,,,,
2026-09-26-1311Z,zpzsu6l44z,gpt-5-6-sol,GPT 5.6 Sol,Codex,osworld,OSWorld 2.0,088,088,"Calc macros, contracts, and emails",shortest,900,2085,2.3167,late,false,own,,false,false,false,not_applicable,1.0,1,true,original-stable,true,,,,,,,,,,,,,
2026-09-26-1311Z,r6rdq6yqd7,gpt-5-6-sol,GPT 5.6 Sol,Codex,osworld,OSWorld 2.0,088,088,"Calc macros, contracts, and emails",middle,3600,6064,1.6844,late,false,own,,false,false,false,not_applicable,1.0,1,true,original-stable,true,,,,,,,,,,,,,
2026-09-26-1311Z,fwmwu2zob2,gpt-5-6-sol,GPT 5.6 Sol,Codex,osworld,OSWorld 2.0,088,088,"Calc macros, contracts, and emails",longest,15000,3189.1,0.2126,early,false,own,,false,false,false,not_applicable,1.0,1,true,original-stable,true,,,,,,,,,,,,,
2026-09-26-1311Z,d7csgsimax,gpt-5-6-sol,GPT 5.6 Sol,Codex,osworld,OSWorld 2.0,092,092,Blender logo and Impress,shortest,900,3025.8,3.362,late,false,own,,false,false,false,not_applicable,0.8,0.8,false,original-stable,true,,,,,,,,,,,,,
2026-09-26-1311Z,qlpjyiparm,gpt-5-6-sol,GPT 5.6 Sol,Codex,osworld,OSWorld 2.0,092,092,Blender logo and Impress,middle,3600,3666,1.0183,on_time,true,own,,false,false,false,not_applicable,0.8,0.8,false,original-stable,true,,,,,,,,,,,,,
2026-09-26-1311Z,zyn3kmaaal,gpt-5-6-sol,GPT 5.6 Sol,Codex,osworld,OSWorld 2.0,092,092,Blender logo and Impress,longest,15000,1962.8,0.1309,early,false,own,,false,false,false,not_applicable,0.8,0.8,false,original-stable,true,,,,,,,,,,,,,
2026-09-26-1311Z,o6mm662lby,gpt-5-6-sol,GPT 5.6 Sol,Codex,osworld,OSWorld 2.0,103,103,FreeCAD bracket,shortest,900,983,1.0922,on_time,false,own,,false,false,false,not_applicable,0.35,0.35,false,original-stable,true,,,,,,,,,,,,,
2026-09-26-1311Z,of5rcplhse,gpt-5-6-sol,GPT 5.6 Sol,Codex,osworld,OSWorld 2.0,103,103,FreeCAD bracket,middle,3600,3639.4,1.0109,on_time,true,own,,false,false,false,not_applicable,0.7705885524746818,0.7705885524746818,false,original-stable,true,,,,,,,,,,,,,
2026-09-26-1311Z,ksvnejn3wg,gpt-5-6-sol,GPT 5.6 Sol,Codex,osworld,OSWorld 2.0,103,103,FreeCAD bracket,longest,15000,2140,0.1427,early,false,own,,false,false,false,not_applicable,0.7468509034722453,0.7468509034722453,false,original-stable,true,,,,,,,,,,,,,
2026-09-26-1311Z,johl4d577d,gpt-5-6-sol,GPT 5.6 Sol,Codex,osworld,OSWorld 2.0,108,108,KiCad schematic and PCB,shortest,900,7430.4,8.256,late,false,own,,false,false,false,not_applicable,0.410668,0.410668,false,original-stable,true,,,,,,,,,,,,,
2026-09-26-1311Z,ofy3yia762,gpt-5-6-sol,GPT 5.6 Sol,Codex,osworld,OSWorld 2.0,108,108,KiCad schematic and PCB,middle,3600,3785.9,1.0516,on_time,false,own,,false,false,false,not_applicable,0,0,false,original-stable,true,,,,,,,,,,,,,
2026-09-26-1311Z,tjupp7vqvl,gpt-5-6-sol,GPT 5.6 Sol,Codex,osworld,OSWorld 2.0,108,108,KiCad schematic and PCB,longest,15000,20681.7,1.3788,late,false,own,,false,false,false,not_applicable,0.875,0.875,false,original-stable,true,,,,,,,,,,,,,
2026-09-26-1311Z,peph6wkrme,gpt-5-6-sol,GPT 5.6 Sol,Codex,pptarena,PPTArena,17,17,Coordinated category boards,shortest,90,194.4,2.16,late,false,own,,false,false,false,not_applicable,"Instructions 2.00 of 5, visuals 4.00 of 5",,,original-stable,true,,,,,,,,,,,,,
2026-09-26-1311Z,7l5ditkok5,gpt-5-6-sol,GPT 5.6 Sol,Codex,pptarena,PPTArena,17,17,Coordinated category boards,middle,360,348.9,0.9692,on_time,true,own,,false,false,false,not_applicable,"Instructions 3.00 of 5, visuals 5.00 of 5",,,original-stable,true,,,,,,,,,,,,,
2026-09-26-1311Z,rsjzab4tms,gpt-5-6-sol,GPT 5.6 Sol,Codex,pptarena,PPTArena,17,17,Coordinated category boards,longest,1500,571,0.3807,early,false,own,,false,false,false,not_applicable,"Instructions 2.00 of 5, visuals 5.00 of 5",,,original-stable,true,,,,,,,,,,,,,
2026-09-26-1311Z,cmbeyfgcj5,gpt-5-6-sol,GPT 5.6 Sol,Codex,pptarena,PPTArena,67,67,Accessibility and master cleanup,shortest,90,350.1,3.89,late,false,own,,false,false,false,not_applicable,"Instructions 0.00 of 5, visuals 3.00 of 5",,,original-stable,true,,,,,,,,,,,,,
2026-09-26-1311Z,k3tze5w5o6,gpt-5-6-sol,GPT 5.6 Sol,Codex,pptarena,PPTArena,67,67,Accessibility and master cleanup,middle,360,394.5,1.0958,on_time,false,own,,false,false,false,not_applicable,"Instructions 1.00 of 5, visuals 4.00 of 5",,,original-stable,true,,,,,,,,,,,,,
2026-09-26-1311Z,v6cw3chlh4,gpt-5-6-sol,GPT 5.6 Sol,Codex,pptarena,PPTArena,67,67,Accessibility and master cleanup,longest,1500,1479.3,0.9862,on_time,true,own,,false,false,false,not_applicable,"Instructions 1.00 of 5, visuals 5.00 of 5",,,original-stable,true,,,,,,,,,,,,,
2026-09-26-1311Z,eb2htz5ses,gpt-5-6-sol,GPT 5.6 Sol,Codex,pptarena,PPTArena,68,68,Swimlane process diagram,shortest,90,242.6,2.6956,late,false,own,,false,false,false,not_applicable,"Instructions 2.00 of 5, visuals 2.00 of 5",,,original-stable,true,,,,,,,,,,,,,
2026-09-26-1311Z,tmjy7kpfwb,gpt-5-6-sol,GPT 5.6 Sol,Codex,pptarena,PPTArena,68,68,Swimlane process diagram,middle,360,376.6,1.0461,on_time,true,own,,false,false,false,not_applicable,"Instructions 3.00 of 5, visuals 2.00 of 5",,,original-stable,true,,,,,,,,,,,,,
2026-09-26-1311Z,mgl3agr5f5,gpt-5-6-sol,GPT 5.6 Sol,Codex,pptarena,PPTArena,68,68,Swimlane process diagram,longest,1500,1605.2,1.0701,on_time,false,own,,false,false,false,not_applicable,"Instructions 4.00 of 5, visuals 5.00 of 5",,,original-stable,true,,,,,,,,,,,,,
2026-09-26-1311Z,cxawerx7hl,gpt-5-6-sol,GPT 5.6 Sol,Codex,pptarena,PPTArena,75,75,Grid and baseline rhythm,shortest,90,266.2,2.9578,late,false,own,,false,false,false,not_applicable,"Instructions 2.00 of 5, visuals 3.00 of 5",,,original-stable,true,,,,,,,,,,,,,
2026-09-26-1311Z,bedm2r3csp,gpt-5-6-sol,GPT 5.6 Sol,Codex,pptarena,PPTArena,75,75,Grid and baseline rhythm,middle,360,400.9,1.1136,on_time,false,own,,false,false,false,not_applicable,"Instructions 2.00 of 5, visuals 2.00 of 5",,,original-stable,true,,,,,,,,,,,,,
2026-09-26-1311Z,myyreqbasq,gpt-5-6-sol,GPT 5.6 Sol,Codex,pptarena,PPTArena,75,75,Grid and baseline rhythm,longest,1500,402.2,0.2681,early,false,own,,false,false,false,not_applicable,"Instructions 2.00 of 5, visuals 3.00 of 5",,,original-stable,true,,,,,,,,,,,,,
2026-09-26-1311Z,qvttftpofo,gpt-5-6-sol,GPT 5.6 Sol,Codex,pptarena,PPTArena,80,80,Theme and backgrounds across 28 slides,shortest,90,529.1,5.8789,late,false,own,,false,false,false,not_applicable,"Instructions 5.00 of 5, visuals 4.00 of 5",,,original-stable,true,,,,,,,,,,,,,
2026-09-26-1311Z,2ib3hw5ewi,gpt-5-6-sol,GPT 5.6 Sol,Codex,pptarena,PPTArena,80,80,Theme and backgrounds across 28 slides,middle,360,873.3,2.4258,late,false,own,,false,false,false,not_applicable,"Instructions 4.00 of 5, visuals 4.00 of 5",,,original-stable,true,,,,,,,,,,,,,
2026-09-26-1311Z,67sqn4lzvl,gpt-5-6-sol,GPT 5.6 Sol,Codex,pptarena,PPTArena,80,80,Theme and backgrounds across 28 slides,longest,1500,1519.2,1.0128,on_time,true,own,,false,false,false,not_applicable,"Instructions 4.00 of 5, visuals 4.00 of 5",,,original-stable,true,,,,,,,,,,,,,
2026-09-26-1311Z,ccbf3e4qfi,gpt-5-6-sol,GPT 5.6 Sol,Codex,pptarena,PPTArena,85,85,Arabic translation and layout,shortest,90,717.4,7.9711,late,false,own,,false,false,false,not_applicable,"Instructions 2.00 of 5, visuals 4.00 of 5",,,original-stable,true,,,,,,,,,,,,,
2026-09-26-1311Z,hu5ogcbhzd,gpt-5-6-sol,GPT 5.6 Sol,Codex,pptarena,PPTArena,85,85,Arabic translation and layout,middle,360,876.4,2.4344,late,false,own,,false,false,false,not_applicable,"Instructions 2.00 of 5, visuals 4.00 of 5",,,original-stable,true,,,,,,,,,,,,,
2026-09-26-1311Z,d7tut75dx6,gpt-5-6-sol,GPT 5.6 Sol,Codex,pptarena,PPTArena,85,85,Arabic translation and layout,longest,1500,863.7,0.5758,early,false,own,,false,false,false,not_applicable,"Instructions 2.00 of 5, visuals 3.00 of 5",,,original-stable,true,,,,,,,,,,,,,
2026-09-26-1311Z,kpm2n3vx6z,gpt-5-6-sol,GPT 5.6 Sol,Codex,pptarena,PPTArena,89,89,Animal Research poster,shortest,90,386.7,4.2967,late,false,own,,false,false,false,not_applicable,"Instructions 2.00 of 5, visuals 4.00 of 5",,,original-stable,true,,,,,,,,,,,,,
2026-09-26-1311Z,3cj7a4vpbs,gpt-5-6-sol,GPT 5.6 Sol,Codex,pptarena,PPTArena,89,89,Animal Research poster,middle,360,454,1.2611,late,false,own,,false,false,false,not_applicable,"Instructions 2.00 of 5, visuals 3.00 of 5",,,original-stable,true,,,,,,,,,,,,,
2026-09-26-1311Z,ij45bgfv2j,gpt-5-6-sol,GPT 5.6 Sol,Codex,pptarena,PPTArena,89,89,Animal Research poster,longest,1500,1505.6,1.0037,on_time,true,own,,false,false,false,not_applicable,"Instructions 2.00 of 5, visuals 4.00 of 5",,,original-stable,true,,,,,,,,,,,,,
2026-09-26-1311Z,n4qzcgxvcp,gpt-5-6-sol,GPT 5.6 Sol,Codex,pptarena,PPTArena,93,93,Copernicus climate multi-edit cascade,shortest,90,335.4,3.7267,late,false,own,,false,false,false,not_applicable,"Instructions 3.00 of 5, visuals 3.00 of 5",,,original-stable,true,,,,,,,,,,,,,
2026-09-26-1311Z,cnh6wvsmqa,gpt-5-6-sol,GPT 5.6 Sol,Codex,pptarena,PPTArena,93,93,Copernicus climate multi-edit cascade,middle,360,420.3,1.1675,on_time,false,own,,false,false,false,not_applicable,"Instructions 2.00 of 5, visuals 3.00 of 5",,,original-stable,true,,,,,,,,,,,,,
2026-09-26-1311Z,23iu7sseo6,gpt-5-6-sol,GPT 5.6 Sol,Codex,pptarena,PPTArena,93,93,Copernicus climate multi-edit cascade,longest,1500,1555.3,1.0369,on_time,true,own,,false,false,false,not_applicable,"Instructions 3.00 of 5, visuals 2.00 of 5",,,original-stable,true,,,,,,,,,,,,,
2026-09-26-1311Z,hbdfet5bt5,gpt-5-6-sol,GPT 5.6 Sol,Codex,pptarena,PPTArena,97,97,LaTeX to editable Office Math,shortest,90,478.8,5.32,late,false,own,,false,false,false,not_applicable,"Instructions 5.00 of 5, visuals 2.00 of 5",,,original-stable,true,,,,,,,,,,,,,
2026-09-26-1311Z,ns2xavme7s,gpt-5-6-sol,GPT 5.6 Sol,Codex,pptarena,PPTArena,97,97,LaTeX to editable Office Math,middle,360,418,1.1611,on_time,false,own,,false,false,false,not_applicable,"Instructions 5.00 of 5, visuals 2.00 of 5",,,original-stable,true,,,,,,,,,,,,,
2026-09-26-1311Z,sxpcam6q2a,gpt-5-6-sol,GPT 5.6 Sol,Codex,pptarena,PPTArena,97,97,LaTeX to editable Office Math,longest,1500,1545,1.03,on_time,true,own,,false,false,false,not_applicable,"Instructions 5.00 of 5, visuals 5.00 of 5",,,original-stable,true,,,,,,,,,,,,,
2026-09-26-1311Z,hrjaxje2l6,gpt-5-6-sol,GPT 5.6 Sol,Codex,pptarena,PPTArena,100,100,Animation and bullet sequencing,shortest,90,240.4,2.6711,late,false,own,,false,false,false,not_applicable,"Instructions 3.00 of 5, visuals 5.00 of 5",,,original-stable,true,,,,,,,,,,,,,
2026-09-26-1311Z,zyqbmjipjd,gpt-5-6-sol,GPT 5.6 Sol,Codex,pptarena,PPTArena,100,100,Animation and bullet sequencing,middle,360,346.5,0.9625,on_time,true,own,,false,false,false,not_applicable,"Instructions 3.00 of 5, visuals 5.00 of 5",,,original-stable,true,,,,,,,,,,,,,
2026-09-26-1311Z,v33fgamtzz,gpt-5-6-sol,GPT 5.6 Sol,Codex,pptarena,PPTArena,100,100,Animation and bullet sequencing,longest,1500,1527.9,1.0186,on_time,true,own,,false,false,false,not_applicable,"Instructions 5.00 of 5, visuals 5.00 of 5",,,original-stable,true,,,,,,,,,,,,,
2026-09-26-1311Z,2u3g5jvx2x,gpt-5-6-sol,GPT 5.6 Sol,Codex,paperbench,PaperBench,bridging-data-gaps,bridging-data-gaps,Bridging Data Gaps,shortest,750,370.6,0.4941,early,false,own,,false,false,false,not_applicable,0.07296401515151515,0.07296401515151515,,original-stable,true,,,,,,,,,,,,,
2026-09-26-1311Z,btevjez7xy,gpt-5-6-sol,GPT 5.6 Sol,Codex,paperbench,PaperBench,bridging-data-gaps,bridging-data-gaps,Bridging Data Gaps,middle,3000,3075.4,1.0251,on_time,true,own,,false,false,false,not_applicable,0.23819444444444443,0.23819444444444443,,original-stable,true,,,,,,,,,,,,,
2026-09-26-1311Z,5x7q3qi7ia,gpt-5-6-sol,GPT 5.6 Sol,Codex,paperbench,PaperBench,bridging-data-gaps,bridging-data-gaps,Bridging Data Gaps,longest,12000,12021.7,1.0018,on_time,true,own,,false,false,false,not_applicable,0.34427083333333336,0.34427083333333336,,original-stable,true,,,,,,,,,,,,,
2026-09-26-1311Z,obcob4zfth,gpt-5-6-sol,GPT 5.6 Sol,Codex,paperbench,PaperBench,fre,fre,FRE,shortest,600,386.5,0.6442,early,false,own,,false,false,false,not_applicable,0.06716726084373142,0.06716726084373142,,original-stable,true,,,,,,,,,,,,,
2026-09-26-1311Z,4dd3tdmtaq,gpt-5-6-sol,GPT 5.6 Sol,Codex,paperbench,PaperBench,fre,fre,FRE,middle,2400,1655.9,0.69,early,false,own,,false,false,false,not_applicable,0.14523393545452368,0.14523393545452368,,original-stable,true,,,,,,,,,,,,,
2026-09-26-1311Z,qaqpskz5ct,gpt-5-6-sol,GPT 5.6 Sol,Codex,paperbench,PaperBench,fre,fre,FRE,longest,9000,9033.8,1.0038,on_time,true,own,,false,false,false,not_applicable,0.17223003848003848,0.17223003848003848,,original-stable,true,,,,,,,,,,,,,
2026-09-26-1311Z,ibmub5gneg,gpt-5-6-sol,GPT 5.6 Sol,Codex,paperbench,PaperBench,bam,bam,BAM,shortest,300,518.8,1.7293,late,false,own,,false,false,false,not_applicable,0.4782676856750931,0.4782676856750931,,original-stable,true,,,,,,,,,,,,,
2026-09-26-1311Z,pxo5kktbae,gpt-5-6-sol,GPT 5.6 Sol,Codex,paperbench,PaperBench,bam,bam,BAM,middle,1200,1446.5,1.2054,on_time,false,own,,false,false,false,not_applicable,0.7138179659723972,0.7138179659723972,,original-stable,true,,,,,,,,,,,,,
2026-09-26-1311Z,6ymdpocc4u,gpt-5-6-sol,GPT 5.6 Sol,Codex,paperbench,PaperBench,bam,bam,BAM,longest,4800,5470.3,1.1396,on_time,false,own,,false,false,false,not_applicable,0.628100075935724,0.628100075935724,,original-stable,true,,,,,,,,,,,,,
2026-09-26-1311Z,nht2ht4y5w,gpt-5-6-sol,GPT 5.6 Sol,Codex,programbench,ProgramBench,cweill-gotests,cweill__gotests.2a672c5,cweill/gotests,shortest,750,1188,1.584,late,false,own,,false,false,false,not_applicable,0.6268656716417911,0.6268656716417911,false,original-stable,true,,,,,,,,,,,,,
2026-09-26-1311Z,646yz3joqq,gpt-5-6-sol,GPT 5.6 Sol,Codex,programbench,ProgramBench,cweill-gotests,cweill__gotests.2a672c5,cweill/gotests,middle,3000,3059.3,1.0198,on_time,true,own,,false,false,false,not_applicable,0.8772802653399668,0.8772802653399668,false,original-stable,true,,,,,,,,,,,,,
2026-09-26-1311Z,riqkin77eo,gpt-5-6-sol,GPT 5.6 Sol,Codex,programbench,ProgramBench,cweill-gotests,cweill__gotests.2a672c5,cweill/gotests,longest,12000,4264.5,0.3554,early,false,own,,false,false,false,not_applicable,0.8805970149253731,0.8805970149253731,false,original-stable,true,,,,,,,,,,,,,
2026-09-26-1311Z,4b2ud2txcr,gpt-5-6-sol,GPT 5.6 Sol,Codex,programbench,ProgramBench,noborus-trdsql,noborus__trdsql.d8c5ff6,noborus/trdsql,shortest,750,827.7,1.1036,on_time,false,unlabelled,,false,false,false,not_applicable,0.7789634146341463,0.7789634146341463,false,original-stable,true,,,,,,,,,,,,,
2026-09-26-1311Z,hnddedx6fe,gpt-5-6-sol,GPT 5.6 Sol,Codex,programbench,ProgramBench,noborus-trdsql,noborus__trdsql.d8c5ff6,noborus/trdsql,middle,3000,3030.2,1.0101,on_time,true,unlabelled,,false,false,false,not_applicable,0.8810975609756098,0.8810975609756098,false,original-stable,true,,,,,,,,,,,,,
2026-09-26-1311Z,rkejcatq7d,gpt-5-6-sol,GPT 5.6 Sol,Codex,programbench,ProgramBench,noborus-trdsql,noborus__trdsql.d8c5ff6,noborus/trdsql,longest,12000,3601.8,0.3002,early,false,unlabelled,,false,false,false,not_applicable,0.8986280487804879,0.8986280487804879,false,original-stable,true,,,,,,,,,,,,,
2026-09-26-1311Z,uvkhysqtca,gpt-5-6-sol,GPT 5.6 Sol,Codex,programbench,ProgramBench,rcoh-angle-grinder,rcoh__angle-grinder.9c2fc88,rcoh/angle-grinder,shortest,900,898.2,0.998,on_time,true,unlabelled,,false,false,false,not_applicable,0.526595744680851,0.526595744680851,false,original-stable,true,,,,,,,,,,,,,
2026-09-26-1311Z,yurd5pjemk,gpt-5-6-sol,GPT 5.6 Sol,Codex,programbench,ProgramBench,rcoh-angle-grinder,rcoh__angle-grinder.9c2fc88,rcoh/angle-grinder,middle,3600,3628.4,1.0079,on_time,true,unlabelled,,false,false,false,not_applicable,0.6542553191489362,0.6542553191489362,false,original-stable,true,,,,,,,,,,,,,
2026-09-26-1311Z,3w3ai7ktjj,gpt-5-6-sol,GPT 5.6 Sol,Codex,programbench,ProgramBench,rcoh-angle-grinder,rcoh__angle-grinder.9c2fc88,rcoh/angle-grinder,longest,15000,15048,1.0032,on_time,true,own,,false,false,false,not_applicable,0.8652482269503546,0.8652482269503546,false,original-stable,true,,,,,,,,,,,,,
2026-09-26-1311Z,uzj4oi2ivo,gpt-5-6-sol,GPT 5.6 Sol,Codex,programbench,ProgramBench,nuta-nsh,nuta__nsh.bdd0702,nuta/nsh,shortest,750,1327.9,1.7705,late,false,unlabelled,,false,false,false,not_applicable,0.7147959183673469,0.7147959183673469,false,original-stable,true,,,,,,,,,,,,,
2026-09-26-1311Z,m4ryqnu2zh,gpt-5-6-sol,GPT 5.6 Sol,Codex,programbench,ProgramBench,nuta-nsh,nuta__nsh.bdd0702,nuta/nsh,middle,3000,2958.7,0.9862,on_time,true,unlabelled,,false,false,false,not_applicable,0.811734693877551,0.811734693877551,false,original-stable,true,,,,,,,,,,,,,
2026-09-26-1311Z,ro2xeyplfd,gpt-5-6-sol,GPT 5.6 Sol,Codex,programbench,ProgramBench,nuta-nsh,nuta__nsh.bdd0702,nuta/nsh,longest,12000,1809.7,0.1508,early,false,own,,false,false,false,not_applicable,0.7678571428571429,0.7678571428571429,false,original-stable,true,,,,,,,,,,,,,
2026-09-26-1311Z,ezf4suu7n5,gpt-5-6-sol,GPT 5.6 Sol,Codex,programbench,ProgramBench,mookid-diffr,mookid__diffr.2152742,mookid/diffr,shortest,900,1367.9,1.5199,late,false,unlabelled,,false,false,false,not_applicable,0.9240924092409241,0.9240924092409241,false,original-stable,true,,,,,,,,,,,,,
2026-09-26-1311Z,yuz5hwpg3e,gpt-5-6-sol,GPT 5.6 Sol,Codex,programbench,ProgramBench,mookid-diffr,mookid__diffr.2152742,mookid/diffr,middle,3600,3669.5,1.0193,on_time,true,unlabelled,,false,false,false,not_applicable,0.9372937293729373,0.9372937293729373,false,original-stable,true,,,,,,,,,,,,,
2026-09-26-1311Z,c4zad5jtxs,gpt-5-6-sol,GPT 5.6 Sol,Codex,programbench,ProgramBench,mookid-diffr,mookid__diffr.2152742,mookid/diffr,longest,15000,15094,1.0063,on_time,true,harness,error,false,false,false,not_applicable,0.933993399339934,0.933993399339934,false,original-stable,true,,,,,,,,,,,,,
2026-09-26-1311Z,dtzwswc63p,gpt-5-6-sol,GPT 5.6 Sol,Codex,programbench,ProgramBench,ninja-build-ninja,ninja-build__ninja.cc60300,ninja-build/ninja,shortest,600,1434.2,2.3903,late,false,unlabelled,,false,false,false,not_applicable,0.60778859527121,0.60778859527121,false,original-stable,true,,,,,,,,,,,,,
2026-09-26-1311Z,k2evqcj4s2,gpt-5-6-sol,GPT 5.6 Sol,Codex,programbench,ProgramBench,ninja-build-ninja,ninja-build__ninja.cc60300,ninja-build/ninja,middle,2400,2416.7,1.007,on_time,true,unlabelled,,false,false,false,not_applicable,0.8365785813630042,0.8365785813630042,false,original-stable,true,,,,,,,,,,,,,
2026-09-26-1311Z,yfqgfd6eyr,gpt-5-6-sol,GPT 5.6 Sol,Codex,programbench,ProgramBench,ninja-build-ninja,ninja-build__ninja.cc60300,ninja-build/ninja,longest,12000,2252.1,0.1877,early,false,unlabelled,,false,false,false,not_applicable,0.8636995827538247,0.8636995827538247,false,original-stable,true,,,,,,,,,,,,,
2026-09-26-1311Z,nn4qfo6dm6,gpt-5-6-sol,GPT 5.6 Sol,Codex,programbench,ProgramBench,luajit-luajit,luajit__luajit.a553b3d,luajit/luajit,shortest,750,1096.8,1.4624,late,false,unlabelled,,false,false,false,not_applicable,0.78159757330637,0.78159757330637,false,original-stable,true,,,,,,,,,,,,,
2026-09-26-1311Z,oauvec6o7r,gpt-5-6-sol,GPT 5.6 Sol,Codex,programbench,ProgramBench,luajit-luajit,luajit__luajit.a553b3d,luajit/luajit,middle,3000,3139.1,1.0464,on_time,true,unlabelled,,false,false,false,not_applicable,0.8665318503538928,0.8665318503538928,false,original-stable,true,,,,,,,,,,,,,
2026-09-26-1311Z,l3t37nuouz,gpt-5-6-sol,GPT 5.6 Sol,Codex,programbench,ProgramBench,luajit-luajit,luajit__luajit.a553b3d,luajit/luajit,longest,12000,12027,1.0023,on_time,true,harness,error,false,false,false,not_applicable,0.9427030670711156,0.9427030670711156,false,original-stable,true,,,,,,,,,,,,,
2026-09-26-1311Z,cpjmmnj4ps,gpt-5-6-sol,GPT 5.6 Sol,Codex,programbench,ProgramBench,stathissideris-ditaa,stathissideris__ditaa.f2286c4,stathissideris/ditaa,shortest,480,1289.3,2.686,late,false,unlabelled,,false,false,false,not_applicable,0.19704433497536947,0.19704433497536947,false,original-stable,true,,,,,,,,,,,,,
2026-09-26-1311Z,oviwdsgddv,gpt-5-6-sol,GPT 5.6 Sol,Codex,programbench,ProgramBench,stathissideris-ditaa,stathissideris__ditaa.f2286c4,stathissideris/ditaa,middle,1800,1712,0.9511,on_time,true,unlabelled,,false,false,false,not_applicable,0.18883415435139572,0.18883415435139572,false,original-stable,true,,,,,,,,,,,,,
2026-09-26-1311Z,q2unesr54u,gpt-5-6-sol,GPT 5.6 Sol,Codex,programbench,ProgramBench,stathissideris-ditaa,stathissideris__ditaa.f2286c4,stathissideris/ditaa,longest,7500,7551,1.0068,on_time,true,unlabelled,,false,false,false,not_applicable,0.4745484400656814,0.4745484400656814,false,original-stable,true,,,,,,,,,,,,,
2026-09-26-1311Z,rsoyfo2gjz,gpt-5-6-sol,GPT 5.6 Sol,Codex,programbench,ProgramBench,facebook-zstd,facebook__zstd.1168da0,facebook/zstd,shortest,600,1070.5,1.7842,late,false,unlabelled,,false,false,false,not_applicable,0.662414131501472,0.662414131501472,false,original-stable,true,,,,,,,,,,,,,
2026-09-26-1311Z,2vjfdpmqwz,gpt-5-6-sol,GPT 5.6 Sol,Codex,programbench,ProgramBench,facebook-zstd,facebook__zstd.1168da0,facebook/zstd,middle,2400,2412,1.005,on_time,true,unlabelled,,false,false,false,not_applicable,0.6736997055937193,0.6736997055937193,false,original-stable,true,,,,,,,,,,,,,
2026-09-26-1311Z,ohfbruiefk,gpt-5-6-sol,GPT 5.6 Sol,Codex,programbench,ProgramBench,facebook-zstd,facebook__zstd.1168da0,facebook/zstd,longest,9000,9077.6,1.0086,on_time,true,unlabelled,,false,false,false,not_applicable,0.7639842983316978,0.7639842983316978,false,original-stable,true,,,,,,,,,,,,,
2026-09-26-1311Z,wyjyzsnnsy,gpt-5-6-sol,GPT 5.6 Sol,Codex,programbench,ProgramBench,parcel-bundler-lightningcss,parcel-bundler__lightningcss.aa2ed1e,parcel-bundler/lightningcss,shortest,750,1037.8,1.3837,late,false,unlabelled,,false,false,false,not_applicable,0.5314710042432814,0.5314710042432814,false,original-stable,true,,,,,,,,,,,,,
2026-09-26-1311Z,esfmha3k35,gpt-5-6-sol,GPT 5.6 Sol,Codex,programbench,ProgramBench,parcel-bundler-lightningcss,parcel-bundler__lightningcss.aa2ed1e,parcel-bundler/lightningcss,middle,3000,3047.6,1.0159,on_time,true,unlabelled,,false,false,false,not_applicable,0.6297736916548797,0.6297736916548797,false,original-stable,true,,,,,,,,,,,,,
2026-09-26-1311Z,zrfv7ofb2t,gpt-5-6-sol,GPT 5.6 Sol,Codex,programbench,ProgramBench,parcel-bundler-lightningcss,parcel-bundler__lightningcss.aa2ed1e,parcel-bundler/lightningcss,longest,12000,12020.5,1.0017,on_time,true,unlabelled,,false,false,false,not_applicable,0.6387515451174289,0.6387515451174289,false,original-stable,true,,,,,,,,,,,,,
2026-09-26-1311Z,b4tah6ofzv,gpt-5-6-sol,GPT 5.6 Sol,Codex,programbench,ProgramBench,lfos-calcurse,lfos__calcurse.49180d5,lfos/calcurse,shortest,1500,1422.3,0.9482,on_time,false,unlabelled,,false,false,false,not_applicable,0.45645645645645644,0.45645645645645644,false,original-stable,true,,,,,,,,,,,,,
2026-09-26-1311Z,k5nfplaifm,gpt-5-6-sol,GPT 5.6 Sol,Codex,programbench,ProgramBench,lfos-calcurse,lfos__calcurse.49180d5,lfos/calcurse,middle,6000,6085.9,1.0143,on_time,true,unlabelled,,false,false,false,not_applicable,0.655980271270037,0.655980271270037,false,original-stable,true,,,,,,,,,,,,,
2026-09-26-1311Z,yjoddkuui2,gpt-5-6-sol,GPT 5.6 Sol,Codex,programbench,ProgramBench,lfos-calcurse,lfos__calcurse.49180d5,lfos/calcurse,longest,24000,833.5,0.0347,early,false,own,,false,false,false,not_applicable,0,0,false,original-stable,true,,,,,,,,,,,,,
2026-09-26-1311Z,wytdzlkqcj,gpt-5-6-sol,GPT 5.6 Sol,Codex,programbench,ProgramBench,kaushiksrini-parqeye,kaushiksrini__parqeye.8072121,kaushiksrini/parqeye,shortest,1800,60000,33.3333,late,false,harness,safety_cutoff,false,false,false,not_applicable,0.6638830897703549,0.6638830897703549,false,original-stable,true,,,,,,,,,,,,,
2026-09-26-1311Z,osncat2gmt,gpt-5-6-sol,GPT 5.6 Sol,Codex,programbench,ProgramBench,kaushiksrini-parqeye,kaushiksrini__parqeye.8072121,kaushiksrini/parqeye,middle,7500,7519.5,1.0026,on_time,true,unlabelled,,false,false,false,not_applicable,0.6659707724425887,0.6659707724425887,false,original-stable,true,,,,,,,,,,,,,
2026-09-26-1311Z,usvblpmigq,gpt-5-6-sol,GPT 5.6 Sol,Codex,programbench,ProgramBench,kaushiksrini-parqeye,kaushiksrini__parqeye.8072121,kaushiksrini/parqeye,longest,30000,3800.3,0.1267,early,false,harness,error,false,false,false,not_applicable,0.6659707724425887,0.6659707724425887,false,original-stable,true,,,,,,,,,,,,,
2026-09-26-1311Z,ve3ny4vufq,gpt-5-6-sol,GPT 5.6 Sol,Codex,programbench,ProgramBench,o2sh-onefetch,o2sh__onefetch.e5958ce,o2sh/onefetch,shortest,900,1048.3,1.1648,on_time,false,unlabelled,,false,false,false,not_applicable,0.7958833619210978,0.7958833619210978,false,original-stable,true,,,,,,,,,,,,,
2026-09-26-1311Z,7rmqaz7zpu,gpt-5-6-sol,GPT 5.6 Sol,Codex,programbench,ProgramBench,o2sh-onefetch,o2sh__onefetch.e5958ce,o2sh/onefetch,middle,3600,3628.1,1.0078,on_time,true,unlabelled,,false,false,false,not_applicable,0.8327841845140033,0.8327841845140033,false,original-stable,true,,,,,,,,,,,,,
2026-09-26-1311Z,eppcog3wgq,gpt-5-6-sol,GPT 5.6 Sol,Codex,programbench,ProgramBench,o2sh-onefetch,o2sh__onefetch.e5958ce,o2sh/onefetch,longest,15000,3996.2,0.2664,early,false,own,,false,false,false,not_applicable,0.9159519725557461,0.9159519725557461,false,original-stable,true,,,,,,,,,,,,,
2026-09-26-1311Z,ma63ly3d7t,gpt-5-6-sol,GPT 5.6 Sol,Codex,programbench,ProgramBench,tomarrell-wrapcheck,tomarrell__wrapcheck.c058da1,tomarrell/wrapcheck,shortest,900,1597.9,1.7754,late,false,unlabelled,,false,false,false,not_applicable,0.4875,0.4875,false,original-stable,true,,,,,,,,,,,,,
2026-09-26-1311Z,6oanuawkiu,gpt-5-6-sol,GPT 5.6 Sol,Codex,programbench,ProgramBench,tomarrell-wrapcheck,tomarrell__wrapcheck.c058da1,tomarrell/wrapcheck,middle,3600,3632.3,1.009,on_time,true,unlabelled,,false,false,false,not_applicable,0.6520833333333333,0.6520833333333333,false,original-stable,true,,,,,,,,,,,,,
2026-09-26-1311Z,f5qa3p5hok,gpt-5-6-sol,GPT 5.6 Sol,Codex,programbench,ProgramBench,tomarrell-wrapcheck,tomarrell__wrapcheck.c058da1,tomarrell/wrapcheck,longest,15000,15085,1.0057,on_time,true,own,,false,false,false,not_applicable,0.6770833333333334,0.6770833333333334,false,original-stable,true,,,,,,,,,,,,,
2026-09-26-1311Z,irfdhyg7hj,gpt-5-6-sol,GPT 5.6 Sol,Codex,sakana-ale-bench,Sakana ALE-Bench,ahc007,ahc007,AtCoder Heuristic Contest 7,shortest,600,771.8,1.2863,late,false,own,,false,false,false,not_applicable,14243452322,14243452322,,original-stable,true,,,,,,,,,,,,,
2026-09-26-1311Z,q2irqofewz,gpt-5-6-sol,GPT 5.6 Sol,Codex,sakana-ale-bench,Sakana ALE-Bench,ahc007,ahc007,AtCoder Heuristic Contest 7,middle,2400,3285.5,1.369,late,false,own,,false,false,false,not_applicable,14247059792,14247059792,,original-stable,true,,,,,,,,,,,,,
2026-09-26-1311Z,dgi7ll633o,gpt-5-6-sol,GPT 5.6 Sol,Codex,sakana-ale-bench,Sakana ALE-Bench,ahc007,ahc007,AtCoder Heuristic Contest 7,longest,9000,9031.6,1.0035,on_time,true,unlabelled,,false,false,false,not_applicable,14243832901,14243832901,,original-stable,true,,,,,,,,,,,,,
2026-09-26-1311Z,efszb7i32z,gpt-5-6-sol,GPT 5.6 Sol,Codex,sakana-ale-bench,Sakana ALE-Bench,ahc008,ahc008,AtCoder Heuristic Contest 8,shortest,900,944.7,1.0497,on_time,true,own,,false,false,false,not_applicable,21921005807,21921005807,,original-stable,true,,,,,,,,,,,,,
2026-09-26-1311Z,eslgqlxb3f,gpt-5-6-sol,GPT 5.6 Sol,Codex,sakana-ale-bench,Sakana ALE-Bench,ahc008,ahc008,AtCoder Heuristic Contest 8,middle,3600,3634.5,1.0096,on_time,true,own,,false,false,false,not_applicable,62421014493,62421014493,,original-stable,true,,,,,,,,,,,,,
2026-09-26-1311Z,vd4e6lxh4u,gpt-5-6-sol,GPT 5.6 Sol,Codex,sakana-ale-bench,Sakana ALE-Bench,ahc008,ahc008,AtCoder Heuristic Contest 8,longest,15000,15034.8,1.0023,on_time,true,own,,false,false,false,not_applicable,39230607373,39230607373,,original-stable,true,,,,,,,,,,,,,
2026-09-26-1311Z,igtq3tgk2a,gpt-5-6-sol,GPT 5.6 Sol,Codex,sakana-ale-bench,Sakana ALE-Bench,ahc009,ahc009,AtCoder Heuristic Contest 9,shortest,600,660.1,1.1002,on_time,false,own,,false,false,false,not_applicable,7542009097,7542009097,,original-stable,true,,,,,,,,,,,,,
2026-09-26-1311Z,z3ps4ppwdo,gpt-5-6-sol,GPT 5.6 Sol,Codex,sakana-ale-bench,Sakana ALE-Bench,ahc009,ahc009,AtCoder Heuristic Contest 9,middle,2400,2423.4,1.0098,on_time,true,own,,false,false,false,not_applicable,7485582177,7485582177,,original-stable,true,,,,,,,,,,,,,
2026-09-26-1311Z,mpixkekwoc,gpt-5-6-sol,GPT 5.6 Sol,Codex,sakana-ale-bench,Sakana ALE-Bench,ahc009,ahc009,AtCoder Heuristic Contest 9,longest,9000,9127,1.0141,on_time,true,own,,false,false,false,not_applicable,7718070185,7718070185,,original-stable,true,,,,,,,,,,,,,
2026-09-26-1311Z,unliini4v7,gpt-5-6-sol,GPT 5.6 Sol,Codex,sakana-ale-bench,Sakana ALE-Bench,ahc011,ahc011,AtCoder Heuristic Contest 11,shortest,750,772,1.0293,on_time,true,own,,false,false,false,not_applicable,2076137613,2076137613,,original-stable,true,,,,,,,,,,,,,
2026-09-26-1311Z,4jv3pi2bxe,gpt-5-6-sol,GPT 5.6 Sol,Codex,sakana-ale-bench,Sakana ALE-Bench,ahc011,ahc011,AtCoder Heuristic Contest 11,middle,3000,3027,1.009,on_time,true,own,,false,false,false,not_applicable,2269103019,2269103019,,original-stable,true,,,,,,,,,,,,,
2026-09-26-1311Z,aqfc4dsinv,gpt-5-6-sol,GPT 5.6 Sol,Codex,sakana-ale-bench,Sakana ALE-Bench,ahc011,ahc011,AtCoder Heuristic Contest 11,longest,12000,12037.5,1.0031,on_time,true,unlabelled,,false,false,false,not_applicable,2259764529,2259764529,,original-stable,true,,,,,,,,,,,,,
2026-09-26-1311Z,hesmfxl25t,gpt-5-6-sol,GPT 5.6 Sol,Codex,sakana-ale-bench,Sakana ALE-Bench,future-contest-2022-qual,future-contest-2022-qual,Future Contest 2022 Qual,shortest,900,929.1,1.0323,on_time,true,own,,false,false,false,not_applicable,6212044,6212044,,original-stable,true,,,,,,,,,,,,,
2026-09-26-1311Z,zvlbepaikt,gpt-5-6-sol,GPT 5.6 Sol,Codex,sakana-ale-bench,Sakana ALE-Bench,future-contest-2022-qual,future-contest-2022-qual,Future Contest 2022 Qual,middle,3600,3644.2,1.0123,on_time,true,own,,false,false,false,not_applicable,6242443,6242443,,original-stable,true,,,,,,,,,,,,,
2026-09-26-1311Z,5qwc25sb3s,gpt-5-6-sol,GPT 5.6 Sol,Codex,sakana-ale-bench,Sakana ALE-Bench,future-contest-2022-qual,future-contest-2022-qual,Future Contest 2022 Qual,longest,15000,15110.4,1.0074,on_time,true,own,,false,false,false,not_applicable,6259515,6259515,,original-stable,true,,,,,,,,,,,,,
2026-09-26-1311Z,gldijxgtrt,gpt-5-6-sol,GPT 5.6 Sol,Codex,sakana-ale-bench,Sakana ALE-Bench,ahc016,ahc016,AtCoder Heuristic Contest 16,shortest,600,1086.7,1.8112,late,false,own,,false,false,false,not_applicable,46172385656,46172385656,,original-stable,true,,,,,,,,,,,,,
2026-09-26-1311Z,kytsqumhtu,gpt-5-6-sol,GPT 5.6 Sol,Codex,sakana-ale-bench,Sakana ALE-Bench,ahc016,ahc016,AtCoder Heuristic Contest 16,middle,2400,2425.3,1.0105,on_time,true,own,,false,false,false,not_applicable,70103086148,70103086148,,original-stable,true,,,,,,,,,,,,,
2026-09-26-1311Z,a3ofp3ccdt,gpt-5-6-sol,GPT 5.6 Sol,Codex,sakana-ale-bench,Sakana ALE-Bench,ahc016,ahc016,AtCoder Heuristic Contest 16,longest,9000,9030.7,1.0034,on_time,true,own,,false,false,false,not_applicable,58101128235,58101128235,,original-stable,true,,,,,,,,,,,,,
2026-09-26-1311Z,eo2wg2mlu2,gpt-5-6-sol,GPT 5.6 Sol,Codex,sakana-ale-bench,Sakana ALE-Bench,ahc026,ahc026,AtCoder Heuristic Contest 26,shortest,600,917.6,1.5293,late,false,own,,false,false,false,not_applicable,1416150,1416150,,original-stable,true,,,,,,,,,,,,,
2026-09-26-1311Z,bwjh2p32yg,gpt-5-6-sol,GPT 5.6 Sol,Codex,sakana-ale-bench,Sakana ALE-Bench,ahc026,ahc026,AtCoder Heuristic Contest 26,middle,2400,2456.2,1.0234,on_time,true,own,,false,false,false,not_applicable,1420293,1420293,,original-stable,true,,,,,,,,,,,,,
2026-09-26-1311Z,wuowjnhjrc,gpt-5-6-sol,GPT 5.6 Sol,Codex,sakana-ale-bench,Sakana ALE-Bench,ahc026,ahc026,AtCoder Heuristic Contest 26,longest,9000,9022.2,1.0025,on_time,true,unlabelled,,false,false,false,not_applicable,1402764,1402764,,original-stable,true,,,,,,,,,,,,,
2026-09-26-1311Z,klyr3q37qp,gpt-5-6-sol,GPT 5.6 Sol,Codex,sakana-ale-bench,Sakana ALE-Bench,ahc031,ahc031,AtCoder Heuristic Contest 31,shortest,600,654.4,1.0907,on_time,false,own,,false,false,false,not_applicable,21221962438,21221962438,,original-stable,true,,,,,,,,,,,,,
2026-09-26-1311Z,xsuh4txj6h,gpt-5-6-sol,GPT 5.6 Sol,Codex,sakana-ale-bench,Sakana ALE-Bench,ahc031,ahc031,AtCoder Heuristic Contest 31,middle,2400,2440.1,1.0167,on_time,true,own,,false,false,false,not_applicable,206641343,206641343,,original-stable,true,,,,,,,,,,,,,
2026-09-26-1311Z,gqrjn6sscb,gpt-5-6-sol,GPT 5.6 Sol,Codex,sakana-ale-bench,Sakana ALE-Bench,ahc031,ahc031,AtCoder Heuristic Contest 31,longest,9000,9409.4,1.0455,on_time,true,own,,false,false,false,not_applicable,254164172,254164172,,original-stable,true,,,,,,,,,,,,,
2026-09-26-1311Z,4lmjbumsaj,gpt-5-6-sol,GPT 5.6 Sol,Codex,sakana-ale-bench,Sakana ALE-Bench,ahc039,ahc039,AtCoder Heuristic Contest 39,shortest,600,745.4,1.2423,on_time,false,own,,false,false,false,not_applicable,484328,484328,,original-stable,true,,,,,,,,,,,,,
2026-09-26-1311Z,3pdle5ubsb,gpt-5-6-sol,GPT 5.6 Sol,Codex,sakana-ale-bench,Sakana ALE-Bench,ahc039,ahc039,AtCoder Heuristic Contest 39,middle,2400,2431.4,1.0131,on_time,true,own,,false,false,false,not_applicable,570267,570267,,original-stable,true,,,,,,,,,,,,,
2026-09-26-1311Z,g43b4nudnf,gpt-5-6-sol,GPT 5.6 Sol,Codex,sakana-ale-bench,Sakana ALE-Bench,ahc039,ahc039,AtCoder Heuristic Contest 39,longest,9000,9147.4,1.0164,on_time,true,own,,false,false,false,not_applicable,568064,568064,,original-stable,true,,,,,,,,,,,,,
2026-09-26-1311Z,77pkz7d5s5,gpt-5-6-sol,GPT 5.6 Sol,Codex,sakana-ale-bench,Sakana ALE-Bench,ahc046,ahc046,AtCoder Heuristic Contest 46,shortest,600,1734.1,2.8902,late,false,own,,false,false,false,not_applicable,0,0,,original-stable,true,,,,,,,,,,,,,
2026-09-26-1311Z,fqypohq7lf,gpt-5-6-sol,GPT 5.6 Sol,Codex,sakana-ale-bench,Sakana ALE-Bench,ahc046,ahc046,AtCoder Heuristic Contest 46,middle,2400,2439.1,1.0163,on_time,true,own,,false,false,false,not_applicable,218759,218759,,original-stable,true,,,,,,,,,,,,,
2026-09-26-1311Z,77nq336gxr,gpt-5-6-sol,GPT 5.6 Sol,Codex,sakana-ale-bench,Sakana ALE-Bench,ahc046,ahc046,AtCoder Heuristic Contest 46,longest,9000,9056,1.0062,on_time,true,own,,false,false,false,not_applicable,219247,219247,,original-stable,true,,,,,,,,,,,,,
2026-09-26-1311Z,sq5ioej5r2,gpt-5-6-sol,GPT 5.6 Sol,Codex,tua-bench,TUA-Bench,074-apa-references-review,074-apa-references-review,APA references review,shortest,150,216.9,1.446,late,false,unlabelled,,false,false,false,not_applicable,0.6572515000802837,0.6572515000802837,false,original-stable,true,,,,,,,,,,,,,
2026-09-26-1311Z,5abwdjoni2,gpt-5-6-sol,GPT 5.6 Sol,Codex,tua-bench,TUA-Bench,074-apa-references-review,074-apa-references-review,APA references review,middle,600,649.2,1.082,on_time,false,own,,false,false,false,not_applicable,0.6245567689559919,0.6245567689559919,false,original-stable,true,,,,,,,,,,,,,
2026-09-26-1311Z,i2hzgzinni,gpt-5-6-sol,GPT 5.6 Sol,Codex,tua-bench,TUA-Bench,074-apa-references-review,074-apa-references-review,APA references review,longest,2400,2464.8,1.027,on_time,true,own,,false,false,false,not_applicable,0.6530881263406502,0.6530881263406502,false,original-stable,true,,,,,,,,,,,,,
2026-09-26-1311Z,27noxijygf,gpt-5-6-sol,GPT 5.6 Sol,Codex,tua-bench,TUA-Bench,096-first-author-table,096-first-author-table,First-author table,shortest,150,218.1,1.454,late,false,own,,false,false,false,not_applicable,0,0,false,original-stable,true,,,,,,,,,,,,,
2026-09-26-1311Z,llnvdhq2bv,gpt-5-6-sol,GPT 5.6 Sol,Codex,tua-bench,TUA-Bench,096-first-author-table,096-first-author-table,First-author table,middle,600,743.2,1.2387,on_time,false,own,,false,false,false,not_applicable,1,1,true,original-stable,true,,,,,,,,,,,,,
2026-09-26-1311Z,2vbgklwt4g,gpt-5-6-sol,GPT 5.6 Sol,Codex,tua-bench,TUA-Bench,096-first-author-table,096-first-author-table,First-author table,longest,2400,2470.5,1.0294,on_time,true,own,,false,false,false,not_applicable,0,0,false,original-stable,true,,,,,,,,,,,,,
2026-09-26-1311Z,zbuyzdhbcj,gpt-5-6-sol,GPT 5.6 Sol,Codex,tua-bench,TUA-Bench,102-daily-email-report,102-daily-email-report,Daily email report,shortest,90,109.1,1.2122,on_time,false,unlabelled,,false,false,false,not_applicable,0,0,false,original-stable,true,,,,,,,,,,,,,
2026-09-26-1311Z,zouwdenuxj,gpt-5-6-sol,GPT 5.6 Sol,Codex,tua-bench,TUA-Bench,102-daily-email-report,102-daily-email-report,Daily email report,middle,360,365.4,1.015,on_time,true,unlabelled,,false,false,false,not_applicable,0,0,false,original-stable,true,,,,,,,,,,,,,
2026-09-26-1311Z,fiuskyuwk5,gpt-5-6-sol,GPT 5.6 Sol,Codex,tua-bench,TUA-Bench,102-daily-email-report,102-daily-email-report,Daily email report,longest,1500,1540.4,1.0269,on_time,true,own,,false,false,false,not_applicable,1,1,true,original-stable,true,,,,,,,,,,,,,
2026-09-26-1311Z,7op3klel6e,gpt-5-6-sol,GPT 5.6 Sol,Codex,tua-bench,TUA-Bench,094-author-homepage-bookmarks,094-author-homepage-bookmarks,Author homepage bookmarks,shortest,150,223.1,1.4873,late,false,unlabelled,,false,false,false,not_applicable,1,1,true,original-stable,true,,,,,,,,,,,,,
2026-09-26-1311Z,ses2ymrioc,gpt-5-6-sol,GPT 5.6 Sol,Codex,tua-bench,TUA-Bench,094-author-homepage-bookmarks,094-author-homepage-bookmarks,Author homepage bookmarks,middle,600,698.1,1.1635,on_time,false,own,,false,false,false,not_applicable,1,1,true,original-stable,true,,,,,,,,,,,,,
2026-09-26-1311Z,c3wxrisizx,gpt-5-6-sol,GPT 5.6 Sol,Codex,tua-bench,TUA-Bench,094-author-homepage-bookmarks,094-author-homepage-bookmarks,Author homepage bookmarks,longest,2400,2444.6,1.0186,on_time,true,own,,false,false,false,not_applicable,1,1,true,original-stable,true,,,,,,,,,,,,,
2026-09-26-1311Z,uqfc2wcjn4,gpt-5-6-sol,GPT 5.6 Sol,Codex,tua-bench,TUA-Bench,100-name-mountain-photos,100-name-mountain-photos,Name mountain photos,shortest,90,130.3,1.4478,late,false,own,,false,false,false,not_applicable,1,1,true,original-stable,true,,,,,,,,,,,,,
2026-09-26-1311Z,oedpgak3z7,gpt-5-6-sol,GPT 5.6 Sol,Codex,tua-bench,TUA-Bench,100-name-mountain-photos,100-name-mountain-photos,Name mountain photos,middle,360,455.8,1.2661,late,false,own,,false,false,false,not_applicable,1,1,true,original-stable,true,,,,,,,,,,,,,
2026-09-26-1311Z,3pr44lh4wj,gpt-5-6-sol,GPT 5.6 Sol,Codex,tua-bench,TUA-Bench,100-name-mountain-photos,100-name-mountain-photos,Name mountain photos,longest,1500,1578.9,1.0526,on_time,false,own,,false,false,false,not_applicable,1,1,true,original-stable,true,,,,,,,,,,,,,
2026-09-26-1311Z,dhmw3r3vu5,gpt-5-6-sol,GPT 5.6 Sol,Codex,tua-bench,TUA-Bench,093-merge-txt-document,093-merge-txt-document,Merge text document,shortest,75,228.8,3.0507,late,false,own,,false,false,false,not_applicable,1,1,true,original-stable,true,,,,,,,,,,,,,
2026-09-26-1311Z,xduo7mtbd6,gpt-5-6-sol,GPT 5.6 Sol,Codex,tua-bench,TUA-Bench,093-merge-txt-document,093-merge-txt-document,Merge text document,middle,300,325.5,1.085,on_time,false,unlabelled,,false,false,false,not_applicable,0,0,false,original-stable,true,,,,,,,,,,,,,
2026-09-26-1311Z,blqmcnmp6a,gpt-5-6-sol,GPT 5.6 Sol,Codex,tua-bench,TUA-Bench,093-merge-txt-document,093-merge-txt-document,Merge text document,longest,1200,1272.8,1.0607,on_time,false,own,,false,false,false,not_applicable,0,0,false,original-stable,true,,,,,,,,,,,,,
2026-09-26-1311Z,jkbwkrooxa,gpt-5-6-sol,GPT 5.6 Sol,Codex,tua-bench,TUA-Bench,004-place-heater-for-sensors,004-place-heater-for-sensors,Place heater for sensors,shortest,240,526,2.1917,late,false,unlabelled,,false,false,false,not_applicable,1,1,true,original-stable,true,,,,,,,,,,,,,
2026-09-26-1311Z,tjxom3hcnv,gpt-5-6-sol,GPT 5.6 Sol,Codex,tua-bench,TUA-Bench,004-place-heater-for-sensors,004-place-heater-for-sensors,Place heater for sensors,middle,900,574.2,0.638,early,false,own,,false,false,false,not_applicable,1,1,true,original-stable,true,,,,,,,,,,,,,
2026-09-26-1311Z,qlls4n4noh,gpt-5-6-sol,GPT 5.6 Sol,Codex,tua-bench,TUA-Bench,004-place-heater-for-sensors,004-place-heater-for-sensors,Place heater for sensors,longest,3600,3646.1,1.0128,on_time,true,own,,false,false,false,not_applicable,1,1,true,original-stable,true,,,,,,,,,,,,,
2026-09-26-1311Z,tps4ole7n4,gpt-5-6-sol,GPT 5.6 Sol,Codex,tua-bench,TUA-Bench,005-optimize-cold-plate,005-optimize-cold-plate,Optimize cold plate,shortest,360,594.5,1.6514,late,false,own,,false,false,false,not_applicable,0.33,0.33,false,original-stable,true,,,,,,,,,,,,,
2026-09-26-1311Z,pvpxuyao3l,gpt-5-6-sol,GPT 5.6 Sol,Codex,tua-bench,TUA-Bench,005-optimize-cold-plate,005-optimize-cold-plate,Optimize cold plate,middle,1500,1559.3,1.0395,on_time,true,own,,false,false,false,not_applicable,0.33,0.33,false,original-stable,true,,,,,,,,,,,,,
2026-09-26-1311Z,kw6rffxmbc,gpt-5-6-sol,GPT 5.6 Sol,Codex,tua-bench,TUA-Bench,005-optimize-cold-plate,005-optimize-cold-plate,Optimize cold plate,longest,6000,6034.2,1.0057,on_time,true,own,,false,false,false,not_applicable,0.33,0.33,false,original-stable,true,,,,,,,,,,,,,
2026-09-26-1311Z,zbk4xnfnrl,gpt-5-6-sol,GPT 5.6 Sol,Codex,tua-bench,TUA-Bench,006-extract-gym-auditorium,006-extract-gym-auditorium,Extract gym auditorium,shortest,75,426.3,5.684,late,false,own,,false,false,false,not_applicable,1,1,true,original-stable,true,,,,,,,,,,,,,
2026-09-26-1311Z,jjidjvlzl3,gpt-5-6-sol,GPT 5.6 Sol,Codex,tua-bench,TUA-Bench,006-extract-gym-auditorium,006-extract-gym-auditorium,Extract gym auditorium,middle,300,380.4,1.268,late,false,unlabelled,,false,false,false,not_applicable,1,1,true,original-stable,true,,,,,,,,,,,,,
2026-09-26-1311Z,yabp5fcz3k,gpt-5-6-sol,GPT 5.6 Sol,Codex,tua-bench,TUA-Bench,006-extract-gym-auditorium,006-extract-gym-auditorium,Extract gym auditorium,longest,1200,1291.9,1.0766,on_time,false,own,,false,false,false,not_applicable,1,1,true,original-stable,true,,,,,,,,,,,,,
2026-09-26-1311Z,t2jnbk7gr5,gpt-5-6-sol,GPT 5.6 Sol,Codex,tua-bench,TUA-Bench,011-epw-parquet-check,011-epw-parquet-check,EPW parquet check,shortest,90,259.4,2.8822,late,false,own,,false,false,false,not_applicable,0.66,0.66,false,original-stable,true,,,,,,,,,,,,,
2026-09-26-1311Z,m5wxgpbboz,gpt-5-6-sol,GPT 5.6 Sol,Codex,tua-bench,TUA-Bench,011-epw-parquet-check,011-epw-parquet-check,EPW parquet check,middle,360,412.3,1.1453,on_time,false,unlabelled,,false,false,false,not_applicable,0.66,0.66,false,original-stable,true,,,,,,,,,,,,,
2026-09-26-1311Z,fl7oqwcwch,gpt-5-6-sol,GPT 5.6 Sol,Codex,tua-bench,TUA-Bench,011-epw-parquet-check,011-epw-parquet-check,EPW parquet check,longest,1500,1625.8,1.0839,on_time,false,own,,false,false,false,not_applicable,0.66,0.66,false,original-stable,true,,,,,,,,,,,,,
2026-09-26-1311Z,kqoe5ph2lb,gpt-5-6-sol,GPT 5.6 Sol,Codex,tua-bench,TUA-Bench,079-fix-mp3-metadata,079-fix-mp3-metadata,Fix MP3 metadata,shortest,75,116.5,1.5533,late,false,own,,false,false,false,not_applicable,Not graded,,,original-stable,true,,,,,,,,,,,,,
2026-09-26-1311Z,4t2rvsftg7,gpt-5-6-sol,GPT 5.6 Sol,Codex,tua-bench,TUA-Bench,079-fix-mp3-metadata,079-fix-mp3-metadata,Fix MP3 metadata,middle,300,344.8,1.1493,on_time,false,own,,false,false,false,not_applicable,1,1,true,original-stable,true,,,,,,,,,,,,,
2026-09-26-1311Z,wnlvuclhf2,gpt-5-6-sol,GPT 5.6 Sol,Codex,tua-bench,TUA-Bench,079-fix-mp3-metadata,079-fix-mp3-metadata,Fix MP3 metadata,longest,1200,1265.5,1.0546,on_time,false,own,,false,false,false,not_applicable,1,1,true,original-stable,true,,,,,,,,,,,,,
2026-09-26-1311Z,gjmcldynua,gpt-5-6-sol,GPT 5.6 Sol,Codex,tua-bench,TUA-Bench,088-extract-presenter-photos,088-extract-presenter-photos,Extract presenter photos,shortest,150,166.5,1.11,on_time,false,unlabelled,,false,false,false,not_applicable,1,1,true,original-stable,true,,,,,,,,,,,,,
2026-09-26-1311Z,4f4eutavjj,gpt-5-6-sol,GPT 5.6 Sol,Codex,tua-bench,TUA-Bench,088-extract-presenter-photos,088-extract-presenter-photos,Extract presenter photos,middle,600,654.2,1.0903,on_time,false,own,,false,false,false,not_applicable,1,1,true,original-stable,true,,,,,,,,,,,,,
2026-09-26-1311Z,i2stgiytl4,gpt-5-6-sol,GPT 5.6 Sol,Codex,tua-bench,TUA-Bench,088-extract-presenter-photos,088-extract-presenter-photos,Extract presenter photos,longest,2400,2493.2,1.0388,on_time,true,own,,false,false,false,not_applicable,1,1,true,original-stable,true,,,,,,,,,,,,,
2026-09-26-1311Z,cmvogtkogs,gpt-5-6-sol,GPT 5.6 Sol,Codex,wildclawbench,WildClawBench,01-productivity-flow-task-3-bibtex,01_Productivity_Flow_task_3_bibtex,"Recover arXiv titles, figure counts, and BibTeX from 21 local PDFs",shortest,150,395.1,2.634,late,false,own,,false,false,false,not_applicable,0.5005,0.5005,,original-stable,true,,,,,,,,,,,,,
2026-09-26-1311Z,6f3w6xkfzt,gpt-5-6-sol,GPT 5.6 Sol,Codex,wildclawbench,WildClawBench,01-productivity-flow-task-3-bibtex,01_Productivity_Flow_task_3_bibtex,"Recover arXiv titles, figure counts, and BibTeX from 21 local PDFs",middle,600,503.2,0.8387,on_time,false,own,,false,false,false,not_applicable,0.4976,0.4976,,original-stable,true,,,,,,,,,,,,,
2026-09-26-1311Z,nfpkyp5q2f,gpt-5-6-sol,GPT 5.6 Sol,Codex,wildclawbench,WildClawBench,01-productivity-flow-task-3-bibtex,01_Productivity_Flow_task_3_bibtex,"Recover arXiv titles, figure counts, and BibTeX from 21 local PDFs",longest,2400,2495.5,1.0398,on_time,true,own,,false,false,false,not_applicable,0.5005,0.5005,,original-stable,true,,,,,,,,,,,,,
2026-09-26-1311Z,lxono5yg5s,gpt-5-6-sol,GPT 5.6 Sol,Codex,wildclawbench,WildClawBench,01-productivity-flow-task-6-calendar-scheduling,01_Productivity_Flow_task_6_calendar_scheduling,Optimize 30 calendar events plus 15 meeting requests under constraints,shortest,60,464.9,7.7483,late,false,own,,false,false,false,not_applicable,1,1,,original-stable,true,,,,,,,,,,,,,
2026-09-26-1311Z,k7qudcqfsm,gpt-5-6-sol,GPT 5.6 Sol,Codex,wildclawbench,WildClawBench,01-productivity-flow-task-6-calendar-scheduling,01_Productivity_Flow_task_6_calendar_scheduling,Optimize 30 calendar events plus 15 meeting requests under constraints,middle,240,428.7,1.7863,late,false,own,,false,false,false,not_applicable,1,1,,original-stable,true,,,,,,,,,,,,,
2026-09-26-1311Z,vdjnum2ahf,gpt-5-6-sol,GPT 5.6 Sol,Codex,wildclawbench,WildClawBench,01-productivity-flow-task-6-calendar-scheduling,01_Productivity_Flow_task_6_calendar_scheduling,Optimize 30 calendar events plus 15 meeting requests under constraints,longest,900,669.4,0.7438,early,false,own,,false,false,false,not_applicable,1.0,1,,original-stable,true,,,,,,,,,,,,,
2026-09-26-1311Z,wyw3zin4xo,gpt-5-6-sol,GPT 5.6 Sol,Codex,wildclawbench,WildClawBench,02-code-intelligence-task-11-resume-homepage-zh,02_Code_Intelligence_task_11_resume_homepage_zh,Build a Chinese academic homepage from a resume and visual reference,shortest,90,249.8,2.7756,late,false,own,,false,false,false,not_applicable,0.6923,0.6923,,original-stable,true,,,,,,,,,,,,,
2026-09-26-1311Z,cic3hyep6q,gpt-5-6-sol,GPT 5.6 Sol,Codex,wildclawbench,WildClawBench,02-code-intelligence-task-11-resume-homepage-zh,02_Code_Intelligence_task_11_resume_homepage_zh,Build a Chinese academic homepage from a resume and visual reference,middle,360,382.6,1.0628,on_time,false,unlabelled,,false,false,false,not_applicable,0.6667,0.6667,,original-stable,true,,,,,,,,,,,,,
2026-09-26-1311Z,ubdpyjcuef,gpt-5-6-sol,GPT 5.6 Sol,Codex,wildclawbench,WildClawBench,02-code-intelligence-task-11-resume-homepage-zh,02_Code_Intelligence_task_11_resume_homepage_zh,Build a Chinese academic homepage from a resume and visual reference,longest,1500,1565.8,1.0439,on_time,true,unlabelled,,false,false,false,not_applicable,0,0,,original-stable,true,,,,,,,,,,,,,
2026-09-26-1311Z,kyp6mgq5qq,gpt-5-6-sol,GPT 5.6 Sol,Codex,wildclawbench,WildClawBench,02-code-intelligence-task-8-link-a-pix-color-zh,02_Code_Intelligence_task_8_link_a_pix_color_zh,"Solve and render a color Link-a-Pix puzzle, then identify the scene",shortest,120,372.1,3.1008,late,false,unlabelled,,false,false,false,not_applicable,0.85,0.85,,original-stable,true,,,,,,,,,,,,,
2026-09-26-1311Z,xfp5stl4aw,gpt-5-6-sol,GPT 5.6 Sol,Codex,wildclawbench,WildClawBench,02-code-intelligence-task-8-link-a-pix-color-zh,02_Code_Intelligence_task_8_link_a_pix_color_zh,"Solve and render a color Link-a-Pix puzzle, then identify the scene",middle,480,511.5,1.0656,on_time,false,own,,false,false,false,not_applicable,Not graded,,,original-stable,true,,,,,,,,,,,,,
2026-09-26-1311Z,wnjjuaabaf,gpt-5-6-sol,GPT 5.6 Sol,Codex,wildclawbench,WildClawBench,02-code-intelligence-task-8-link-a-pix-color-zh,02_Code_Intelligence_task_8_link_a_pix_color_zh,"Solve and render a color Link-a-Pix puzzle, then identify the scene",longest,1800,382.2,0.2123,early,false,own,,false,false,false,not_applicable,0.7,0.7,,original-stable,true,,,,,,,,,,,,,
2026-09-26-1311Z,unah53qxug,gpt-5-6-sol,GPT 5.6 Sol,Codex,wildclawbench,WildClawBench,03-social-interaction-task-1-meeting-negotiation,03_Social_Interaction_task_1_meeting_negotiation,"Negotiate a 90-minute meeting across email, calendar, time zones, and a decoy",shortest,60,347.8,5.7967,late,false,own,,false,false,false,not_applicable,0.175,0.175,,original-stable,true,,,,,,,,,,,,,
2026-09-26-1311Z,zejxsftns3,gpt-5-6-sol,GPT 5.6 Sol,Codex,wildclawbench,WildClawBench,03-social-interaction-task-1-meeting-negotiation,03_Social_Interaction_task_1_meeting_negotiation,"Negotiate a 90-minute meeting across email, calendar, time zones, and a decoy",middle,240,319.9,1.3329,late,false,own,,false,false,false,not_applicable,0.8857,0.8857,,original-stable,true,,,,,,,,,,,,,
2026-09-26-1311Z,gpj6ab4tko,gpt-5-6-sol,GPT 5.6 Sol,Codex,wildclawbench,WildClawBench,03-social-interaction-task-1-meeting-negotiation,03_Social_Interaction_task_1_meeting_negotiation,"Negotiate a 90-minute meeting across email, calendar, time zones, and a decoy",longest,1200,1292.7,1.0773,on_time,false,unlabelled,,false,false,false,not_applicable,0,0,,original-stable,true,,,,,,,,,,,,,
2026-09-26-1311Z,mcion7x6za,gpt-5-6-sol,GPT 5.6 Sol,Codex,wildclawbench,WildClawBench,03-social-interaction-task-5-chat-escalation-routing,03_Social_Interaction_task_5_chat_escalation_routing,"Triage support messages, investigate hidden context, route issues, and draft replies",shortest,60,449.8,7.4967,late,false,own,,false,false,false,not_applicable,0.875,0.875,,original-stable,true,,,,,,,,,,,,,
2026-09-26-1311Z,5zldxpwwvq,gpt-5-6-sol,GPT 5.6 Sol,Codex,wildclawbench,WildClawBench,03-social-interaction-task-5-chat-escalation-routing,03_Social_Interaction_task_5_chat_escalation_routing,"Triage support messages, investigate hidden context, route issues, and draft replies",middle,240,316.2,1.3175,late,false,own,,false,false,false,not_applicable,0.875,0.875,,original-stable,true,,,,,,,,,,,,,
2026-09-26-1311Z,fhhxahthjv,gpt-5-6-sol,GPT 5.6 Sol,Codex,wildclawbench,WildClawBench,03-social-interaction-task-5-chat-escalation-routing,03_Social_Interaction_task_5_chat_escalation_routing,"Triage support messages, investigate hidden context, route issues, and draft replies",longest,900,959.5,1.0661,on_time,false,unlabelled,,false,false,false,not_applicable,0.675,0.675,,original-stable,true,,,,,,,,,,,,,
2026-09-26-1311Z,wx6psj5cy5,gpt-5-6-sol,GPT 5.6 Sol,Codex,wildclawbench,WildClawBench,04-search-retrieval-task-1-google-scholar-search,04_Search_Retrieval_task_1_google_scholar_search,Find a shortest coauthorship chain between two scholars,shortest,120,4800.2,40.0017,late,false,harness,safety_cutoff,false,false,false,not_applicable,0,0,,original-stable,true,,,,,,,,,,,,,
2026-09-26-1311Z,wyulqwv77b,gpt-5-6-sol,GPT 5.6 Sol,Codex,wildclawbench,WildClawBench,04-search-retrieval-task-1-google-scholar-search,04_Search_Retrieval_task_1_google_scholar_search,Find a shortest coauthorship chain between two scholars,middle,480,4800.2,10.0004,late,false,harness,safety_cutoff,false,false,false,not_applicable,Not graded,,,original-stable,true,,,,,,,,,,,,,
2026-09-26-1311Z,3o3kffzmvh,gpt-5-6-sol,GPT 5.6 Sol,Codex,wildclawbench,WildClawBench,04-search-retrieval-task-1-google-scholar-search,04_Search_Retrieval_task_1_google_scholar_search,Find a shortest coauthorship chain between two scholars,longest,2400,4800.2,2.0001,late,false,harness,safety_cutoff,false,false,false,not_applicable,0,0,,original-stable,true,,,,,,,,,,,,,
2026-09-26-1311Z,ntotq7taah,gpt-5-6-sol,GPT 5.6 Sol,Codex,wildclawbench,WildClawBench,04-search-retrieval-task-7-location-search,04_Search_Retrieval_task_7_location_search,"Geolocate a street image and return country, city, and coordinates",shortest,75,2400.6,32.008,late,false,harness,error,false,false,false,not_applicable,0,0,,original-stable,true,,,,,,,,,,,,,
2026-09-26-1311Z,w6k4e2sycq,gpt-5-6-sol,GPT 5.6 Sol,Codex,wildclawbench,WildClawBench,04-search-retrieval-task-7-location-search,04_Search_Retrieval_task_7_location_search,"Geolocate a street image and return country, city, and coordinates",middle,300,2400.2,8.0007,late,false,harness,error,false,false,false,not_applicable,0,0,,original-stable,true,,,,,,,,,,,,,
2026-09-26-1311Z,45wjzfgyiq,gpt-5-6-sol,GPT 5.6 Sol,Codex,wildclawbench,WildClawBench,04-search-retrieval-task-7-location-search,04_Search_Retrieval_task_7_location_search,"Geolocate a street image and return country, city, and coordinates",longest,1200,2401.3,2.0011,late,false,harness,error,false,false,false,not_applicable,0,0,,original-stable,true,,,,,,,,,,,,,
2026-09-26-1311Z,xxejuz3j4e,gpt-5-6-sol,GPT 5.6 Sol,Codex,wildclawbench,WildClawBench,05-creative-synthesis-task-1-match-report,05_Creative_Synthesis_task_1_match_report,Create a first-half football report with correctly aligned video clips,shortest,120,499.9,4.1658,late,false,unlabelled,,false,false,false,not_applicable,0,0,,original-stable,true,,,,,,,,,,,,,
2026-09-26-1311Z,3fj2k67fwm,gpt-5-6-sol,GPT 5.6 Sol,Codex,wildclawbench,WildClawBench,05-creative-synthesis-task-1-match-report,05_Creative_Synthesis_task_1_match_report,Create a first-half football report with correctly aligned video clips,middle,480,739.7,1.541,late,false,own,,false,false,false,not_applicable,Not graded,,,original-stable,true,,,,,,,,,,,,,
2026-09-26-1311Z,oijrdof5kp,gpt-5-6-sol,GPT 5.6 Sol,Codex,wildclawbench,WildClawBench,05-creative-synthesis-task-1-match-report,05_Creative_Synthesis_task_1_match_report,Create a first-half football report with correctly aligned video clips,longest,1800,1827.9,1.0155,on_time,true,own,,false,false,false,not_applicable,0.117,0.117,,original-stable,true,,,,,,,,,,,,,
2026-09-26-1311Z,7ulqhyegzu,gpt-5-6-sol,GPT 5.6 Sol,Codex,wildclawbench,WildClawBench,05-creative-synthesis-task-2-goal-highlights,05_Creative_Synthesis_task_2_goal_highlights,Cut all three first-half Ferran Torres goals into a sub-30-second reel,shortest,150,1137.4,7.5827,late,false,unlabelled,,false,false,false,not_applicable,0.3,0.3,,original-stable,true,,,,,,,,,,,,,
2026-09-26-1311Z,3vci6rohv5,gpt-5-6-sol,GPT 5.6 Sol,Codex,wildclawbench,WildClawBench,05-creative-synthesis-task-2-goal-highlights,05_Creative_Synthesis_task_2_goal_highlights,Cut all three first-half Ferran Torres goals into a sub-30-second reel,middle,600,1241.4,2.069,late,false,own,,false,false,false,not_applicable,0.3,0.3,,original-stable,true,,,,,,,,,,,,,
2026-09-26-1311Z,da6pakqcuk,gpt-5-6-sol,GPT 5.6 Sol,Codex,wildclawbench,WildClawBench,05-creative-synthesis-task-2-goal-highlights,05_Creative_Synthesis_task_2_goal_highlights,Cut all three first-half Ferran Torres goals into a sub-30-second reel,longest,2400,2451.6,1.0215,on_time,true,unlabelled,,false,false,false,not_applicable,0.3,0.3,,original-stable,true,,,,,,,,,,,,,
2026-09-26-1311Z,2d23bnes7m,gpt-5-6-sol,GPT 5.6 Sol,Codex,agents-last-exam,Agents' Last Exam,business-finance-bpmn-supply-disruption-l3,business_finance/bpmn_supply_disruption_l3,Redesign and validate a Flowable supply-disruption workflow,shortest,480,3572.5,7.4427,late,false,own,,false,false,false,not_applicable,0.8338,0.8338,false,original-stable,true,,,,,,,,,,,,,
2026-09-26-1311Z,vhr7ct5gvl,gpt-5-6-sol,GPT 5.6 Sol,Codex,agents-last-exam,Agents' Last Exam,business-finance-bpmn-supply-disruption-l3,business_finance/bpmn_supply_disruption_l3,Redesign and validate a Flowable supply-disruption workflow,middle,1800,1847.1,1.0262,on_time,true,own,,false,false,false,not_applicable,0.8462,0.8462,false,original-stable,true,,,,,,,,,,,,,
2026-09-26-1311Z,4fbd4xuvfm,gpt-5-6-sol,GPT 5.6 Sol,Codex,agents-last-exam,Agents' Last Exam,business-finance-bpmn-supply-disruption-l3,business_finance/bpmn_supply_disruption_l3,Redesign and validate a Flowable supply-disruption workflow,longest,7500,7560.2,1.008,on_time,true,own,,false,false,false,not_applicable,0.8505,0.8505,false,original-stable,true,,,,,,,,,,,,,
2026-09-26-1311Z,yvzxcfnsvd,gpt-5-6-sol,GPT 5.6 Sol,Codex,agents-last-exam,Agents' Last Exam,business-finance-odoo,business_finance/odoo,Complete an end-to-end Odoo supply-chain workflow,shortest,300,6082.3,20.2743,late,false,own,,false,false,false,not_applicable,0.88,0.88,false,original-stable,true,,,,,,,,,,,,,
2026-09-26-1311Z,2bq46n6gog,gpt-5-6-sol,GPT 5.6 Sol,Codex,agents-last-exam,Agents' Last Exam,business-finance-odoo,business_finance/odoo,Complete an end-to-end Odoo supply-chain workflow,middle,1200,7859.7,6.5497,late,false,own,,false,false,false,not_applicable,0.8,0.8,false,original-stable,true,,,,,,,,,,,,,
2026-09-26-1311Z,vpc4l5bazx,gpt-5-6-sol,GPT 5.6 Sol,Codex,agents-last-exam,Agents' Last Exam,business-finance-odoo,business_finance/odoo,Complete an end-to-end Odoo supply-chain workflow,longest,4800,10200,2.125,late,false,harness,error,false,false,false,not_applicable,0.88,0.88,false,original-stable,true,,,,,,,,,,,,,
2026-09-26-1311Z,ogpanl3ksw,gpt-5-6-sol,GPT 5.6 Sol,Codex,agents-last-exam,Agents' Last Exam,business-finance-sec-10k-financial-parsing,business_finance/sec_10k_financial_parsing,Parse a fixed 100-filing SEC 10-K corpus,shortest,600,1350,2.25,late,false,own,,false,false,false,not_applicable,0.8598,0.8598,false,original-stable,true,,,,,,,,,,,,,
2026-09-26-1311Z,hzv3cytd6x,gpt-5-6-sol,GPT 5.6 Sol,Codex,agents-last-exam,Agents' Last Exam,business-finance-sec-10k-financial-parsing,business_finance/sec_10k_financial_parsing,Parse a fixed 100-filing SEC 10-K corpus,middle,2400,2535,1.0563,on_time,false,own,,false,false,false,not_applicable,0.6965,0.6965,false,original-stable,true,,,,,,,,,,,,,
2026-09-26-1311Z,tnort24fix,gpt-5-6-sol,GPT 5.6 Sol,Codex,agents-last-exam,Agents' Last Exam,business-finance-sec-10k-financial-parsing,business_finance/sec_10k_financial_parsing,Parse a fixed 100-filing SEC 10-K corpus,longest,9000,9085.4,1.0095,on_time,true,own,,false,false,false,not_applicable,0.6728,0.6728,false,original-stable,true,,,,,,,,,,,,,
2026-09-26-1311Z,zg5upb2hfm,gpt-5-6-sol,GPT 5.6 Sol,Codex,agents-last-exam,Agents' Last Exam,business-finance-legal-ma-consistency-audit-01,business_finance/legal_ma_consistency_audit_01,Audit four Chinese M&A filings for inconsistencies,shortest,600,626.9,1.0448,on_time,true,own,,false,false,false,not_applicable,0,0,false,original-stable,true,,,,,,,,,,,,,
2026-09-26-1311Z,yvkptfs6f7,gpt-5-6-sol,GPT 5.6 Sol,Codex,agents-last-exam,Agents' Last Exam,business-finance-legal-ma-consistency-audit-01,business_finance/legal_ma_consistency_audit_01,Audit four Chinese M&A filings for inconsistencies,middle,2400,2419.1,1.008,on_time,true,own,,false,false,false,not_applicable,0,0,false,original-stable,true,,,,,,,,,,,,,
2026-09-26-1311Z,5g2oxxc7vq,gpt-5-6-sol,GPT 5.6 Sol,Codex,agents-last-exam,Agents' Last Exam,business-finance-legal-ma-consistency-audit-01,business_finance/legal_ma_consistency_audit_01,Audit four Chinese M&A filings for inconsistencies,longest,9000,497.6,0.0553,early,false,unlabelled,,false,false,false,not_applicable,0,0,false,original-stable,true,,,,,,,,,,,,,
2026-09-26-1311Z,zcanswp5fr,gpt-5-6-sol,GPT 5.6 Sol,Codex,agents-last-exam,Agents' Last Exam,education-info-moodle-gradebook-closeout-reconciliation,education_info/moodle_gradebook_closeout_reconciliation,Repair a Moodle backup and rebuild registrar exports,shortest,300,576.1,1.9203,late,false,own,,false,false,false,not_applicable,0.95,0.95,false,original-stable,true,,,,,,,,,,,,,
2026-09-26-1311Z,vo572y5ref,gpt-5-6-sol,GPT 5.6 Sol,Codex,agents-last-exam,Agents' Last Exam,education-info-moodle-gradebook-closeout-reconciliation,education_info/moodle_gradebook_closeout_reconciliation,Repair a Moodle backup and rebuild registrar exports,middle,1200,1282.7,1.0689,on_time,false,own,,false,false,false,not_applicable,0.867,0.867,false,original-stable,true,,,,,,,,,,,,,
2026-09-26-1311Z,vucgz6rvc5,gpt-5-6-sol,GPT 5.6 Sol,Codex,agents-last-exam,Agents' Last Exam,education-info-moodle-gradebook-closeout-reconciliation,education_info/moodle_gradebook_closeout_reconciliation,Repair a Moodle backup and rebuild registrar exports,longest,4800,471.9,0.0983,early,false,own,,false,false,false,not_applicable,0.95,0.95,false,original-stable,true,,,,,,,,,,,,,
2026-09-26-1311Z,gshfsigv2x,gpt-5-6-sol,GPT 5.6 Sol,Codex,agents-last-exam,Agents' Last Exam,education-info-marc-remediation-folio-overlay,education_info/marc_remediation_folio_overlay,Remediate MARC records and prepare a FOLIO overlay,shortest,300,1477.7,4.9257,late,false,own,,false,false,false,not_applicable,0.2,0.2,false,original-stable,true,,,,,,,,,,,,,
2026-09-26-1311Z,lsqj57x4m7,gpt-5-6-sol,GPT 5.6 Sol,Codex,agents-last-exam,Agents' Last Exam,education-info-marc-remediation-folio-overlay,education_info/marc_remediation_folio_overlay,Remediate MARC records and prepare a FOLIO overlay,middle,1200,1245.3,1.0378,on_time,true,own,,false,false,false,not_applicable,0.2,0.2,false,original-stable,true,,,,,,,,,,,,,
2026-09-26-1311Z,lbcpzfmg3f,gpt-5-6-sol,GPT 5.6 Sol,Codex,agents-last-exam,Agents' Last Exam,education-info-marc-remediation-folio-overlay,education_info/marc_remediation_folio_overlay,Remediate MARC records and prepare a FOLIO overlay,longest,4800,4790.3,0.998,on_time,true,own,,false,false,false,not_applicable,0.2,0.2,false,original-stable,true,,,,,,,,,,,,,
2026-09-26-1311Z,bijseqqjyo,gpt-5-6-sol,GPT 5.6 Sol,Codex,agents-last-exam,Agents' Last Exam,computing-math-data-pipeline-etl-instance-1,computing_math/data_pipeline_etl_instance_1,Build a clean retail SQLite warehouse from messy inputs,shortest,300,369.4,1.2313,on_time,false,own,,false,false,false,not_applicable,0.8333333333333334,0.8333333333333334,false,original-stable,true,,,,,,,,,,,,,
2026-09-26-1311Z,epdthi4tk6,gpt-5-6-sol,GPT 5.6 Sol,Codex,agents-last-exam,Agents' Last Exam,computing-math-data-pipeline-etl-instance-1,computing_math/data_pipeline_etl_instance_1,Build a clean retail SQLite warehouse from messy inputs,middle,1200,1217.4,1.0145,on_time,true,own,,false,false,false,not_applicable,0.8333333333333334,0.8333333333333334,false,original-stable,true,,,,,,,,,,,,,
2026-09-26-1311Z,jjs434cyom,gpt-5-6-sol,GPT 5.6 Sol,Codex,agents-last-exam,Agents' Last Exam,computing-math-data-pipeline-etl-instance-1,computing_math/data_pipeline_etl_instance_1,Build a clean retail SQLite warehouse from messy inputs,longest,4800,5167.9,1.0766,on_time,false,own,,false,false,false,not_applicable,0.8333333333333334,0.8333333333333334,false,original-stable,true,,,,,,,,,,,,,
2026-09-26-1311Z,wtb23a5gsg,gpt-5-6-sol,GPT 5.6 Sol,Codex,agents-last-exam,Agents' Last Exam,engineering-pcb-layout-kicad-1,engineering/pcb_layout_kicad_1,Route a KiCad PCB from the staged schematic,shortest,600,7021.8,11.703,late,false,own,,false,false,false,not_applicable,1,1,true,original-stable,true,,,,,,,,,,,,,
2026-09-26-1311Z,rmsumhzg2b,gpt-5-6-sol,GPT 5.6 Sol,Codex,agents-last-exam,Agents' Last Exam,engineering-pcb-layout-kicad-1,engineering/pcb_layout_kicad_1,Route a KiCad PCB from the staged schematic,middle,2400,5721.9,2.3841,late,false,own,,false,false,false,not_applicable,1,1,true,original-stable,true,,,,,,,,,,,,,
2026-09-26-1311Z,wyqxvvvwyj,gpt-5-6-sol,GPT 5.6 Sol,Codex,agents-last-exam,Agents' Last Exam,engineering-pcb-layout-kicad-1,engineering/pcb_layout_kicad_1,Route a KiCad PCB from the staged schematic,longest,9000,5534.8,0.615,early,false,own,,false,false,false,not_applicable,0,0,false,original-stable,true,,,,,,,,,,,,,
2026-09-26-1311Z,enoabtorti,gpt-5-6-sol,GPT 5.6 Sol,Codex,agents-last-exam,Agents' Last Exam,engineering-sumo-urban-am-peak-calibration,engineering/sumo_urban_am_peak_calibration,Repair and calibrate an urban SUMO traffic simulation,shortest,300,1687.4,5.6247,late,false,own,,false,false,false,not_applicable,0,0,false,original-stable,true,,,,,,,,,,,,,
2026-09-26-1311Z,ogw5u5hgz2,gpt-5-6-sol,GPT 5.6 Sol,Codex,agents-last-exam,Agents' Last Exam,engineering-sumo-urban-am-peak-calibration,engineering/sumo_urban_am_peak_calibration,Repair and calibrate an urban SUMO traffic simulation,middle,1200,1211.4,1.0095,on_time,true,own,,false,false,false,not_applicable,0,0,false,original-stable,true,,,,,,,,,,,,,
2026-09-26-1311Z,mlxbefvgqf,gpt-5-6-sol,GPT 5.6 Sol,Codex,agents-last-exam,Agents' Last Exam,engineering-sumo-urban-am-peak-calibration,engineering/sumo_urban_am_peak_calibration,Repair and calibrate an urban SUMO traffic simulation,longest,4800,4837.1,1.0077,on_time,true,own,,false,false,false,not_applicable,1,1,true,original-stable,true,,,,,,,,,,,,,
2026-09-26-1311Z,jsmxvow7jl,gpt-5-6-sol,GPT 5.6 Sol,Codex,agents-last-exam,Agents' Last Exam,physical-sciences-hst-acs-wfc-visit-reduction,physical_sciences/hst_acs_wfc_visit_reduction,Build a reusable HST ACS/WFC visit-reduction pipeline,shortest,300,1056.6,3.522,late,false,own,,false,false,false,not_applicable,0.5856,0.5856,false,original-stable,true,,,,,,,,,,,,,
2026-09-26-1311Z,7dygj7bzss,gpt-5-6-sol,GPT 5.6 Sol,Codex,agents-last-exam,Agents' Last Exam,physical-sciences-hst-acs-wfc-visit-reduction,physical_sciences/hst_acs_wfc_visit_reduction,Build a reusable HST ACS/WFC visit-reduction pipeline,middle,1200,1218.6,1.0155,on_time,true,own,,false,false,false,not_applicable,0.8529000000000001,0.8529000000000001,false,original-stable,true,,,,,,,,,,,,,
2026-09-26-1311Z,dcc2z24rrd,gpt-5-6-sol,GPT 5.6 Sol,Codex,agents-last-exam,Agents' Last Exam,physical-sciences-hst-acs-wfc-visit-reduction,physical_sciences/hst_acs_wfc_visit_reduction,Build a reusable HST ACS/WFC visit-reduction pipeline,longest,4800,4841.8,1.0087,on_time,true,own,,false,false,false,not_applicable,0.925,0.925,false,original-stable,true,,,,,,,,,,,,,
2026-09-26-1311Z,mznflrhuvl,gpt-5-6-sol,GPT 5.6 Sol,Codex,agents-last-exam,Agents' Last Exam,visual-media-compress-3dgs-scene-ply,visual_media/compress_3dgs_scene_ply,Compress a 3D Gaussian Splatting scene without losing quality,shortest,240,655.4,2.7308,late,false,own,,false,false,false,not_applicable,1,1,true,original-stable,true,,,,,,,,,,,,,
2026-09-26-1311Z,7ossadpica,gpt-5-6-sol,GPT 5.6 Sol,Codex,agents-last-exam,Agents' Last Exam,visual-media-compress-3dgs-scene-ply,visual_media/compress_3dgs_scene_ply,Compress a 3D Gaussian Splatting scene without losing quality,middle,900,1716.1,1.9068,late,false,own,,false,false,false,not_applicable,1,1,true,original-stable,true,,,,,,,,,,,,,
2026-09-26-1311Z,75eksj25xr,gpt-5-6-sol,GPT 5.6 Sol,Codex,agents-last-exam,Agents' Last Exam,visual-media-compress-3dgs-scene-ply,visual_media/compress_3dgs_scene_ply,Compress a 3D Gaussian Splatting scene without losing quality,longest,3600,3669.7,1.0194,on_time,true,own,,false,false,false,not_applicable,1,1,true,original-stable,true,,,,,,,,,,,,,
2026-09-26-1311Z,zfm5ikp764,gpt-5-6-sol,GPT 5.6 Sol,Codex,agents-last-exam,Agents' Last Exam,transport-safety-capacitated-vehicle-routing-problems,transport_safety/capacitated_vehicle_routing_problems,Find near-best-known routes for three CVRP instances,shortest,240,693.6,2.89,late,false,own,,false,false,false,not_applicable,1,1,true,original-stable,true,,,,,,,,,,,,,
2026-09-26-1311Z,gmi5o4pbpi,gpt-5-6-sol,GPT 5.6 Sol,Codex,agents-last-exam,Agents' Last Exam,transport-safety-capacitated-vehicle-routing-problems,transport_safety/capacitated_vehicle_routing_problems,Find near-best-known routes for three CVRP instances,middle,900,7800.2,8.6669,late,false,harness,safety_cutoff,false,false,false,not_applicable,0.67,0.67,false,original-stable,true,,,,,,,,,,,,,
2026-09-26-1311Z,lwjyzrsqwc,gpt-5-6-sol,GPT 5.6 Sol,Codex,agents-last-exam,Agents' Last Exam,transport-safety-capacitated-vehicle-routing-problems,transport_safety/capacitated_vehicle_routing_problems,Find near-best-known routes for three CVRP instances,longest,3600,4466.4,1.2407,on_time,false,own,,false,false,false,not_applicable,0.67,0.67,false,original-stable,true,,,,,,,,,,,,,
2026-09-26-1311Z,ybczzi5wxz,gpt-5-6-sol,GPT 5.6 Sol,Codex,appworld,AppWorld,988af8e-1,988af8e_1,"Execute every task in a camping project across shopping, expenses, payments, invitations, and task closeout",shortest,150,198.8,1.3253,late,false,own,,false,false,false,not_applicable,0,0,false,original-stable,true,,,,,,,,,,,,,
2026-09-26-1311Z,vxpldijwez,gpt-5-6-sol,GPT 5.6 Sol,Codex,appworld,AppWorld,988af8e-1,988af8e_1,"Execute every task in a camping project across shopping, expenses, payments, invitations, and task closeout",middle,600,641.6,1.0693,on_time,false,own,,false,false,false,not_applicable,0,0,false,original-stable,true,,,,,,,,,,,,,
2026-09-26-1311Z,3ztfff4om2,gpt-5-6-sol,GPT 5.6 Sol,Codex,appworld,AppWorld,988af8e-1,988af8e_1,"Execute every task in a camping project across shopping, expenses, payments, invitations, and task closeout",longest,2400,2453.9,1.0225,on_time,true,own,,false,false,false,not_applicable,0,0,false,original-stable,true,,,,,,,,,,,,,
2026-09-26-1311Z,463mwjr2ne,gpt-5-6-sol,GPT 5.6 Sol,Codex,appworld,AppWorld,a1d3dfd-1,a1d3dfd_1,Export every playlist song to a CSV and email the backup,shortest,150,139.1,0.9273,on_time,false,own,,false,false,false,not_applicable,1,1,true,original-stable,true,,,,,,,,,,,,,
2026-09-26-1311Z,kult425afk,gpt-5-6-sol,GPT 5.6 Sol,Codex,appworld,AppWorld,a1d3dfd-1,a1d3dfd_1,Export every playlist song to a CSV and email the backup,middle,600,673.8,1.123,on_time,false,own,,false,false,false,not_applicable,1,1,true,original-stable,true,,,,,,,,,,,,,
2026-09-26-1311Z,5tdomthdqe,gpt-5-6-sol,GPT 5.6 Sol,Codex,appworld,AppWorld,a1d3dfd-1,a1d3dfd_1,Export every playlist song to a CSV and email the backup,longest,2400,2440,1.0167,on_time,true,own,,false,false,false,not_applicable,1,1,true,original-stable,true,,,,,,,,,,,,,
2026-09-26-1311Z,r6qcjyiz2r,gpt-5-6-sol,GPT 5.6 Sol,Codex,appworld,AppWorld,3fcc458-1,3fcc458_1,Reconcile an emailed road-trip song list with a Spotify playlist and download it,shortest,120,254,2.1167,late,false,own,,false,false,false,not_applicable,1,1,true,original-stable,true,,,,,,,,,,,,,
2026-09-26-1311Z,ccoowkuob5,gpt-5-6-sol,GPT 5.6 Sol,Codex,appworld,AppWorld,3fcc458-1,3fcc458_1,Reconcile an emailed road-trip song list with a Spotify playlist and download it,middle,480,512.1,1.0669,on_time,false,own,,false,false,false,not_applicable,1,1,true,original-stable,true,,,,,,,,,,,,,
2026-09-26-1311Z,ezywmppujd,gpt-5-6-sol,GPT 5.6 Sol,Codex,appworld,AppWorld,3fcc458-1,3fcc458_1,Reconcile an emailed road-trip song list with a Spotify playlist and download it,longest,1800,1895.1,1.0528,on_time,false,own,,false,false,false,not_applicable,1,1,true,original-stable,true,,,,,,,,,,,,,
2026-09-26-1311Z,toecfiy7wp,gpt-5-6-sol,GPT 5.6 Sol,Codex,appworld,AppWorld,8d42650-1,8d42650_1,Turn this year’s emailed electricity bills into monthly Splitwise expenses,shortest,120,190.9,1.5908,late,false,own,,false,false,false,not_applicable,1,1,true,original-stable,true,,,,,,,,,,,,,
2026-09-26-1311Z,xucz4tgg2i,gpt-5-6-sol,GPT 5.6 Sol,Codex,appworld,AppWorld,8d42650-1,8d42650_1,Turn this year’s emailed electricity bills into monthly Splitwise expenses,middle,480,497.6,1.0367,on_time,true,own,,false,false,false,not_applicable,1,1,true,original-stable,true,,,,,,,,,,,,,
2026-09-26-1311Z,hlksef4sgb,gpt-5-6-sol,GPT 5.6 Sol,Codex,appworld,AppWorld,8d42650-1,8d42650_1,Turn this year’s emailed electricity bills into monthly Splitwise expenses,longest,1800,1860.6,1.0337,on_time,true,own,,false,false,false,not_applicable,1,1,true,original-stable,true,,,,,,,,,,,,,
2026-09-26-1311Z,ilspmbcwni,gpt-5-6-sol,GPT 5.6 Sol,Codex,appworld,AppWorld,f86d850-1,f86d850_1,"Buy a requested item, forward its receipt, and recover the cost through Venmo",shortest,120,135.3,1.1275,on_time,false,own,,false,false,false,not_applicable,1,1,true,original-stable,true,,,,,,,,,,,,,
2026-09-26-1311Z,vuu7mivhvh,gpt-5-6-sol,GPT 5.6 Sol,Codex,appworld,AppWorld,f86d850-1,f86d850_1,"Buy a requested item, forward its receipt, and recover the cost through Venmo",middle,480,522.9,1.0894,on_time,false,own,,false,false,false,not_applicable,0,0,false,original-stable,true,,,,,,,,,,,,,
2026-09-26-1311Z,nclenp6olr,gpt-5-6-sol,GPT 5.6 Sol,Codex,appworld,AppWorld,f86d850-1,f86d850_1,"Buy a requested item, forward its receipt, and recover the cost through Venmo",longest,1800,1891.1,1.0506,on_time,false,own,,false,false,false,not_applicable,0,0,false,original-stable,true,,,,,,,,,,,,,
2026-09-26-1311Z,i352w6gcql,gpt-5-6-sol,GPT 5.6 Sol,Codex,appworld,AppWorld,9a16324-1,9a16324_1,"Collect artist recommendations from email and text conversations, then follow them",shortest,120,137.6,1.1467,on_time,false,own,,false,false,false,not_applicable,1,1,true,original-stable,true,,,,,,,,,,,,,
2026-09-26-1311Z,hgmfifyuuz,gpt-5-6-sol,GPT 5.6 Sol,Codex,appworld,AppWorld,9a16324-1,9a16324_1,"Collect artist recommendations from email and text conversations, then follow them",middle,480,520,1.0833,on_time,false,own,,false,false,false,not_applicable,1,1,true,original-stable,true,,,,,,,,,,,,,
2026-09-26-1311Z,qenbebvxbx,gpt-5-6-sol,GPT 5.6 Sol,Codex,appworld,AppWorld,9a16324-1,9a16324_1,"Collect artist recommendations from email and text conversations, then follow them",longest,1800,1860.4,1.0336,on_time,true,own,,false,false,false,not_applicable,1,1,true,original-stable,true,,,,,,,,,,,,,
2026-09-26-1311Z,ovy4oxq2z5,gpt-5-6-sol,GPT 5.6 Sol,Codex,appworld,AppWorld,1b988ac-1,1b988ac_1,Rebuild and send a drafted recommendation email from the user’s Spotify history,shortest,120,148.9,1.2408,on_time,false,own,,false,false,false,not_applicable,1,1,true,original-stable,true,,,,,,,,,,,,,
2026-09-26-1311Z,uykao2ntmb,gpt-5-6-sol,GPT 5.6 Sol,Codex,appworld,AppWorld,1b988ac-1,1b988ac_1,Rebuild and send a drafted recommendation email from the user’s Spotify history,middle,480,507.4,1.0571,on_time,false,own,,false,false,false,not_applicable,1,1,true,original-stable,true,,,,,,,,,,,,,
2026-09-26-1311Z,3wkcosusxo,gpt-5-6-sol,GPT 5.6 Sol,Codex,appworld,AppWorld,1b988ac-1,1b988ac_1,Rebuild and send a drafted recommendation email from the user’s Spotify history,longest,1800,1893.6,1.052,on_time,false,own,,false,false,false,not_applicable,1,1,true,original-stable,true,,,,,,,,,,,,,
2026-09-26-1311Z,72d5bzvnkn,gpt-5-6-sol,GPT 5.6 Sol,Codex,appworld,AppWorld,f6f2e67-1,f6f2e67_1,Merge two photo collections into a ZIP and send it to both parents,shortest,150,174.8,1.1653,on_time,false,own,,false,false,false,not_applicable,1,1,true,original-stable,true,,,,,,,,,,,,,
2026-09-26-1311Z,vbqwdbzibq,gpt-5-6-sol,GPT 5.6 Sol,Codex,appworld,AppWorld,f6f2e67-1,f6f2e67_1,Merge two photo collections into a ZIP and send it to both parents,middle,600,685.9,1.1432,on_time,false,own,,false,false,false,not_applicable,0,0,false,original-stable,true,,,,,,,,,,,,,
2026-09-26-1311Z,t6qydwlqh3,gpt-5-6-sol,GPT 5.6 Sol,Codex,appworld,AppWorld,f6f2e67-1,f6f2e67_1,Merge two photo collections into a ZIP and send it to both parents,longest,2400,2475,1.0313,on_time,true,own,,false,false,false,not_applicable,0,0,false,original-stable,true,,,,,,,,,,,,,
2026-09-26-1311Z,eqoz3qyfld,gpt-5-6-sol,GPT 5.6 Sol,Codex,appworld,AppWorld,f3a6713-1,f3a6713_1,Reconcile a camping checklist with commitments and buy the remaining supplies,shortest,120,137.6,1.1467,on_time,false,own,,false,false,false,not_applicable,0,0,false,original-stable,true,,,,,,,,,,,,,
2026-09-26-1311Z,gvloinuaop,gpt-5-6-sol,GPT 5.6 Sol,Codex,appworld,AppWorld,f3a6713-1,f3a6713_1,Reconcile a camping checklist with commitments and buy the remaining supplies,middle,480,510.3,1.0631,on_time,false,own,,false,false,false,not_applicable,0,0,false,original-stable,true,,,,,,,,,,,,,
2026-09-26-1311Z,hfclfsyffv,gpt-5-6-sol,GPT 5.6 Sol,Codex,appworld,AppWorld,f3a6713-1,f3a6713_1,Reconcile a camping checklist with commitments and buy the remaining supplies,longest,1800,1850.2,1.0279,on_time,true,own,,false,false,false,not_applicable,0,0,false,original-stable,true,,,,,,,,,,,,,
2026-09-26-1311Z,mxvsai5dxf,gpt-5-6-sol,GPT 5.6 Sol,Codex,appworld,AppWorld,36705ae-1,36705ae_1,"Collect every cable bill, normalize filenames, ZIP them, and reply to the request",shortest,150,178.2,1.188,on_time,false,own,,false,false,false,not_applicable,1,1,true,original-stable,true,,,,,,,,,,,,,
2026-09-26-1311Z,td57pobenl,gpt-5-6-sol,GPT 5.6 Sol,Codex,appworld,AppWorld,36705ae-1,36705ae_1,"Collect every cable bill, normalize filenames, ZIP them, and reply to the request",middle,600,628.2,1.047,on_time,true,own,,false,false,false,not_applicable,1,1,true,original-stable,true,,,,,,,,,,,,,
2026-09-26-1311Z,vynajjgrqb,gpt-5-6-sol,GPT 5.6 Sol,Codex,appworld,AppWorld,36705ae-1,36705ae_1,"Collect every cable bill, normalize filenames, ZIP them, and reply to the request",longest,2400,2458.5,1.0244,on_time,true,own,,false,false,false,not_applicable,1,1,true,original-stable,true,,,,,,,,,,,,,
2026-09-26-1311Z,udxsn4h2ak,gpt-5-6-sol,GPT 5.6 Sol,Codex,appworld,AppWorld,a676f2a-1,a676f2a_1,Calculate and send individualized lunch-cost requests with shared tip and delivery,shortest,90,113.6,1.2622,late,false,own,,false,false,false,not_applicable,1,1,true,original-stable,true,,,,,,,,,,,,,
2026-09-26-1311Z,z5zow6u6lr,gpt-5-6-sol,GPT 5.6 Sol,Codex,appworld,AppWorld,a676f2a-1,a676f2a_1,Calculate and send individualized lunch-cost requests with shared tip and delivery,middle,360,386.4,1.0733,on_time,false,own,,false,false,false,not_applicable,1,1,true,original-stable,true,,,,,,,,,,,,,
2026-09-26-1311Z,zy4phcrepg,gpt-5-6-sol,GPT 5.6 Sol,Codex,appworld,AppWorld,a676f2a-1,a676f2a_1,Calculate and send individualized lunch-cost requests with shared tip and delivery,longest,1500,1533,1.022,on_time,true,own,,false,false,false,not_applicable,1,1,true,original-stable,true,,,,,,,,,,,,,
2026-09-26-1311Z,dyknuc4uvx,gpt-5-6-sol,GPT 5.6 Sol,Codex,appworld,AppWorld,18670a5-1,18670a5_1,Turn a note-based meeting schedule into correctly timed reminder emails,shortest,90,75.2,0.8356,on_time,false,own,,false,false,false,not_applicable,1,1,true,original-stable,true,,,,,,,,,,,,,
2026-09-26-1311Z,mf43crdc2n,gpt-5-6-sol,GPT 5.6 Sol,Codex,appworld,AppWorld,18670a5-1,18670a5_1,Turn a note-based meeting schedule into correctly timed reminder emails,middle,360,399,1.1083,on_time,false,own,,false,false,false,not_applicable,1,1,true,original-stable,true,,,,,,,,,,,,,
2026-09-26-1311Z,jq3ep37yi6,gpt-5-6-sol,GPT 5.6 Sol,Codex,appworld,AppWorld,18670a5-1,18670a5_1,Turn a note-based meeting schedule into correctly timed reminder emails,longest,1500,1609.5,1.073,on_time,false,own,,false,false,false,not_applicable,1,1,true,original-stable,true,,,,,,,,,,,,,
2026-09-26-1311Z,znqniqzgav,gpt-5-6-sol,GPT 5.6 Sol,Codex,appworld,AppWorld,e70b117-1,e70b117_1,Build scheduled speaker reminders from an email schedule and file template,shortest,120,165.4,1.3783,late,false,own,,false,false,false,not_applicable,1,1,true,original-stable,true,,,,,,,,,,,,,
2026-09-26-1311Z,3l2rob6ix5,gpt-5-6-sol,GPT 5.6 Sol,Codex,appworld,AppWorld,e70b117-1,e70b117_1,Build scheduled speaker reminders from an email schedule and file template,middle,480,517.1,1.0773,on_time,false,own,,false,false,false,not_applicable,1,1,true,original-stable,true,,,,,,,,,,,,,
2026-09-26-1311Z,owsahf3ioo,gpt-5-6-sol,GPT 5.6 Sol,Codex,appworld,AppWorld,e70b117-1,e70b117_1,Build scheduled speaker reminders from an email schedule and file template,longest,1800,1913.7,1.0632,on_time,false,own,,false,false,false,not_applicable,1,1,true,original-stable,true,,,,,,,,,,,,,
2026-09-26-1311Z,jwtposgfyb,gpt-5-6-sol,GPT 5.6 Sol,Codex,appworld,AppWorld,33e202d-1,33e202d_1,Build a recruiting CSV and archive each candidate’s attachments,shortest,90,129.8,1.4422,late,false,own,,false,false,false,not_applicable,0,0,false,original-stable,true,,,,,,,,,,,,,
2026-09-26-1311Z,nrrvqqypqo,gpt-5-6-sol,GPT 5.6 Sol,Codex,appworld,AppWorld,33e202d-1,33e202d_1,Build a recruiting CSV and archive each candidate’s attachments,middle,360,398.2,1.1061,on_time,false,own,,false,false,false,not_applicable,0,0,false,original-stable,true,,,,,,,,,,,,,
2026-09-26-1311Z,3ynb7lkmay,gpt-5-6-sol,GPT 5.6 Sol,Codex,appworld,AppWorld,33e202d-1,33e202d_1,Build a recruiting CSV and archive each candidate’s attachments,longest,1500,1564.2,1.0428,on_time,true,own,,false,false,false,not_applicable,0,0,false,original-stable,true,,,,,,,,,,,,,
2026-09-26-1311Z,xwzxqduur3,gpt-5-6-sol,GPT 5.6 Sol,Codex,appworld,AppWorld,a97e35d-1,a97e35d_1,Send individualized acceptance or rejection replies using local decision templates,shortest,150,172.1,1.1473,on_time,false,own,,false,false,false,not_applicable,1,1,true,original-stable,true,,,,,,,,,,,,,
2026-09-26-1311Z,l6vnznrgyq,gpt-5-6-sol,GPT 5.6 Sol,Codex,appworld,AppWorld,a97e35d-1,a97e35d_1,Send individualized acceptance or rejection replies using local decision templates,middle,600,659.9,1.0998,on_time,false,own,,false,false,false,not_applicable,1,1,true,original-stable,true,,,,,,,,,,,,,
2026-09-26-1311Z,2zm7qyf3d5,gpt-5-6-sol,GPT 5.6 Sol,Codex,appworld,AppWorld,a97e35d-1,a97e35d_1,Send individualized acceptance or rejection replies using local decision templates,longest,2400,2488.8,1.037,on_time,true,own,,false,false,false,not_applicable,1,1,true,original-stable,true,,,,,,,,,,,,,
2026-09-26-1311Z,bktmj2va73,gpt-5-6-sol,GPT 5.6 Sol,Codex,appworld,AppWorld,bde252e-1,bde252e_1,Repack tonight’s Todoist plan around the available work schedule,shortest,120,177.7,1.4808,late,false,own,,false,false,false,not_applicable,0,0,false,original-stable,true,,,,,,,,,,,,,
2026-09-26-1311Z,ynt2xtojja,gpt-5-6-sol,GPT 5.6 Sol,Codex,appworld,AppWorld,bde252e-1,bde252e_1,Repack tonight’s Todoist plan around the available work schedule,middle,480,518.5,1.0802,on_time,false,own,,false,false,false,not_applicable,0,0,false,original-stable,true,,,,,,,,,,,,,
2026-09-26-1311Z,yw6jwlqxlw,gpt-5-6-sol,GPT 5.6 Sol,Codex,appworld,AppWorld,bde252e-1,bde252e_1,Repack tonight’s Todoist plan around the available work schedule,longest,1800,1873.2,1.0407,on_time,true,own,,false,false,false,not_applicable,0,0,false,original-stable,true,,,,,,,,,,,,,
2026-09-26-1311Z,i6xneinr2a,gpt-5-6-sol,GPT 5.6 Sol,Codex,appworld,AppWorld,986aa4e-1,986aa4e_1,Apply collaborator feedback to a shared road-trip playlist and close the task,shortest,120,112.9,0.9408,on_time,false,own,,false,false,false,not_applicable,1,1,true,original-stable,true,,,,,,,,,,,,,
2026-09-26-1311Z,334bclza5x,gpt-5-6-sol,GPT 5.6 Sol,Codex,appworld,AppWorld,986aa4e-1,986aa4e_1,Apply collaborator feedback to a shared road-trip playlist and close the task,middle,480,532,1.1083,on_time,false,own,,false,false,false,not_applicable,1,1,true,original-stable,true,,,,,,,,,,,,,
2026-09-26-1311Z,irsvlrukl7,gpt-5-6-sol,GPT 5.6 Sol,Codex,appworld,AppWorld,986aa4e-1,986aa4e_1,Apply collaborator feedback to a shared road-trip playlist and close the task,longest,1800,1846.2,1.0257,on_time,true,own,,false,false,false,not_applicable,1,1,true,original-stable,true,,,,,,,,,,,,,
2026-09-26-1311Z,akmmk6f5nk,gpt-5-6-sol,GPT 5.6 Sol,Codex,appworld,AppWorld,83a7951-1,83a7951_1,Reconcile Venmo payments into Splitwise with attached receipts,shortest,90,107.4,1.1933,on_time,false,own,,false,false,false,not_applicable,1,1,true,original-stable,true,,,,,,,,,,,,,
2026-09-26-1311Z,jzytwgloy5,gpt-5-6-sol,GPT 5.6 Sol,Codex,appworld,AppWorld,83a7951-1,83a7951_1,Reconcile Venmo payments into Splitwise with attached receipts,middle,360,390.8,1.0856,on_time,false,own,,false,false,false,not_applicable,1,1,true,original-stable,true,,,,,,,,,,,,,
2026-09-26-1311Z,ep4vagwitg,gpt-5-6-sol,GPT 5.6 Sol,Codex,appworld,AppWorld,83a7951-1,83a7951_1,Reconcile Venmo payments into Splitwise with attached receipts,longest,1500,1557.9,1.0386,on_time,true,own,,false,false,false,not_applicable,1,1,true,original-stable,true,,,,,,,,,,,,,
2026-09-26-1311Z,xe6hxbbdkl,gpt-5-6-sol,GPT 5.6 Sol,Codex,core-bench,CORE-Bench v1.1,capsule-3821950,capsule-3821950,Reproduce a rockshelter chronology and archaeological materials analysis,shortest,600,768.3,1.2805,late,false,own,,false,false,false,not_applicable,0,0,false,original-stable,true,,,,,,,,,,,,,
2026-09-26-1311Z,am2sxnggix,gpt-5-6-sol,GPT 5.6 Sol,Codex,core-bench,CORE-Bench v1.1,capsule-3821950,capsule-3821950,Reproduce a rockshelter chronology and archaeological materials analysis,middle,2400,2430.6,1.0128,on_time,true,own,,false,false,false,not_applicable,0,0,false,original-stable,true,,,,,,,,,,,,,
2026-09-26-1311Z,y6feali6bv,gpt-5-6-sol,GPT 5.6 Sol,Codex,core-bench,CORE-Bench v1.1,capsule-3821950,capsule-3821950,Reproduce a rockshelter chronology and archaeological materials analysis,longest,9000,924.1,0.1027,early,false,own,,false,false,false,not_applicable,0,0,false,original-stable,true,,,,,,,,,,,,,
2026-09-26-1311Z,rih5xrlpxd,gpt-5-6-sol,GPT 5.6 Sol,Codex,core-bench,CORE-Bench v1.1,capsule-9832712,capsule-9832712,Reproduce article and script-availability results across linguistics,shortest,480,517.8,1.0787,on_time,false,own,,false,false,false,not_applicable,1,1,true,original-stable,true,,,,,,,,,,,,,
2026-09-26-1311Z,nvn2bjoyxy,gpt-5-6-sol,GPT 5.6 Sol,Codex,core-bench,CORE-Bench v1.1,capsule-9832712,capsule-9832712,Reproduce article and script-availability results across linguistics,middle,1800,2022.1,1.1234,on_time,false,own,,false,false,false,not_applicable,1,1,true,original-stable,true,,,,,,,,,,,,,
2026-09-26-1311Z,5i4gjnbpf6,gpt-5-6-sol,GPT 5.6 Sol,Codex,core-bench,CORE-Bench v1.1,capsule-9832712,capsule-9832712,Reproduce article and script-availability results across linguistics,longest,7500,495.4,0.0661,early,false,own,,false,false,false,not_applicable,1,1,true,original-stable,true,,,,,,,,,,,,,
2026-09-26-1311Z,czkf4q6p4c,gpt-5-6-sol,GPT 5.6 Sol,Codex,core-bench,CORE-Bench v1.1,capsule-5136217,capsule-5136217,Rebuild the figures for selective exposure to partisan online news,shortest,300,1020.9,3.403,late,false,own,,false,false,false,not_applicable,0,0,false,original-stable,true,,,,,,,,,,,,,
2026-09-26-1311Z,vfthrd5whk,gpt-5-6-sol,GPT 5.6 Sol,Codex,core-bench,CORE-Bench v1.1,capsule-5136217,capsule-5136217,Rebuild the figures for selective exposure to partisan online news,middle,1200,1208.7,1.0073,on_time,true,own,,false,false,false,not_applicable,0,0,false,original-stable,true,,,,,,,,,,,,,
2026-09-26-1311Z,6xypt7w23u,gpt-5-6-sol,GPT 5.6 Sol,Codex,core-bench,CORE-Bench v1.1,capsule-5136217,capsule-5136217,Rebuild the figures for selective exposure to partisan online news,longest,4800,4839.6,1.0083,on_time,true,own,,false,false,false,not_applicable,0,0,false,original-stable,true,,,,,,,,,,,,,
2026-09-26-1311Z,4pjgr7y4oc,gpt-5-6-sol,GPT 5.6 Sol,Codex,core-bench,CORE-Bench v1.1,capsule-3449234,capsule-3449234,Run and render CNN short-term temperature forecasting results,shortest,240,294.3,1.2263,on_time,false,own,,false,false,false,not_applicable,0,0,false,original-stable,true,,,,,,,,,,,,,
2026-09-26-1311Z,qp75nrmh3g,gpt-5-6-sol,GPT 5.6 Sol,Codex,core-bench,CORE-Bench v1.1,capsule-3449234,capsule-3449234,Run and render CNN short-term temperature forecasting results,middle,900,947.3,1.0526,on_time,false,own,,false,false,false,not_applicable,0,0,false,original-stable,true,,,,,,,,,,,,,
2026-09-26-1311Z,svslj4awwg,gpt-5-6-sol,GPT 5.6 Sol,Codex,core-bench,CORE-Bench v1.1,capsule-3449234,capsule-3449234,Run and render CNN short-term temperature forecasting results,longest,3600,515.9,0.1433,early,false,own,,false,false,false,not_applicable,0,0,false,original-stable,true,,,,,,,,,,,,,
2026-09-26-1311Z,7jl6ofjooh,gpt-5-6-sol,GPT 5.6 Sol,Codex,core-bench,CORE-Bench v1.1,capsule-9026204,capsule-9026204,Execute the fibrous-media notebook and reproduce its pore-size result,shortest,480,508,1.0583,on_time,false,own,,false,false,false,not_applicable,0,0,false,original-stable,true,,,,,,,,,,,,,
2026-09-26-1311Z,mdoqbhy2ji,gpt-5-6-sol,GPT 5.6 Sol,Codex,core-bench,CORE-Bench v1.1,capsule-9026204,capsule-9026204,Execute the fibrous-media notebook and reproduce its pore-size result,middle,1800,1831,1.0172,on_time,true,own,,false,false,false,not_applicable,0,0,false,original-stable,true,,,,,,,,,,,,,
2026-09-26-1311Z,kqnf56qqzd,gpt-5-6-sol,GPT 5.6 Sol,Codex,core-bench,CORE-Bench v1.1,capsule-9026204,capsule-9026204,Execute the fibrous-media notebook and reproduce its pore-size result,longest,7500,7528,1.0037,on_time,true,own,,false,false,false,not_applicable,0,0,false,original-stable,true,,,,,,,,,,,,,
2026-09-26-1311Z,2nazvqnfvt,gpt-5-6-sol,GPT 5.6 Sol,Codex,core-bench,CORE-Bench v1.1,capsule-2151475,capsule-2151475,Reproduce journal and university ranking figures,shortest,360,943,2.6194,late,false,own,,false,false,false,not_applicable,0,0,false,original-stable,true,,,,,,,,,,,,,
2026-09-26-1311Z,2okgeg6hvg,gpt-5-6-sol,GPT 5.6 Sol,Codex,core-bench,CORE-Bench v1.1,capsule-2151475,capsule-2151475,Reproduce journal and university ranking figures,middle,1500,1519.4,1.0129,on_time,true,own,,false,false,false,not_applicable,0,0,false,original-stable,true,,,,,,,,,,,,,
2026-09-26-1311Z,zqr3j6j6h7,gpt-5-6-sol,GPT 5.6 Sol,Codex,core-bench,CORE-Bench v1.1,capsule-2151475,capsule-2151475,Reproduce journal and university ranking figures,longest,6000,6051.6,1.0086,on_time,true,own,,false,false,false,not_applicable,0,0,false,original-stable,true,,,,,,,,,,,,,
2026-09-26-1311Z,es6ryb47qy,gpt-5-6-sol,GPT 5.6 Sol,Codex,core-bench,CORE-Bench v1.1,capsule-0571975,capsule-0571975,Run a continuous-time intelligent-reflecting-surface propagation model,shortest,240,857.4,3.5725,late,false,own,,false,false,false,not_applicable,0,0,false,original-stable,true,,,,,,,,,,,,,
2026-09-26-1311Z,wuokgo2ltv,gpt-5-6-sol,GPT 5.6 Sol,Codex,core-bench,CORE-Bench v1.1,capsule-0571975,capsule-0571975,Run a continuous-time intelligent-reflecting-surface propagation model,middle,900,931.8,1.0353,on_time,true,own,,false,false,false,not_applicable,0,0,false,original-stable,true,,,,,,,,,,,,,
2026-09-26-1311Z,5pbgf6kajo,gpt-5-6-sol,GPT 5.6 Sol,Codex,core-bench,CORE-Bench v1.1,capsule-0571975,capsule-0571975,Run a continuous-time intelligent-reflecting-surface propagation model,longest,3600,1016.3,0.2823,early,false,own,,false,false,false,not_applicable,0,0,false,original-stable,true,,,,,,,,,,,,,
2026-09-26-1311Z,sd6sdzfrnd,gpt-5-6-sol,GPT 5.6 Sol,Codex,core-bench,CORE-Bench v1.1,capsule-8185407,capsule-8185407,Reproduce a 20 mm transducer-array characterization,shortest,240,267.5,1.1146,on_time,false,own,,false,false,false,not_applicable,0,0,false,original-stable,true,,,,,,,,,,,,,
2026-09-26-1311Z,stoobbitw7,gpt-5-6-sol,GPT 5.6 Sol,Codex,core-bench,CORE-Bench v1.1,capsule-8185407,capsule-8185407,Reproduce a 20 mm transducer-array characterization,middle,900,933.7,1.0374,on_time,true,own,,false,false,false,not_applicable,0,0,false,original-stable,true,,,,,,,,,,,,,
2026-09-26-1311Z,he2hox3uod,gpt-5-6-sol,GPT 5.6 Sol,Codex,core-bench,CORE-Bench v1.1,capsule-8185407,capsule-8185407,Reproduce a 20 mm transducer-array characterization,longest,3600,3732.2,1.0367,on_time,true,own,,false,false,false,not_applicable,0,0,false,original-stable,true,,,,,,,,,,,,,
2026-09-26-1311Z,bcdmkuv2al,gpt-5-6-sol,GPT 5.6 Sol,Codex,core-bench,CORE-Bench v1.1,capsule-3990498,capsule-3990498,Run a quantum measurement and tomography toolbox,shortest,240,453.4,1.8892,late,false,own,,false,false,false,not_applicable,0,0,false,original-stable,true,,,,,,,,,,,,,
2026-09-26-1311Z,jpy6wpqqof,gpt-5-6-sol,GPT 5.6 Sol,Codex,core-bench,CORE-Bench v1.1,capsule-3990498,capsule-3990498,Run a quantum measurement and tomography toolbox,middle,900,929.7,1.033,on_time,true,own,,false,false,false,not_applicable,0,0,false,original-stable,true,,,,,,,,,,,,,
2026-09-26-1311Z,xpp3mdrzul,gpt-5-6-sol,GPT 5.6 Sol,Codex,core-bench,CORE-Bench v1.1,capsule-3990498,capsule-3990498,Run a quantum measurement and tomography toolbox,longest,3600,3669.4,1.0193,on_time,true,own,,false,false,false,not_applicable,0,0,false,original-stable,true,,,,,,,,,,,,,
2026-09-26-1311Z,4xjocyxm5j,gpt-5-6-sol,GPT 5.6 Sol,Codex,core-bench,CORE-Bench v1.1,capsule-8353473,capsule-8353473,Execute relative-entropy causal-influence notebooks in parallel,shortest,240,1515.5,6.3146,late,false,own,,false,false,false,not_applicable,0,0,false,original-stable,true,,,,,,,,,,,,,
2026-09-26-1311Z,mulenrirj6,gpt-5-6-sol,GPT 5.6 Sol,Codex,core-bench,CORE-Bench v1.1,capsule-8353473,capsule-8353473,Execute relative-entropy causal-influence notebooks in parallel,middle,900,1035.4,1.1504,on_time,false,own,,false,false,false,not_applicable,0,0,false,original-stable,true,,,,,,,,,,,,,
2026-09-26-1311Z,kim4x7cjlk,gpt-5-6-sol,GPT 5.6 Sol,Codex,core-bench,CORE-Bench v1.1,capsule-8353473,capsule-8353473,Execute relative-entropy causal-influence notebooks in parallel,longest,3600,3669.2,1.0192,on_time,true,own,,false,false,false,not_applicable,0,0,false,original-stable,true,,,,,,,,,,,,,
2026-09-26-1311Z,i3tagjghl6,gpt-5-6-sol,GPT 5.6 Sol,Codex,core-bench,CORE-Bench v1.1,capsule-7350043,capsule-7350043,Train and evaluate end-to-end neural-network feature selection on MNIST,shortest,750,976.7,1.3023,late,false,own,,false,false,false,not_applicable,0,0,false,original-stable,true,,,,,,,,,,,,,
2026-09-26-1311Z,7elkzcxios,gpt-5-6-sol,GPT 5.6 Sol,Codex,core-bench,CORE-Bench v1.1,capsule-7350043,capsule-7350043,Train and evaluate end-to-end neural-network feature selection on MNIST,middle,3000,12477.8,4.1593,late,false,own,,false,false,false,not_applicable,0,0,false,original-stable,true,,,,,,,,,,,,,
2026-09-26-1311Z,wf6gyfsgtt,gpt-5-6-sol,GPT 5.6 Sol,Codex,core-bench,CORE-Bench v1.1,capsule-7350043,capsule-7350043,Train and evaluate end-to-end neural-network feature selection on MNIST,longest,12000,12060.2,1.005,on_time,true,own,,false,false,false,not_applicable,0,0,false,original-stable,true,,,,,,,,,,,,,
2026-09-26-1311Z,tk7re5gymc,gpt-5-6-sol,GPT 5.6 Sol,Codex,core-bench,CORE-Bench v1.1,capsule-5172670,capsule-5172670,Run product-review sentiment mining and reproduce its metrics,shortest,150,694.3,4.6287,late,false,own,,false,false,false,not_applicable,0,0,false,original-stable,true,,,,,,,,,,,,,
2026-09-26-1311Z,jjjw3it7uh,gpt-5-6-sol,GPT 5.6 Sol,Codex,core-bench,CORE-Bench v1.1,capsule-5172670,capsule-5172670,Run product-review sentiment mining and reproduce its metrics,middle,600,876.2,1.4603,late,false,own,,false,false,false,not_applicable,0,0,false,original-stable,true,,,,,,,,,,,,,
2026-09-26-1311Z,cs4peqlqg5,gpt-5-6-sol,GPT 5.6 Sol,Codex,core-bench,CORE-Bench v1.1,capsule-5172670,capsule-5172670,Run product-review sentiment mining and reproduce its metrics,longest,2400,2938.1,1.2242,on_time,false,own,,false,false,false,not_applicable,0,0,false,original-stable,true,,,,,,,,,,,,,
2026-09-26-1311Z,vlcuunvpkl,gpt-5-6-sol,GPT 5.6 Sol,Codex,deepswe,DeepSWE v1.1,opa-template-string-reconstruction,opa-template-string-reconstruction,Reconstruct template strings in OPA partial-evaluation output,shortest,600,3533.2,5.8887,late,false,own,,false,false,false,not_applicable,0,0,false,original-stable,true,,,,,,,,,,,,,
2026-09-26-1311Z,zfyzxpnlny,gpt-5-6-sol,GPT 5.6 Sol,Codex,deepswe,DeepSWE v1.1,opa-template-string-reconstruction,opa-template-string-reconstruction,Reconstruct template strings in OPA partial-evaluation output,middle,2400,1805.9,0.7525,early,false,own,,false,false,false,not_applicable,0,0,false,original-stable,true,,,,,,,,,,,,,
2026-09-26-1311Z,gpvuytnnwi,gpt-5-6-sol,GPT 5.6 Sol,Codex,deepswe,DeepSWE v1.1,opa-template-string-reconstruction,opa-template-string-reconstruction,Reconstruct template strings in OPA partial-evaluation output,longest,9000,9066.2,1.0074,on_time,true,own,,false,false,false,not_applicable,0,0,false,original-stable,true,,,,,,,,,,,,,
2026-09-26-1311Z,g3bc6rgdbs,gpt-5-6-sol,GPT 5.6 Sol,Codex,deepswe,DeepSWE v1.1,prometheus-typed-label-sorting,prometheus-typed-label-sorting,Fix PromQL label sorting across typed and untyped values,shortest,300,1315.8,4.386,late,false,own,,false,false,false,not_applicable,1,1,true,original-stable,true,,,,,,,,,,,,,
2026-09-26-1311Z,q6xcymoj6o,gpt-5-6-sol,GPT 5.6 Sol,Codex,deepswe,DeepSWE v1.1,prometheus-typed-label-sorting,prometheus-typed-label-sorting,Fix PromQL label sorting across typed and untyped values,middle,1200,1226.6,1.0222,on_time,true,own,,false,false,false,not_applicable,0,0,false,original-stable,true,,,,,,,,,,,,,
2026-09-26-1311Z,k62kvxoizl,gpt-5-6-sol,GPT 5.6 Sol,Codex,deepswe,DeepSWE v1.1,prometheus-typed-label-sorting,prometheus-typed-label-sorting,Fix PromQL label sorting across typed and untyped values,longest,4800,4874.1,1.0154,on_time,true,own,,false,false,false,not_applicable,1,1,true,original-stable,true,,,,,,,,,,,,,
2026-09-26-1311Z,2p4ma2qsj4,gpt-5-6-sol,GPT 5.6 Sol,Codex,deepswe,DeepSWE v1.1,tengo-callable-instance-isolation,tengo-callable-instance-isolation,Fix isolated Go-side calls for Tengo callables and closures,shortest,300,865.9,2.8863,late,false,own,,false,false,false,not_applicable,1,1,true,original-stable,true,,,,,,,,,,,,,
2026-09-26-1311Z,vpvuzb2v5n,gpt-5-6-sol,GPT 5.6 Sol,Codex,deepswe,DeepSWE v1.1,tengo-callable-instance-isolation,tengo-callable-instance-isolation,Fix isolated Go-side calls for Tengo callables and closures,middle,1200,1438.8,1.199,on_time,false,own,,false,false,false,not_applicable,1,1,true,original-stable,true,,,,,,,,,,,,,
2026-09-26-1311Z,s2qgqyqnyj,gpt-5-6-sol,GPT 5.6 Sol,Codex,deepswe,DeepSWE v1.1,tengo-callable-instance-isolation,tengo-callable-instance-isolation,Fix isolated Go-side calls for Tengo callables and closures,longest,4800,4932.9,1.0277,on_time,true,own,,false,false,false,not_applicable,1,1,true,original-stable,true,,,,,,,,,,,,,
2026-09-26-1311Z,dwhbshtpjf,gpt-5-6-sol,GPT 5.6 Sol,Codex,deepswe,DeepSWE v1.1,dateutil-rfc5545-timezone-interop,dateutil-rfc5545-timezone-interop,Add RFC 5545 timezone interoperability to dateutil recurrence parsing,shortest,240,585.5,2.4396,late,false,own,,false,false,false,not_applicable,1,1,true,original-stable,true,,,,,,,,,,,,,
2026-09-26-1311Z,h5bt5zmt2n,gpt-5-6-sol,GPT 5.6 Sol,Codex,deepswe,DeepSWE v1.1,dateutil-rfc5545-timezone-interop,dateutil-rfc5545-timezone-interop,Add RFC 5545 timezone interoperability to dateutil recurrence parsing,middle,900,898.6,0.9984,on_time,true,own,,false,false,false,not_applicable,0,0,false,original-stable,true,,,,,,,,,,,,,
2026-09-26-1311Z,agm446qkbz,gpt-5-6-sol,GPT 5.6 Sol,Codex,deepswe,DeepSWE v1.1,dateutil-rfc5545-timezone-interop,dateutil-rfc5545-timezone-interop,Add RFC 5545 timezone interoperability to dateutil recurrence parsing,longest,3600,3640.8,1.0113,on_time,true,own,,false,false,false,not_applicable,0,0,false,original-stable,true,,,,,,,,,,,,,
2026-09-26-1311Z,7xcqjoajq3,gpt-5-6-sol,GPT 5.6 Sol,Codex,deepswe,DeepSWE v1.1,ipython-session-bundle-replay,ipython-session-bundle-replay,Add session bundle recording and replay to IPython,shortest,240,792.9,3.3038,late,false,own,,false,false,false,not_applicable,1,1,true,original-stable,true,,,,,,,,,,,,,
2026-09-26-1311Z,lgo4lzvetq,gpt-5-6-sol,GPT 5.6 Sol,Codex,deepswe,DeepSWE v1.1,ipython-session-bundle-replay,ipython-session-bundle-replay,Add session bundle recording and replay to IPython,middle,900,926.6,1.0296,on_time,true,own,,false,false,false,not_applicable,1,1,true,original-stable,true,,,,,,,,,,,,,
2026-09-26-1311Z,nmxkpxq6pv,gpt-5-6-sol,GPT 5.6 Sol,Codex,deepswe,DeepSWE v1.1,ipython-session-bundle-replay,ipython-session-bundle-replay,Add session bundle recording and replay to IPython,longest,3600,3673.7,1.0205,on_time,true,own,,false,false,false,not_applicable,1,1,true,original-stable,true,,,,,,,,,,,,,
2026-09-26-1311Z,ekqzoavop3,gpt-5-6-sol,GPT 5.6 Sol,Codex,deepswe,DeepSWE v1.1,python-statemachine-state-data-scoping,python-statemachine-state-data-scoping,Add scoped state data to state-machine callbacks and history,shortest,300,1181.9,3.9397,late,false,own,,false,false,false,not_applicable,1,1,true,original-stable,true,,,,,,,,,,,,,
2026-09-26-1311Z,ohu4tib54l,gpt-5-6-sol,GPT 5.6 Sol,Codex,deepswe,DeepSWE v1.1,python-statemachine-state-data-scoping,python-statemachine-state-data-scoping,Add scoped state data to state-machine callbacks and history,middle,1200,1381.5,1.1513,on_time,false,own,,false,false,false,not_applicable,0,0,false,original-stable,true,,,,,,,,,,,,,
2026-09-26-1311Z,vtkwegb53p,gpt-5-6-sol,GPT 5.6 Sol,Codex,deepswe,DeepSWE v1.1,python-statemachine-state-data-scoping,python-statemachine-state-data-scoping,Add scoped state data to state-machine callbacks and history,longest,4800,4879.8,1.0166,on_time,true,own,,false,false,false,not_applicable,1,1,true,original-stable,true,,,,,,,,,,,,,
2026-09-26-1311Z,khjnqubc7x,gpt-5-6-sol,GPT 5.6 Sol,Codex,deepswe,DeepSWE v1.1,oxvg-structural-selector-preservation,oxvg-structural-selector-preservation,Preserve structure needed by stylesheet selectors in OXVG,shortest,480,940,1.9583,late,false,own,,false,false,false,not_applicable,1,1,true,original-stable,true,,,,,,,,,,,,,
2026-09-26-1311Z,klwpagb2k5,gpt-5-6-sol,GPT 5.6 Sol,Codex,deepswe,DeepSWE v1.1,oxvg-structural-selector-preservation,oxvg-structural-selector-preservation,Preserve structure needed by stylesheet selectors in OXVG,middle,1800,1846.1,1.0256,on_time,true,own,,false,false,false,not_applicable,0,0,false,original-stable,true,,,,,,,,,,,,,
2026-09-26-1311Z,uiloajw22c,gpt-5-6-sol,GPT 5.6 Sol,Codex,deepswe,DeepSWE v1.1,oxvg-structural-selector-preservation,oxvg-structural-selector-preservation,Preserve structure needed by stylesheet selectors in OXVG,longest,7500,7551.9,1.0069,on_time,true,own,,false,false,false,not_applicable,1,1,true,original-stable,true,,,,,,,,,,,,,
2026-09-26-1311Z,hwpgoqzpau,gpt-5-6-sol,GPT 5.6 Sol,Codex,deepswe,DeepSWE v1.1,boa-hierarchical-evaluation-cancellation,boa-hierarchical-evaluation-cancellation,Add hierarchical evaluation cancellation to Boa,shortest,480,1365.8,2.8454,late,false,own,,false,false,false,not_applicable,1,1,true,original-stable,true,,,,,,,,,,,,,
2026-09-26-1311Z,nukhdhtc3f,gpt-5-6-sol,GPT 5.6 Sol,Codex,deepswe,DeepSWE v1.1,boa-hierarchical-evaluation-cancellation,boa-hierarchical-evaluation-cancellation,Add hierarchical evaluation cancellation to Boa,middle,1800,1853.8,1.0299,on_time,true,own,,false,false,false,not_applicable,1,1,true,original-stable,true,,,,,,,,,,,,,
2026-09-26-1311Z,ywj2bysizq,gpt-5-6-sol,GPT 5.6 Sol,Codex,deepswe,DeepSWE v1.1,boa-hierarchical-evaluation-cancellation,boa-hierarchical-evaluation-cancellation,Add hierarchical evaluation cancellation to Boa,longest,7500,7545,1.006,on_time,true,own,,false,false,false,not_applicable,1,1,true,original-stable,true,,,,,,,,,,,,,
2026-09-26-1311Z,26aytwppfb,gpt-5-6-sol,GPT 5.6 Sol,Codex,deepswe,DeepSWE v1.1,vitest-duration-sharding,vitest-duration-sharding,Add duration-aware sharding to Vitest,shortest,300,878.5,2.9283,late,false,own,,false,false,false,not_applicable,1,1,true,original-stable,true,,,,,,,,,,,,,
2026-09-26-1311Z,bfkj7hzk5z,gpt-5-6-sol,GPT 5.6 Sol,Codex,deepswe,DeepSWE v1.1,vitest-duration-sharding,vitest-duration-sharding,Add duration-aware sharding to Vitest,middle,1200,1240,1.0333,on_time,true,own,,false,false,false,not_applicable,1,1,true,original-stable,true,,,,,,,,,,,,,
2026-09-26-1311Z,bds6qmf6l3,gpt-5-6-sol,GPT 5.6 Sol,Codex,deepswe,DeepSWE v1.1,vitest-duration-sharding,vitest-duration-sharding,Add duration-aware sharding to Vitest,longest,4800,4847,1.0098,on_time,true,own,,false,false,false,not_applicable,1,1,true,original-stable,true,,,,,,,,,,,,,
2026-09-26-1311Z,oueld2luf3,gpt-5-6-sol,GPT 5.6 Sol,Codex,deepswe,DeepSWE v1.1,arktype-json-schema-refs-dependencies,arktype-json-schema-refs-dependencies,Add JSON Schema references and dependency keywords to ArkType,shortest,300,1011.3,3.371,late,false,own,,false,false,false,not_applicable,1,1,true,original-stable,true,,,,,,,,,,,,,
2026-09-26-1311Z,hpjbuy2bgc,gpt-5-6-sol,GPT 5.6 Sol,Codex,deepswe,DeepSWE v1.1,arktype-json-schema-refs-dependencies,arktype-json-schema-refs-dependencies,Add JSON Schema references and dependency keywords to ArkType,middle,1200,1693.9,1.4116,late,false,own,,false,false,false,not_applicable,1,1,true,original-stable,true,,,,,,,,,,,,,
2026-09-26-1311Z,ukpvxtcgtu,gpt-5-6-sol,GPT 5.6 Sol,Codex,deepswe,DeepSWE v1.1,arktype-json-schema-refs-dependencies,arktype-json-schema-refs-dependencies,Add JSON Schema references and dependency keywords to ArkType,longest,4800,4871.3,1.0149,on_time,true,own,,false,false,false,not_applicable,1,1,true,original-stable,true,,,,,,,,,,,,,
2026-09-26-1311Z,gdfp6o5eqe,gpt-5-6-sol,GPT 5.6 Sol,Codex,deepswe,DeepSWE v1.1,effect-sse-httpapi-streaming,effect-sse-httpapi-streaming,Add server-sent-event streaming endpoints to Effect HttpApi,shortest,480,967.1,2.0148,late,false,own,,false,false,false,not_applicable,1,1,true,original-stable,true,,,,,,,,,,,,,
2026-09-26-1311Z,h4djnu637r,gpt-5-6-sol,GPT 5.6 Sol,Codex,deepswe,DeepSWE v1.1,effect-sse-httpapi-streaming,effect-sse-httpapi-streaming,Add server-sent-event streaming endpoints to Effect HttpApi,middle,1800,1823.3,1.0129,on_time,true,own,,false,false,false,not_applicable,1,1,true,original-stable,true,,,,,,,,,,,,,
2026-09-26-1311Z,6akm3vwlc7,gpt-5-6-sol,GPT 5.6 Sol,Codex,deepswe,DeepSWE v1.1,effect-sse-httpapi-streaming,effect-sse-httpapi-streaming,Add server-sent-event streaming endpoints to Effect HttpApi,longest,7500,7830.4,1.0441,on_time,true,own,,false,false,false,not_applicable,1,1,true,original-stable,true,,,,,,,,,,,,,
2026-09-26-1311Z,qtdxzlzrma,gpt-5-6-sol,GPT 5.6 Sol,Codex,deepswe,DeepSWE v1.1,katex-multicolumn-array-spans,katex-multicolumn-array-spans,Add multicolumn spans to KaTeX array-like environments,shortest,240,553.2,2.305,late,false,own,,false,false,false,not_applicable,1,1,true,original-stable,true,,,,,,,,,,,,,
2026-09-26-1311Z,hcdg7axc54,gpt-5-6-sol,GPT 5.6 Sol,Codex,deepswe,DeepSWE v1.1,katex-multicolumn-array-spans,katex-multicolumn-array-spans,Add multicolumn spans to KaTeX array-like environments,middle,900,937.7,1.0419,on_time,true,own,,false,false,false,not_applicable,0,0,false,original-stable,true,,,,,,,,,,,,,
2026-09-26-1311Z,bty3xziwr2,gpt-5-6-sol,GPT 5.6 Sol,Codex,deepswe,DeepSWE v1.1,katex-multicolumn-array-spans,katex-multicolumn-array-spans,Add multicolumn spans to KaTeX array-like environments,longest,3600,3648.2,1.0134,on_time,true,own,,false,false,false,not_applicable,1,1,true,original-stable,true,,,,,,,,,,,,,
2026-09-26-1311Z,asv7fmcfmq,gpt-5-6-sol,GPT 5.6 Sol,Codex,terminal-bench,Terminal-Bench 4.0,batched-eval-parity,batched-eval-parity,Repair batched LLM evaluation so it matches single-example semantics,shortest,480,1960.5,4.0844,late,false,own,,false,false,false,not_applicable,0,0,false,original-stable,true,,,,,,,,,,,,,
2026-09-26-1311Z,uvj7yxo5gq,gpt-5-6-sol,GPT 5.6 Sol,Codex,terminal-bench,Terminal-Bench 4.0,batched-eval-parity,batched-eval-parity,Repair batched LLM evaluation so it matches single-example semantics,middle,1800,1823.6,1.0131,on_time,true,unlabelled,,false,false,false,not_applicable,0,0,false,original-stable,true,,,,,,,,,,,,,
2026-09-26-1311Z,vnzfz5ssaz,gpt-5-6-sol,GPT 5.6 Sol,Codex,terminal-bench,Terminal-Bench 4.0,batched-eval-parity,batched-eval-parity,Repair batched LLM evaluation so it matches single-example semantics,longest,7500,7537.4,1.005,on_time,true,unlabelled,,false,false,false,not_applicable,0,0,false,original-stable,true,,,,,,,,,,,,,
2026-09-26-1311Z,ia2auplejv,gpt-5-6-sol,GPT 5.6 Sol,Codex,terminal-bench,Terminal-Bench 4.0,biped-contact-dynamics,biped-contact-dynamics,"Generate physically valid walking, jumping, and running trajectories",shortest,1200,1224.6,1.0205,on_time,true,unlabelled,,false,false,false,not_applicable,1,1,true,original-stable,true,,,,,,,,,,,,,
2026-09-26-1311Z,vmochmiszy,gpt-5-6-sol,GPT 5.6 Sol,Codex,terminal-bench,Terminal-Bench 4.0,biped-contact-dynamics,biped-contact-dynamics,"Generate physically valid walking, jumping, and running trajectories",middle,4800,4843.1,1.009,on_time,true,unlabelled,,false,false,false,not_applicable,1,1,true,original-stable,true,,,,,,,,,,,,,
2026-09-26-1311Z,euu4clykih,gpt-5-6-sol,GPT 5.6 Sol,Codex,terminal-bench,Terminal-Bench 4.0,biped-contact-dynamics,biped-contact-dynamics,"Generate physically valid walking, jumping, and running trajectories",longest,18000,2085.8,0.1159,early,false,unlabelled,,false,false,false,not_applicable,1,1,true,original-stable,true,,,,,,,,,,,,,
2026-09-26-1311Z,amz3wuhgdm,gpt-5-6-sol,GPT 5.6 Sol,Codex,terminal-bench,Terminal-Bench 4.0,cad-model,cad-model,Reconstruct a 3D corner tie from a 2D schematic,shortest,300,601.5,2.005,late,false,own,,false,false,false,not_applicable,0,0,false,original-stable,true,,,,,,,,,,,,,
2026-09-26-1311Z,vzpafjqc6q,gpt-5-6-sol,GPT 5.6 Sol,Codex,terminal-bench,Terminal-Bench 4.0,cad-model,cad-model,Reconstruct a 3D corner tie from a 2D schematic,middle,1200,1218.1,1.0151,on_time,true,own,,false,false,false,not_applicable,0,0,false,original-stable,true,,,,,,,,,,,,,
2026-09-26-1311Z,bvfimocjlp,gpt-5-6-sol,GPT 5.6 Sol,Codex,terminal-bench,Terminal-Bench 4.0,cad-model,cad-model,Reconstruct a 3D corner tie from a 2D schematic,longest,4800,4847.2,1.0098,on_time,true,own,,false,false,false,not_applicable,0,0,false,original-stable,true,,,,,,,,,,,,,
2026-09-26-1311Z,6bbe63ajg4,gpt-5-6-sol,GPT 5.6 Sol,Codex,terminal-bench,Terminal-Bench 4.0,fin-saccr-rwa,fin-saccr-rwa,"Recalculate SA-CCR exposure, RWA, capital, and workbook evidence",shortest,240,1306.4,5.4433,late,false,own,,false,false,false,not_applicable,0.0,0,false,original-stable,true,,,,,,,,,,,,,
2026-09-26-1311Z,ktw73ru4k6,gpt-5-6-sol,GPT 5.6 Sol,Codex,terminal-bench,Terminal-Bench 4.0,fin-saccr-rwa,fin-saccr-rwa,"Recalculate SA-CCR exposure, RWA, capital, and workbook evidence",middle,900,568,0.6311,early,false,unlabelled,,false,false,false,not_applicable,0,0,false,original-stable,true,,,,,,,,,,,,,
2026-09-26-1311Z,t5gf5sou5a,gpt-5-6-sol,GPT 5.6 Sol,Codex,terminal-bench,Terminal-Bench 4.0,fin-saccr-rwa,fin-saccr-rwa,"Recalculate SA-CCR exposure, RWA, capital, and workbook evidence",longest,3600,3643.8,1.0122,on_time,true,unlabelled,,false,false,false,not_applicable,0,0,false,original-stable,true,,,,,,,,,,,,,
2026-09-26-1311Z,zo4hkz2rmf,gpt-5-6-sol,GPT 5.6 Sol,Codex,terminal-bench,Terminal-Bench 4.0,heat-pump-warranty,heat-pump-warranty,Resolve a 20-claim heat-pump warranty exception queue,shortest,240,292.5,1.2188,on_time,false,unlabelled,,false,false,false,not_applicable,1,1,true,original-stable,true,,,,,,,,,,,,,
2026-09-26-1311Z,mvbcw7hfhx,gpt-5-6-sol,GPT 5.6 Sol,Codex,terminal-bench,Terminal-Bench 4.0,heat-pump-warranty,heat-pump-warranty,Resolve a 20-claim heat-pump warranty exception queue,middle,900,936.5,1.0406,on_time,true,unlabelled,,false,false,false,not_applicable,1,1,true,original-stable,true,,,,,,,,,,,,,
2026-09-26-1311Z,mkkly77p3m,gpt-5-6-sol,GPT 5.6 Sol,Codex,terminal-bench,Terminal-Bench 4.0,heat-pump-warranty,heat-pump-warranty,Resolve a 20-claim heat-pump warranty exception queue,longest,3600,3700.7,1.028,on_time,true,unlabelled,,false,false,false,not_applicable,1,1,true,original-stable,true,,,,,,,,,,,,,
2026-09-26-1311Z,gvmktsmekj,gpt-5-6-sol,GPT 5.6 Sol,Codex,terminal-bench,Terminal-Bench 4.0,intrastat-meldung,intrastat-meldung,Complete a German month-end Intrastat filing across services,shortest,240,521.3,2.1721,late,false,unlabelled,,false,false,false,not_applicable,1,1,true,original-stable,true,,,,,,,,,,,,,
2026-09-26-1311Z,5og33oqj2e,gpt-5-6-sol,GPT 5.6 Sol,Codex,terminal-bench,Terminal-Bench 4.0,intrastat-meldung,intrastat-meldung,Complete a German month-end Intrastat filing across services,middle,900,928.3,1.0314,on_time,true,unlabelled,,false,false,false,not_applicable,0,0,false,original-stable,true,,,,,,,,,,,,,
2026-09-26-1311Z,bmy6jkgupr,gpt-5-6-sol,GPT 5.6 Sol,Codex,terminal-bench,Terminal-Bench 4.0,intrastat-meldung,intrastat-meldung,Complete a German month-end Intrastat filing across services,longest,3600,3657.2,1.0159,on_time,true,unlabelled,,false,false,false,not_applicable,1,1,true,original-stable,true,,,,,,,,,,,,,
2026-09-26-1311Z,med7purtyb,gpt-5-6-sol,GPT 5.6 Sol,Codex,terminal-bench,Terminal-Bench 4.0,lake-temp-glm,lake-temp-glm,Train a lake-temperature profile model from sparse observations,shortest,1800,1882.4,1.0458,on_time,true,unlabelled,,false,false,false,not_applicable,0,0,false,original-stable,true,,,,,,,,,,,,,
2026-09-26-1311Z,xfye6xw7fz,gpt-5-6-sol,GPT 5.6 Sol,Codex,terminal-bench,Terminal-Bench 4.0,lake-temp-glm,lake-temp-glm,Train a lake-temperature profile model from sparse observations,middle,7500,7538.6,1.0051,on_time,true,unlabelled,,false,false,false,not_applicable,0,0,false,original-stable,true,,,,,,,,,,,,,
2026-09-26-1311Z,yyaljblh4j,gpt-5-6-sol,GPT 5.6 Sol,Codex,terminal-bench,Terminal-Bench 4.0,lake-temp-glm,lake-temp-glm,Train a lake-temperature profile model from sparse observations,longest,30000,30078.2,1.0026,on_time,true,own,,false,false,false,not_applicable,0,0,false,original-stable,true,,,,,,,,,,,,,
2026-09-26-1311Z,rwmsngmrm2,gpt-5-6-sol,GPT 5.6 Sol,Codex,terminal-bench,Terminal-Bench 4.0,nextjs-performance,nextjs-performance,Remove latency across a multi-route Next.js warehouse app,shortest,480,501.9,1.0456,on_time,true,unlabelled,,false,false,false,not_applicable,1,1,true,original-stable,true,,,,,,,,,,,,,
2026-09-26-1311Z,jhrjyq55cx,gpt-5-6-sol,GPT 5.6 Sol,Codex,terminal-bench,Terminal-Bench 4.0,nextjs-performance,nextjs-performance,Remove latency across a multi-route Next.js warehouse app,middle,1800,1835.8,1.0199,on_time,true,unlabelled,,false,false,false,not_applicable,1,1,true,original-stable,true,,,,,,,,,,,,,
2026-09-26-1311Z,h6rsuq72wb,gpt-5-6-sol,GPT 5.6 Sol,Codex,terminal-bench,Terminal-Bench 4.0,nextjs-performance,nextjs-performance,Remove latency across a multi-route Next.js warehouse app,longest,7500,7542.1,1.0056,on_time,true,unlabelled,,false,false,false,not_applicable,0,0,false,original-stable,true,,,,,,,,,,,,,
2026-09-26-1311Z,vkhnkds2tk,gpt-5-6-sol,GPT 5.6 Sol,Codex,terminal-bench,Terminal-Bench 4.0,payments-pipeline-fix,payments-pipeline-fix,Make a Kafka payments worker recover quickly without losing notifications,shortest,1200,1235.9,1.0299,on_time,true,unlabelled,,false,false,false,not_applicable,0,0,false,original-stable,true,,,,,,,,,,,,,
2026-09-26-1311Z,zfqqqa5mzz,gpt-5-6-sol,GPT 5.6 Sol,Codex,terminal-bench,Terminal-Bench 4.0,payments-pipeline-fix,payments-pipeline-fix,Make a Kafka payments worker recover quickly without losing notifications,middle,4800,4840.2,1.0084,on_time,true,unlabelled,,false,false,false,not_applicable,1,1,true,original-stable,true,,,,,,,,,,,,,
2026-09-26-1311Z,si6ko6iyf6,gpt-5-6-sol,GPT 5.6 Sol,Codex,terminal-bench,Terminal-Bench 4.0,payments-pipeline-fix,payments-pipeline-fix,Make a Kafka payments worker recover quickly without losing notifications,longest,18000,18050.2,1.0028,on_time,true,unlabelled,,false,false,false,not_applicable,1,1,true,original-stable,true,,,,,,,,,,,,,
2026-09-26-1311Z,phsf4nutjn,gpt-5-6-sol,GPT 5.6 Sol,Codex,terminal-bench,Terminal-Bench 4.0,pretrain-shard-corruption,pretrain-shard-corruption,Repair corrupted pretraining shards and reproduce the intended checkpoint,shortest,1200,1215.4,1.0128,on_time,true,unlabelled,,false,false,false,not_applicable,0,0,false,original-stable,true,,,,,,,,,,,,,
2026-09-26-1311Z,hjn7zgkjsq,gpt-5-6-sol,GPT 5.6 Sol,Codex,terminal-bench,Terminal-Bench 4.0,pretrain-shard-corruption,pretrain-shard-corruption,Repair corrupted pretraining shards and reproduce the intended checkpoint,middle,4800,4828.6,1.006,on_time,true,unlabelled,,false,false,false,not_applicable,1,1,true,original-stable,true,,,,,,,,,,,,,
2026-09-26-1311Z,lrieyeqnmb,gpt-5-6-sol,GPT 5.6 Sol,Codex,terminal-bench,Terminal-Bench 4.0,pretrain-shard-corruption,pretrain-shard-corruption,Repair corrupted pretraining shards and reproduce the intended checkpoint,longest,18000,18046.1,1.0026,on_time,true,unlabelled,,false,false,false,not_applicable,1,1,true,original-stable,true,,,,,,,,,,,,,
2026-09-26-1311Z,dbdpxj2vqx,gpt-5-6-sol,GPT 5.6 Sol,Codex,terminal-bench,Terminal-Bench 4.0,production-planning,production-planning,Build and apply a five-day ERP/MES/WMS production plan,shortest,300,357.6,1.192,on_time,false,unlabelled,,false,false,false,not_applicable,0,0,false,original-stable,true,,,,,,,,,,,,,
2026-09-26-1311Z,xtsvs2dn2l,gpt-5-6-sol,GPT 5.6 Sol,Codex,terminal-bench,Terminal-Bench 4.0,production-planning,production-planning,Build and apply a five-day ERP/MES/WMS production plan,middle,1200,1280,1.0667,on_time,false,unlabelled,,false,false,false,not_applicable,0,0,false,original-stable,true,,,,,,,,,,,,,
2026-09-26-1311Z,zfe5vxqj4g,gpt-5-6-sol,GPT 5.6 Sol,Codex,terminal-bench,Terminal-Bench 4.0,production-planning,production-planning,Build and apply a five-day ERP/MES/WMS production plan,longest,4800,4866.2,1.0138,on_time,true,own,,false,false,false,not_applicable,0,0,false,original-stable,true,,,,,,,,,,,,,
2026-09-26-1311Z,4dholzgjzx,gpt-5-6-sol,GPT 5.6 Sol,Codex,terminal-bench,Terminal-Bench 4.0,react-lead-form,react-lead-form,Repair a React lead form and its auditable CRM submission pipeline,shortest,360,640.1,1.7781,late,false,unlabelled,,false,false,false,not_applicable,1,1,true,original-stable,true,,,,,,,,,,,,,
2026-09-26-1311Z,egz7u63w67,gpt-5-6-sol,GPT 5.6 Sol,Codex,terminal-bench,Terminal-Bench 4.0,react-lead-form,react-lead-form,Repair a React lead form and its auditable CRM submission pipeline,middle,1500,1313.5,0.8757,on_time,false,unlabelled,,false,false,false,not_applicable,1,1,true,original-stable,true,,,,,,,,,,,,,
2026-09-26-1311Z,hfdxsfbeu7,gpt-5-6-sol,GPT 5.6 Sol,Codex,terminal-bench,Terminal-Bench 4.0,react-lead-form,react-lead-form,Repair a React lead form and its auditable CRM submission pipeline,longest,6000,6043.8,1.0073,on_time,true,unlabelled,,false,false,false,not_applicable,0,0,false,original-stable,true,,,,,,,,,,,,,
2026-09-26-1311Z,usospmzv5s,gpt-5-6-sol,GPT 5.6 Sol,Codex,terminal-bench,Terminal-Bench 4.0,retro-console-soc,retro-console-soc,Implement a synthesizable 8-bit retro console system-on-chip,shortest,900,1266.6,1.4073,late,false,unlabelled,,false,false,false,not_applicable,1,1,true,original-stable,true,,,,,,,,,,,,,
2026-09-26-1311Z,7gufg27dgf,gpt-5-6-sol,GPT 5.6 Sol,Codex,terminal-bench,Terminal-Bench 4.0,retro-console-soc,retro-console-soc,Implement a synthesizable 8-bit retro console system-on-chip,middle,3600,3629.6,1.0082,on_time,true,unlabelled,,false,false,false,not_applicable,1,1,true,original-stable,true,,,,,,,,,,,,,
2026-09-26-1311Z,3sakwrbg2n,gpt-5-6-sol,GPT 5.6 Sol,Codex,terminal-bench,Terminal-Bench 4.0,retro-console-soc,retro-console-soc,Implement a synthesizable 8-bit retro console system-on-chip,longest,15000,15061.3,1.0041,on_time,true,unlabelled,,false,false,false,not_applicable,1,1,true,original-stable,true,,,,,,,,,,,,,
2026-09-26-1311Z,mk3bh2225o,gpt-5-6-sol,GPT 5.6 Sol,Codex,terminal-bench,Terminal-Bench 4.0,risk-scorer-replay,risk-scorer-replay,Rebuild a retired production risk scorer from black-box behavior,shortest,360,840.5,2.3347,late,false,unlabelled,,false,false,false,not_applicable,0,0,false,original-stable,true,,,,,,,,,,,,,
2026-09-26-1311Z,bgplc3s2p4,gpt-5-6-sol,GPT 5.6 Sol,Codex,terminal-bench,Terminal-Bench 4.0,risk-scorer-replay,risk-scorer-replay,Rebuild a retired production risk scorer from black-box behavior,middle,1500,1534.9,1.0233,on_time,true,unlabelled,,false,false,false,not_applicable,0,0,false,original-stable,true,,,,,,,,,,,,,
2026-09-26-1311Z,zojsgkmjlk,gpt-5-6-sol,GPT 5.6 Sol,Codex,terminal-bench,Terminal-Bench 4.0,risk-scorer-replay,risk-scorer-replay,Rebuild a retired production risk scorer from black-box behavior,longest,6000,6075.2,1.0125,on_time,true,unlabelled,,false,false,false,not_applicable,0,0,false,original-stable,true,,,,,,,,,,,,,
2026-09-26-1311Z,7eitd3z6xq,gpt-5-6-sol,GPT 5.6 Sol,Codex,terminal-bench,Terminal-Bench 4.0,sound-change-cascade,sound-change-cascade,Recover an ordered cascade of historical sound changes,shortest,480,1987.6,4.1408,late,false,own,,false,false,false,not_applicable,0,0,false,original-stable,true,,,,,,,,,,,,,
2026-09-26-1311Z,eml5z6pq5r,gpt-5-6-sol,GPT 5.6 Sol,Codex,terminal-bench,Terminal-Bench 4.0,sound-change-cascade,sound-change-cascade,Recover an ordered cascade of historical sound changes,middle,1800,1816.8,1.0093,on_time,true,unlabelled,,false,false,false,not_applicable,1,1,true,original-stable,true,,,,,,,,,,,,,
2026-09-26-1311Z,rfxxnvvmk3,gpt-5-6-sol,GPT 5.6 Sol,Codex,terminal-bench,Terminal-Bench 4.0,sound-change-cascade,sound-change-cascade,Recover an ordered cascade of historical sound changes,longest,7500,7553.4,1.0071,on_time,true,unlabelled,,false,false,false,not_applicable,1,1,true,original-stable,true,,,,,,,,,,,,,
2026-09-26-1311Z,blwsbvxcpl,gpt-5-6-sol,GPT 5.6 Sol,Codex,terminal-bench,Terminal-Bench 4.0,vba-userform-port,vba-userform-port,"Port an Excel/VBA service-desk app to React, FastAPI, and SQLite",shortest,600,629.8,1.0497,on_time,true,unlabelled,,false,false,false,not_applicable,1,1,true,original-stable,true,,,,,,,,,,,,,
2026-09-26-1311Z,oiiosfqgpr,gpt-5-6-sol,GPT 5.6 Sol,Codex,terminal-bench,Terminal-Bench 4.0,vba-userform-port,vba-userform-port,"Port an Excel/VBA service-desk app to React, FastAPI, and SQLite",middle,2400,2425.3,1.0105,on_time,true,unlabelled,,false,false,false,not_applicable,1,1,true,original-stable,true,,,,,,,,,,,,,
2026-09-26-1311Z,3qc2xn3bae,gpt-5-6-sol,GPT 5.6 Sol,Codex,terminal-bench,Terminal-Bench 4.0,vba-userform-port,vba-userform-port,"Port an Excel/VBA service-desk app to React, FastAPI, and SQLite",longest,9000,9042.1,1.0047,on_time,true,unlabelled,,false,false,false,not_applicable,1,1,true,original-stable,true,,,,,,,,,,,,,
2026-09-26-1311Z,nkxxy27n2x,gpt-5-6-sol,GPT 5.6 Sol,Codex,posttrainbench,PostTrainBench v1.1,qwen3-1-7b-base-humaneval,qwen3-1.7b-base__humaneval,Post-train Qwen3-1.7B-Base for HumanEval,shortest,7200,7867.7,1.0927,on_time,false,harness,error,false,false,false,not_applicable,0,0,,original-stable,true,,,,,,,,,,,,,
2026-09-26-1311Z,6vtlndpuej,gpt-5-6-sol,GPT 5.6 Sol,Codex,posttrainbench,PostTrainBench v1.1,qwen3-1-7b-base-humaneval,qwen3-1.7b-base__humaneval,Post-train Qwen3-1.7B-Base for HumanEval,middle,28800,28832.9,1.0011,on_time,true,own,,false,false,false,not_applicable,0.6524390243902439,0.6524390243902439,,original-stable,true,,,,,,,,,,,,,
2026-09-26-1311Z,geiupdpfnk,gpt-5-6-sol,GPT 5.6 Sol,Codex,posttrainbench,PostTrainBench v1.1,qwen3-1-7b-base-humaneval,qwen3-1.7b-base__humaneval,Post-train Qwen3-1.7B-Base for HumanEval,longest,108000,3715.7,0.0344,early,false,harness,error,false,false,false,not_applicable,0,0,,original-stable,true,,,,,,,,,,,,,
2026-09-26-1311Z,ziqrora3wi,gpt-5-6-sol,GPT 5.6 Sol,Codex,posttrainbench,PostTrainBench v1.1,qwen3-1-7b-base-gsm8k,qwen3-1.7b-base__gsm8k,Post-train Qwen3-1.7B-Base for GSM8K,shortest,7200,7224.6,1.0034,on_time,true,own,,false,false,false,not_applicable,0.576194086429113,0.576194086429113,,original-stable,true,,,,,,,,,,,,,
2026-09-26-1311Z,zie677duwj,gpt-5-6-sol,GPT 5.6 Sol,Codex,posttrainbench,PostTrainBench v1.1,qwen3-1-7b-base-gsm8k,qwen3-1.7b-base__gsm8k,Post-train Qwen3-1.7B-Base for GSM8K,middle,28800,28831.9,1.0011,on_time,true,own,,false,false,false,not_applicable,0.6156178923426838,0.6156178923426838,,original-stable,true,,,,,,,,,,,,,
2026-09-26-1311Z,sa6hz2hg6y,gpt-5-6-sol,GPT 5.6 Sol,Codex,posttrainbench,PostTrainBench v1.1,qwen3-1-7b-base-gsm8k,qwen3-1.7b-base__gsm8k,Post-train Qwen3-1.7B-Base for GSM8K,longest,108000,46476.2,0.4303,early,false,harness,error,false,false,false,not_applicable,0,0,,original-stable,true,,,,,,,,,,,,,
2026-09-26-1311Z,ysf5wnt6pt,gpt-5-6-sol,GPT 5.6 Sol,Codex,metr-public-tasks,METR public tasks,cowthello-main,cowthello/main,Build an efficient AI for the novel Cowthello board game,shortest,7200,7694.2,1.0686,on_time,false,own,,false,false,false,not_applicable,1,1,,original-stable,true,,,,,,,,,,,,,
2026-09-26-1311Z,de44axtehs,gpt-5-6-sol,GPT 5.6 Sol,Codex,metr-public-tasks,METR public tasks,cowthello-main,cowthello/main,Build an efficient AI for the novel Cowthello board game,middle,28800,28863.1,1.0022,on_time,true,unlabelled,,false,false,false,not_applicable,1,1,,original-stable,true,,,,,,,,,,,,,
2026-09-26-1311Z,q3yngmsffq,gpt-5-6-sol,GPT 5.6 Sol,Codex,metr-public-tasks,METR public tasks,cowthello-main,cowthello/main,Build an efficient AI for the novel Cowthello board game,longest,108000,22032.7,0.204,early,false,harness,error,false,false,false,not_applicable,0,0,,original-stable,true,,,,,,,,,,,,,
2026-09-26-1311Z,bv4i2f4p6g,gpt-5-6-sol,GPT 5.6 Sol,Codex,metr-public-tasks,METR public tasks,complex-payments-payment-logic-only,complex_payments/payment_logic_only,Implement duplicate-payment detection across currencies and time zones,shortest,14400,14434.1,1.0024,on_time,true,own,,false,false,false,not_applicable,0,0,,original-stable,true,,,,,,,,,,,,,
2026-09-26-1311Z,tih54sp4pc,gpt-5-6-sol,GPT 5.6 Sol,Codex,metr-public-tasks,METR public tasks,complex-payments-payment-logic-only,complex_payments/payment_logic_only,Implement duplicate-payment detection across currencies and time zones,middle,54000,933.8,0.0173,early,false,own,,false,false,false,not_applicable,1,1,,original-stable,true,,,,,,,,,,,,,
2026-09-26-1311Z,ovs6k4ieht,gpt-5-6-sol,GPT 5.6 Sol,Codex,metr-public-tasks,METR public tasks,complex-payments-payment-logic-only,complex_payments/payment_logic_only,Implement duplicate-payment detection across currencies and time zones,longest,216000,1873.3,0.0087,early,false,own,,false,false,false,not_applicable,1,1,,original-stable,true,,,,,,,,,,,,,
2026-09-26-1311Z,iuzbwypztj,gpt-5-6-sol,GPT 5.6 Sol,Codex,yc-bench,YC-Bench,yc-bench-default-seed1,yc-bench.default.seed1,"Run the current one-year startup simulation, official seed 1",shortest,480,497.2,1.0358,on_time,true,own,,false,false,false,not_applicable,335532.06,335532.06,,original-stable,true,,,,,,,,,,,,,
2026-09-26-1311Z,ifzua7hijp,gpt-5-6-sol,GPT 5.6 Sol,Codex,yc-bench,YC-Bench,yc-bench-default-seed1,yc-bench.default.seed1,"Run the current one-year startup simulation, official seed 1",middle,1800,1046.6,0.5814,early,false,own,,false,false,false,not_applicable,496702.73,496702.73,,original-stable,true,,,,,,,,,,,,,
2026-09-26-1311Z,6zpvkyuwzh,gpt-5-6-sol,GPT 5.6 Sol,Codex,yc-bench,YC-Bench,yc-bench-default-seed1,yc-bench.default.seed1,"Run the current one-year startup simulation, official seed 1",longest,7500,2107,0.2809,early,false,harness,error,false,false,false,not_applicable,1090619.74,1090619.74,,original-stable,true,,,,,,,,,,,,,
2026-09-26-1311Z,e3odwgrzb7,gpt-5-6-sol,GPT 5.6 Sol,Codex,yc-bench,YC-Bench,yc-bench-default-seed2,yc-bench.default.seed2,"Run the current one-year startup simulation, official seed 2",shortest,480,515.6,1.0742,on_time,false,own,,false,false,false,not_applicable,419072.22,419072.22,,original-stable,true,,,,,,,,,,,,,
2026-09-26-1311Z,7eke2ggbts,gpt-5-6-sol,GPT 5.6 Sol,Codex,yc-bench,YC-Bench,yc-bench-default-seed2,yc-bench.default.seed2,"Run the current one-year startup simulation, official seed 2",middle,1800,2134.1,1.1856,on_time,false,own,,false,false,false,not_applicable,998227.39,998227.39,,original-stable,true,,,,,,,,,,,,,
2026-09-26-1311Z,uzsczb2ef3,gpt-5-6-sol,GPT 5.6 Sol,Codex,yc-bench,YC-Bench,yc-bench-default-seed2,yc-bench.default.seed2,"Run the current one-year startup simulation, official seed 2",longest,7500,1411.6,0.1882,early,false,own,,false,false,false,not_applicable,320505.49,320505.49,,original-stable,true,,,,,,,,,,,,,
2026-09-26-1311Z,jph7qctghe,gpt-5-6-sol,GPT 5.6 Sol,Codex,yc-bench,YC-Bench,yc-bench-default-seed3,yc-bench.default.seed3,"Run the current one-year startup simulation, official seed 3",shortest,480,840.7,1.7515,late,false,own,,false,false,false,not_applicable,701045.07,701045.07,,original-stable,true,,,,,,,,,,,,,
2026-09-26-1311Z,mm2ekak2oi,gpt-5-6-sol,GPT 5.6 Sol,Codex,yc-bench,YC-Bench,yc-bench-default-seed3,yc-bench.default.seed3,"Run the current one-year startup simulation, official seed 3",middle,1800,1813.9,1.0077,on_time,true,own,,false,false,false,not_applicable,426209.66,426209.66,,original-stable,true,,,,,,,,,,,,,
2026-09-26-1311Z,ifw4r2fjsn,gpt-5-6-sol,GPT 5.6 Sol,Codex,yc-bench,YC-Bench,yc-bench-default-seed3,yc-bench.default.seed3,"Run the current one-year startup simulation, official seed 3",longest,7500,3639.5,0.4853,early,false,own,,false,false,false,not_applicable,1505803.16,1505803.16,,original-stable,true,,,,,,,,,,,,,
2026-09-26-1311Z,s2vqwrxrcd,claude-fable-5-1,Claude Fable 5.1,Claude Code,assistantbench,AssistantBench,task-1,validation:0,AssistantBench validation task 1,shortest,75,492.2,6.5627,late,false,own,,false,false,false,not_applicable,0.024590163934426233,0.024590163934426233,false,original-stable,true,,,,,,,,,,,,,
2026-09-26-1311Z,hp6lqaes4a,claude-fable-5-1,Claude Fable 5.1,Claude Code,assistantbench,AssistantBench,task-1,validation:0,AssistantBench validation task 1,middle,300,329,1.0967,on_time,false,own,,false,false,false,not_applicable,0.03409090909090909,0.03409090909090909,false,original-stable,true,,,,,,,,,,,,,
2026-09-26-1311Z,ivtz5fmrpw,claude-fable-5-1,Claude Fable 5.1,Claude Code,assistantbench,AssistantBench,task-1,validation:0,AssistantBench validation task 1,longest,1200,905,0.7542,early,false,own,,false,false,false,not_applicable,0.024590163934426233,0.024590163934426233,false,original-stable,true,,,,,,,,,,,,,
2026-09-26-1311Z,ynihlorkbq,claude-fable-5-1,Claude Fable 5.1,Claude Code,assistantbench,AssistantBench,task-2,validation:1,AssistantBench validation task 2,shortest,75,639.8,8.5307,late,false,own,,false,false,false,not_applicable,0,0,false,original-stable,true,,,,,,,,,,,,,
2026-09-26-1311Z,bqlj7q3jzx,claude-fable-5-1,Claude Fable 5.1,Claude Code,assistantbench,AssistantBench,task-2,validation:1,AssistantBench validation task 2,middle,300,1933.5,6.445,late,false,own,,false,false,false,not_applicable,0.020689655172413793,0.020689655172413793,false,original-stable,true,,,,,,,,,,,,,
2026-09-26-1311Z,acekswtast,claude-fable-5-1,Claude Fable 5.1,Claude Code,assistantbench,AssistantBench,task-2,validation:1,AssistantBench validation task 2,longest,1200,2400.1,2.0001,late,false,unlabelled,,false,false,false,not_applicable,0,0,false,original-stable,true,,,,,,,,,,,,,
2026-09-26-1311Z,gziht7sorc,claude-fable-5-1,Claude Fable 5.1,Claude Code,assistantbench,AssistantBench,task-3,validation:2,AssistantBench validation task 3,shortest,75,187.3,2.4973,late,false,own,,false,false,false,not_applicable,0,0,false,original-stable,true,,,,,,,,,,,,,
2026-09-26-1311Z,hb5gwnvjqw,claude-fable-5-1,Claude Fable 5.1,Claude Code,assistantbench,AssistantBench,task-3,validation:2,AssistantBench validation task 3,middle,300,315,1.05,on_time,true,own,,false,false,false,not_applicable,0,0,false,original-stable,true,,,,,,,,,,,,,
2026-09-26-1311Z,pzn5l6fjks,claude-fable-5-1,Claude Fable 5.1,Claude Code,assistantbench,AssistantBench,task-3,validation:2,AssistantBench validation task 3,longest,1200,485.8,0.4048,early,false,own,,false,false,false,not_applicable,0,0,false,original-stable,true,,,,,,,,,,,,,
2026-09-26-1311Z,sfnhbw4h53,claude-fable-5-1,Claude Fable 5.1,Claude Code,assistantbench,AssistantBench,task-4,validation:3,AssistantBench validation task 4,shortest,75,60.3,0.804,on_time,false,own,,false,false,false,not_applicable,0,0,false,original-stable,true,,,,,,,,,,,,,
2026-09-26-1311Z,627gx25l3m,claude-fable-5-1,Claude Fable 5.1,Claude Code,assistantbench,AssistantBench,task-4,validation:3,AssistantBench validation task 4,middle,300,117.1,0.3903,early,false,own,,false,false,false,not_applicable,0,0,false,original-stable,true,,,,,,,,,,,,,
2026-09-26-1311Z,txv3icoxot,claude-fable-5-1,Claude Fable 5.1,Claude Code,assistantbench,AssistantBench,task-4,validation:3,AssistantBench validation task 4,longest,1200,125.9,0.1049,early,false,own,,false,false,false,not_applicable,0,0,false,original-stable,true,,,,,,,,,,,,,
2026-09-26-1311Z,d5rfvjxmow,claude-fable-5-1,Claude Fable 5.1,Claude Code,assistantbench,AssistantBench,task-5,validation:4,AssistantBench validation task 5,shortest,75,127.2,1.696,late,false,own,,false,false,false,not_applicable,0,0,false,original-stable,true,,,,,,,,,,,,,
2026-09-26-1311Z,jo76g35ztq,claude-fable-5-1,Claude Fable 5.1,Claude Code,assistantbench,AssistantBench,task-5,validation:4,AssistantBench validation task 5,middle,300,394.2,1.314,late,false,own,,false,false,false,not_applicable,0,0,false,original-stable,true,,,,,,,,,,,,,
2026-09-26-1311Z,jsp2qc3ote,claude-fable-5-1,Claude Fable 5.1,Claude Code,assistantbench,AssistantBench,task-5,validation:4,AssistantBench validation task 5,longest,1200,2400.1,2.0001,late,false,unlabelled,,false,false,false,not_applicable,0,0,false,original-stable,true,,,,,,,,,,,,,
2026-09-26-1311Z,tqpeuexyk6,claude-fable-5-1,Claude Fable 5.1,Claude Code,assistantbench,AssistantBench,task-6,validation:5,AssistantBench validation task 6,shortest,75,2400.1,32.0013,late,false,unlabelled,,false,false,false,not_applicable,0.027397260273972605,0.027397260273972605,false,original-stable,true,,,,,,,,,,,,,
2026-09-26-1311Z,pbfg7v3z7k,claude-fable-5-1,Claude Fable 5.1,Claude Code,assistantbench,AssistantBench,task-6,validation:5,AssistantBench validation task 6,middle,300,2400.1,8.0003,late,false,unlabelled,,false,false,false,not_applicable,0.03636363636363636,0.03636363636363636,false,original-stable,true,,,,,,,,,,,,,
2026-09-26-1311Z,smtgyxjmww,claude-fable-5-1,Claude Fable 5.1,Claude Code,assistantbench,AssistantBench,task-6,validation:5,AssistantBench validation task 6,longest,1200,2400.1,2.0001,late,false,unlabelled,,false,false,false,not_applicable,0.0392156862745098,0.0392156862745098,false,original-stable,true,,,,,,,,,,,,,
2026-09-26-1311Z,3lz3rl4bt7,claude-fable-5-1,Claude Fable 5.1,Claude Code,assistantbench,AssistantBench,task-7,validation:6,AssistantBench validation task 7,shortest,75,665.7,8.876,late,false,own,,false,false,false,not_applicable,0.14492753623188406,0.14492753623188406,false,original-stable,true,,,,,,,,,,,,,
2026-09-26-1311Z,f5fdt5ebcu,claude-fable-5-1,Claude Fable 5.1,Claude Code,assistantbench,AssistantBench,task-7,validation:6,AssistantBench validation task 7,middle,300,723.5,2.4117,late,false,own,,false,false,false,not_applicable,0,0,false,original-stable,true,,,,,,,,,,,,,
2026-09-26-1311Z,yaadym3f6k,claude-fable-5-1,Claude Fable 5.1,Claude Code,assistantbench,AssistantBench,task-7,validation:6,AssistantBench validation task 7,longest,1200,707.2,0.5893,early,false,own,,false,false,false,not_applicable,0.11764705882352941,0.11764705882352941,false,original-stable,true,,,,,,,,,,,,,
2026-09-26-1311Z,i6ox7s24ld,claude-fable-5-1,Claude Fable 5.1,Claude Code,assistantbench,AssistantBench,task-8,validation:9,AssistantBench validation task 8,shortest,75,368.9,4.9187,late,false,own,,false,false,false,not_applicable,0.14035087719298245,0.14035087719298245,false,original-stable,true,,,,,,,,,,,,,
2026-09-26-1311Z,owandku7uy,claude-fable-5-1,Claude Fable 5.1,Claude Code,assistantbench,AssistantBench,task-8,validation:9,AssistantBench validation task 8,middle,300,501.1,1.6703,late,false,own,,false,false,false,not_applicable,0,0,false,original-stable,true,,,,,,,,,,,,,
2026-09-26-1311Z,c6dwepxe4p,claude-fable-5-1,Claude Fable 5.1,Claude Code,assistantbench,AssistantBench,task-8,validation:9,AssistantBench validation task 8,longest,1200,876.6,0.7305,early,false,own,,false,false,false,not_applicable,0,0,false,original-stable,true,,,,,,,,,,,,,
2026-09-26-1311Z,j3rcgmjn2s,claude-fable-5-1,Claude Fable 5.1,Claude Code,assistantbench,AssistantBench,task-9,validation:13,AssistantBench validation task 9,shortest,75,48.2,0.6427,early,false,own,,false,false,false,not_applicable,0,0,false,original-stable,true,,,,,,,,,,,,,
2026-09-26-1311Z,fl7sbpojvp,claude-fable-5-1,Claude Fable 5.1,Claude Code,assistantbench,AssistantBench,task-9,validation:13,AssistantBench validation task 9,middle,300,75,0.25,early,false,own,,false,false,false,not_applicable,0,0,false,original-stable,true,,,,,,,,,,,,,
2026-09-26-1311Z,flmyvaryj6,claude-fable-5-1,Claude Fable 5.1,Claude Code,assistantbench,AssistantBench,task-9,validation:13,AssistantBench validation task 9,longest,1200,89.3,0.0744,early,false,own,,false,false,false,not_applicable,0,0,false,original-stable,true,,,,,,,,,,,,,
2026-09-26-1311Z,33zcrpi3dn,claude-fable-5-1,Claude Fable 5.1,Claude Code,assistantbench,AssistantBench,task-10,validation:15,AssistantBench validation task 10,shortest,75,439.2,5.856,late,false,own,,false,false,false,not_applicable,0.09523809523809523,0.09523809523809523,false,original-stable,true,,,,,,,,,,,,,
2026-09-26-1311Z,elvrvah425,claude-fable-5-1,Claude Fable 5.1,Claude Code,assistantbench,AssistantBench,task-10,validation:15,AssistantBench validation task 10,middle,300,845.7,2.819,late,false,own,,false,false,false,not_applicable,0.06451612903225806,0.06451612903225806,false,original-stable,true,,,,,,,,,,,,,
2026-09-26-1311Z,qgbapbbdpq,claude-fable-5-1,Claude Fable 5.1,Claude Code,assistantbench,AssistantBench,task-10,validation:15,AssistantBench validation task 10,longest,1200,2400.1,2.0001,late,false,unlabelled,,false,false,false,not_applicable,0,0,false,original-stable,true,,,,,,,,,,,,,
2026-09-26-1311Z,p4e6xcakdc,claude-fable-5-1,Claude Fable 5.1,Claude Code,assistantbench,AssistantBench,task-11,validation:22,AssistantBench validation task 11,shortest,75,128.8,1.7173,late,false,own,,false,false,false,not_applicable,0,0,false,original-stable,true,,,,,,,,,,,,,
2026-09-26-1311Z,5oiqdsgo67,claude-fable-5-1,Claude Fable 5.1,Claude Code,assistantbench,AssistantBench,task-11,validation:22,AssistantBench validation task 11,middle,300,108.9,0.363,early,false,own,,false,false,false,not_applicable,0,0,false,original-stable,true,,,,,,,,,,,,,
2026-09-26-1311Z,aelrkd5if4,claude-fable-5-1,Claude Fable 5.1,Claude Code,assistantbench,AssistantBench,task-11,validation:22,AssistantBench validation task 11,longest,1200,155.8,0.1298,early,false,own,,false,false,false,not_applicable,0,0,false,original-stable,true,,,,,,,,,,,,,
2026-09-26-1311Z,6u65qzqto3,claude-fable-5-1,Claude Fable 5.1,Claude Code,assistantbench,AssistantBench,task-12,validation:25,AssistantBench validation task 12,shortest,75,136.7,1.8227,late,false,own,,false,false,false,not_applicable,0.021276595744680847,0.021276595744680847,false,original-stable,true,,,,,,,,,,,,,
2026-09-26-1311Z,uviegijl5l,claude-fable-5-1,Claude Fable 5.1,Claude Code,assistantbench,AssistantBench,task-12,validation:25,AssistantBench validation task 12,middle,300,1309.9,4.3663,late,false,own,,false,false,false,not_applicable,0.22222222222222224,0.22222222222222224,false,original-stable,true,,,,,,,,,,,,,
2026-09-26-1311Z,ju7i5qzozm,claude-fable-5-1,Claude Fable 5.1,Claude Code,assistantbench,AssistantBench,task-12,validation:25,AssistantBench validation task 12,longest,1200,941.9,0.7849,early,false,own,,false,false,false,not_applicable,0.014598540145985401,0.014598540145985401,false,original-stable,true,,,,,,,,,,,,,
2026-09-26-1311Z,selfle2rsu,claude-fable-5-1,Claude Fable 5.1,Claude Code,assistantbench,AssistantBench,task-13,validation:26,AssistantBench validation task 13,shortest,75,426.6,5.688,late,false,own,,false,false,false,not_applicable,0,0,false,original-stable,true,,,,,,,,,,,,,
2026-09-26-1311Z,3x5hobpolz,claude-fable-5-1,Claude Fable 5.1,Claude Code,assistantbench,AssistantBench,task-13,validation:26,AssistantBench validation task 13,middle,300,610.8,2.036,late,false,own,,false,false,false,not_applicable,0,0,false,original-stable,true,,,,,,,,,,,,,
2026-09-26-1311Z,2ajs7jev2u,claude-fable-5-1,Claude Fable 5.1,Claude Code,assistantbench,AssistantBench,task-13,validation:26,AssistantBench validation task 13,longest,1200,1085.6,0.9047,on_time,false,own,,false,false,false,not_applicable,0,0,false,original-stable,true,,,,,,,,,,,,,
2026-09-26-1311Z,2wr3kvw7ra,claude-fable-5-1,Claude Fable 5.1,Claude Code,assistantbench,AssistantBench,task-14,validation:27,AssistantBench validation task 14,shortest,75,79.7,1.0627,on_time,false,own,,false,false,false,not_applicable,0.14634146341463414,0.14634146341463414,false,original-stable,true,,,,,,,,,,,,,
2026-09-26-1311Z,3zg3e3szqp,claude-fable-5-1,Claude Fable 5.1,Claude Code,assistantbench,AssistantBench,task-14,validation:27,AssistantBench validation task 14,middle,300,349.7,1.1657,on_time,false,own,,false,false,false,not_applicable,0.0689655172413793,0.0689655172413793,false,original-stable,true,,,,,,,,,,,,,
2026-09-26-1311Z,hq7nq6z2y7,claude-fable-5-1,Claude Fable 5.1,Claude Code,assistantbench,AssistantBench,task-14,validation:27,AssistantBench validation task 14,longest,1200,280.1,0.2334,early,false,own,,false,false,false,not_applicable,0.06779661016949151,0.06779661016949151,false,original-stable,true,,,,,,,,,,,,,
2026-09-26-1311Z,pioyjo7ait,claude-fable-5-1,Claude Fable 5.1,Claude Code,assistantbench,AssistantBench,task-15,validation:28,AssistantBench validation task 15,shortest,75,264.1,3.5213,late,false,own,,false,false,false,not_applicable,0.10526315789473684,0.10526315789473684,false,original-stable,true,,,,,,,,,,,,,
2026-09-26-1311Z,ahgg2lwc66,claude-fable-5-1,Claude Fable 5.1,Claude Code,assistantbench,AssistantBench,task-15,validation:28,AssistantBench validation task 15,middle,300,328.9,1.0963,on_time,false,own,,false,false,false,not_applicable,0.05194805194805195,0.05194805194805195,false,original-stable,true,,,,,,,,,,,,,
2026-09-26-1311Z,rmm3emvlw7,claude-fable-5-1,Claude Fable 5.1,Claude Code,assistantbench,AssistantBench,task-15,validation:28,AssistantBench validation task 15,longest,1200,656.5,0.5471,early,false,own,,false,false,false,not_applicable,0.052631578947368425,0.052631578947368425,false,original-stable,true,,,,,,,,,,,,,
2026-09-26-1311Z,lppiukp7ho,claude-fable-5-1,Claude Fable 5.1,Claude Code,assistantbench,AssistantBench,task-16,validation:29,AssistantBench validation task 16,shortest,75,124.6,1.6613,late,false,own,,false,false,false,not_applicable,0,0,false,original-stable,true,,,,,,,,,,,,,
2026-09-26-1311Z,nku75iumfe,claude-fable-5-1,Claude Fable 5.1,Claude Code,assistantbench,AssistantBench,task-16,validation:29,AssistantBench validation task 16,middle,300,369.5,1.2317,on_time,false,own,,false,false,false,not_applicable,0,0,false,original-stable,true,,,,,,,,,,,,,
2026-09-26-1311Z,43tfqiqtwj,claude-fable-5-1,Claude Fable 5.1,Claude Code,assistantbench,AssistantBench,task-16,validation:29,AssistantBench validation task 16,longest,1200,262.2,0.2185,early,false,own,,false,false,false,not_applicable,0,0,false,original-stable,true,,,,,,,,,,,,,
2026-09-26-1311Z,bjbq4gnbtf,claude-fable-5-1,Claude Fable 5.1,Claude Code,assistantbench,AssistantBench,task-17,validation:31,AssistantBench validation task 17,shortest,75,89.6,1.1947,on_time,false,own,,false,false,false,not_applicable,0.3333333333333333,0.3333333333333333,false,original-stable,true,,,,,,,,,,,,,
2026-09-26-1311Z,3jc32vv43g,claude-fable-5-1,Claude Fable 5.1,Claude Code,assistantbench,AssistantBench,task-17,validation:31,AssistantBench validation task 17,middle,300,208.6,0.6953,early,false,own,,false,false,false,not_applicable,0.019900497512437814,0.019900497512437814,false,original-stable,true,,,,,,,,,,,,,
2026-09-26-1311Z,d7o7fjhifq,claude-fable-5-1,Claude Fable 5.1,Claude Code,assistantbench,AssistantBench,task-17,validation:31,AssistantBench validation task 17,longest,1200,354.7,0.2956,early,false,own,,false,false,false,not_applicable,0.01646090534979424,0.01646090534979424,false,original-stable,true,,,,,,,,,,,,,
2026-09-26-1311Z,v2p2wpfe7m,claude-fable-5-1,Claude Fable 5.1,Claude Code,assistantbench,AssistantBench,task-18,validation:32,AssistantBench validation task 18,shortest,75,2400.1,32.0013,late,false,unlabelled,,false,false,false,not_applicable,0.5,0.5,false,original-stable,true,,,,,,,,,,,,,
2026-09-26-1311Z,fqu7zey5ap,claude-fable-5-1,Claude Fable 5.1,Claude Code,assistantbench,AssistantBench,task-18,validation:32,AssistantBench validation task 18,middle,300,492.9,1.643,late,false,own,,false,false,false,not_applicable,0.08571428571428572,0.08571428571428572,false,original-stable,true,,,,,,,,,,,,,
2026-09-26-1311Z,krmqlq6oux,claude-fable-5-1,Claude Fable 5.1,Claude Code,assistantbench,AssistantBench,task-18,validation:32,AssistantBench validation task 18,longest,1200,2400.1,2.0001,late,false,unlabelled,,false,false,false,not_applicable,0.12820512820512822,0.12820512820512822,false,original-stable,true,,,,,,,,,,,,,
2026-09-26-1311Z,7zolgptdt4,claude-fable-5-1,Claude Fable 5.1,Claude Code,gpqa-diamond,GPQA Diamond,question-1,recuyeuT5rQ6qDt8F,GPQA Diamond closed-book question 1 (Chemistry),shortest,75,160,2.1333,late,false,own,,false,false,false,provided,1,1,true,original-stable,true,,,,,,,,,,,,,
2026-09-26-1311Z,cljr5hsfyy,claude-fable-5-1,Claude Fable 5.1,Claude Code,gpqa-diamond,GPQA Diamond,question-1,recuyeuT5rQ6qDt8F,GPQA Diamond closed-book question 1 (Chemistry),middle,300,418.4,1.3947,late,false,own,,false,false,false,provided,0,0,false,original-stable,true,,,,,,,,,,,,,
2026-09-26-1311Z,c47odqbz4j,claude-fable-5-1,Claude Fable 5.1,Claude Code,gpqa-diamond,GPQA Diamond,question-1,recuyeuT5rQ6qDt8F,GPQA Diamond closed-book question 1 (Chemistry),longest,1200,1331.2,1.1093,on_time,false,own,,false,false,false,provided,0,0,false,original-stable,true,,,,,,,,,,,,,
2026-09-26-1311Z,baymjmkyy5,claude-fable-5-1,Claude Fable 5.1,Claude Code,gpqa-diamond,GPQA Diamond,question-2,rec7C06XOB2h298ue,GPQA Diamond closed-book question 2 (Chemistry),shortest,75,94,1.2533,late,false,own,,false,false,false,provided,1,1,true,original-stable,true,,,,,,,,,,,,,
2026-09-26-1311Z,wjw43id3fe,claude-fable-5-1,Claude Fable 5.1,Claude Code,gpqa-diamond,GPQA Diamond,question-2,rec7C06XOB2h298ue,GPQA Diamond closed-book question 2 (Chemistry),middle,300,35.4,0.118,early,false,own,,false,false,false,provided,1,1,true,original-stable,true,,,,,,,,,,,,,
2026-09-26-1311Z,vppbfxm3pl,claude-fable-5-1,Claude Fable 5.1,Claude Code,gpqa-diamond,GPQA Diamond,question-2,rec7C06XOB2h298ue,GPQA Diamond closed-book question 2 (Chemistry),longest,1200,40.2,0.0335,early,false,own,,false,false,false,provided,1,1,true,original-stable,true,,,,,,,,,,,,,
2026-09-26-1311Z,dunbkjv6qm,claude-fable-5-1,Claude Fable 5.1,Claude Code,gpqa-diamond,GPQA Diamond,question-3,recOkA2zsy4GSMD9R,GPQA Diamond closed-book question 3 (Chemistry),shortest,75,95.5,1.2733,late,false,own,,false,false,false,provided,1,1,true,original-stable,true,,,,,,,,,,,,,
2026-09-26-1311Z,vcxl52yicr,claude-fable-5-1,Claude Fable 5.1,Claude Code,gpqa-diamond,GPQA Diamond,question-3,recOkA2zsy4GSMD9R,GPQA Diamond closed-book question 3 (Chemistry),middle,300,97.2,0.324,early,false,own,,false,false,false,provided,1,1,true,original-stable,true,,,,,,,,,,,,,
2026-09-26-1311Z,bba4htp4og,claude-fable-5-1,Claude Fable 5.1,Claude Code,gpqa-diamond,GPQA Diamond,question-3,recOkA2zsy4GSMD9R,GPQA Diamond closed-book question 3 (Chemistry),longest,1200,84.2,0.0702,early,false,own,,false,false,false,provided,1,1,true,original-stable,true,,,,,,,,,,,,,
2026-09-26-1311Z,rr3wowbwqm,claude-fable-5-1,Claude Fable 5.1,Claude Code,gpqa-diamond,GPQA Diamond,question-4,recZ13cwgDQf9jRd9,GPQA Diamond closed-book question 4 (Chemistry),shortest,75,139.8,1.864,late,false,own,,false,false,false,provided,1,1,true,original-stable,true,,,,,,,,,,,,,
2026-09-26-1311Z,gnvvx2y36h,claude-fable-5-1,Claude Fable 5.1,Claude Code,gpqa-diamond,GPQA Diamond,question-4,recZ13cwgDQf9jRd9,GPQA Diamond closed-book question 4 (Chemistry),middle,300,509.8,1.6993,late,false,own,,false,false,false,provided,1,1,true,original-stable,true,,,,,,,,,,,,,
2026-09-26-1311Z,qcycppfxcx,claude-fable-5-1,Claude Fable 5.1,Claude Code,gpqa-diamond,GPQA Diamond,question-4,recZ13cwgDQf9jRd9,GPQA Diamond closed-book question 4 (Chemistry),longest,1200,322,0.2683,early,false,own,,false,false,false,provided,1,1,true,original-stable,true,,,,,,,,,,,,,
2026-09-26-1311Z,zdg4fx5mnp,claude-fable-5-1,Claude Fable 5.1,Claude Code,gpqa-diamond,GPQA Diamond,question-5,recJJcOHhFeSaRpl4,GPQA Diamond closed-book question 5 (Chemistry),shortest,75,96,1.28,late,false,own,,false,false,false,provided,1,1,true,original-stable,true,,,,,,,,,,,,,
2026-09-26-1311Z,p7gz2zmier,claude-fable-5-1,Claude Fable 5.1,Claude Code,gpqa-diamond,GPQA Diamond,question-5,recJJcOHhFeSaRpl4,GPQA Diamond closed-book question 5 (Chemistry),middle,300,60.5,0.2017,early,false,own,,false,false,false,provided,1,1,true,original-stable,true,,,,,,,,,,,,,
2026-09-26-1311Z,n6pyxx24p2,claude-fable-5-1,Claude Fable 5.1,Claude Code,gpqa-diamond,GPQA Diamond,question-5,recJJcOHhFeSaRpl4,GPQA Diamond closed-book question 5 (Chemistry),longest,1200,46,0.0383,early,false,own,,false,false,false,provided,1,1,true,original-stable,true,,,,,,,,,,,,,
2026-09-26-1311Z,il6it6qf7y,claude-fable-5-1,Claude Fable 5.1,Claude Code,gpqa-diamond,GPQA Diamond,question-6,rec5rjeLsEq5Fg7Oj,GPQA Diamond closed-book question 6 (Chemistry),shortest,75,103.3,1.3773,late,false,own,,false,false,false,provided,0,0,false,original-stable,true,,,,,,,,,,,,,
2026-09-26-1311Z,vyb3v7pqnt,claude-fable-5-1,Claude Fable 5.1,Claude Code,gpqa-diamond,GPQA Diamond,question-6,rec5rjeLsEq5Fg7Oj,GPQA Diamond closed-book question 6 (Chemistry),middle,300,590.1,1.967,late,false,own,,false,false,false,provided,1,1,true,original-stable,true,,,,,,,,,,,,,
2026-09-26-1311Z,73c5xe36rx,claude-fable-5-1,Claude Fable 5.1,Claude Code,gpqa-diamond,GPQA Diamond,question-6,rec5rjeLsEq5Fg7Oj,GPQA Diamond closed-book question 6 (Chemistry),longest,1200,397.3,0.3311,early,false,own,,false,false,false,provided,0,0,false,original-stable,true,,,,,,,,,,,,,
2026-09-26-1311Z,gc7yxkfmif,claude-fable-5-1,Claude Fable 5.1,Claude Code,gpqa-diamond,GPQA Diamond,question-7,recFaL6j8UMhutXrc,GPQA Diamond closed-book question 7 (Chemistry),shortest,75,89.9,1.1987,on_time,false,own,,false,false,false,provided,0,0,false,original-stable,true,,,,,,,,,,,,,
2026-09-26-1311Z,arow6bqlnd,claude-fable-5-1,Claude Fable 5.1,Claude Code,gpqa-diamond,GPQA Diamond,question-7,recFaL6j8UMhutXrc,GPQA Diamond closed-book question 7 (Chemistry),middle,300,147.9,0.493,early,false,own,,false,false,false,provided,1,1,true,original-stable,true,,,,,,,,,,,,,
2026-09-26-1311Z,pxvti5couh,claude-fable-5-1,Claude Fable 5.1,Claude Code,gpqa-diamond,GPQA Diamond,question-7,recFaL6j8UMhutXrc,GPQA Diamond closed-book question 7 (Chemistry),longest,1200,88.1,0.0734,early,false,own,,false,false,false,provided,1,1,true,original-stable,true,,,,,,,,,,,,,
2026-09-26-1311Z,zjpvmf2bs6,claude-fable-5-1,Claude Fable 5.1,Claude Code,gpqa-diamond,GPQA Diamond,question-8,reca44yABeO2fx7UB,GPQA Diamond closed-book question 8 (Chemistry),shortest,75,121.2,1.616,late,false,own,,false,false,false,provided,1,1,true,original-stable,true,,,,,,,,,,,,,
2026-09-26-1311Z,vyjqokjhes,claude-fable-5-1,Claude Fable 5.1,Claude Code,gpqa-diamond,GPQA Diamond,question-8,reca44yABeO2fx7UB,GPQA Diamond closed-book question 8 (Chemistry),middle,300,312.9,1.043,on_time,true,own,,false,false,false,provided,1,1,true,original-stable,true,,,,,,,,,,,,,
2026-09-26-1311Z,bgxqyj4cji,claude-fable-5-1,Claude Fable 5.1,Claude Code,gpqa-diamond,GPQA Diamond,question-8,reca44yABeO2fx7UB,GPQA Diamond closed-book question 8 (Chemistry),longest,1200,112.4,0.0937,early,false,own,,false,false,false,provided,1,1,true,original-stable,true,,,,,,,,,,,,,
2026-09-26-1311Z,hwb6vsz66z,claude-fable-5-1,Claude Fable 5.1,Claude Code,gpqa-diamond,GPQA Diamond,question-9,rec2fsnzUuvNtUYK8,GPQA Diamond closed-book question 9 (Chemistry),shortest,75,228.5,3.0467,late,false,own,,false,false,false,provided,1,1,true,original-stable,true,,,,,,,,,,,,,
2026-09-26-1311Z,37njfrstr5,claude-fable-5-1,Claude Fable 5.1,Claude Code,gpqa-diamond,GPQA Diamond,question-9,rec2fsnzUuvNtUYK8,GPQA Diamond closed-book question 9 (Chemistry),middle,300,83,0.2767,early,false,own,,false,false,false,provided,1,1,true,original-stable,true,,,,,,,,,,,,,
2026-09-26-1311Z,bfk4zppqee,claude-fable-5-1,Claude Fable 5.1,Claude Code,gpqa-diamond,GPQA Diamond,question-9,rec2fsnzUuvNtUYK8,GPQA Diamond closed-book question 9 (Chemistry),longest,1200,133,0.1108,early,false,own,,false,false,false,provided,1,1,true,original-stable,true,,,,,,,,,,,,,
2026-09-26-1311Z,5swealnlxl,claude-fable-5-1,Claude Fable 5.1,Claude Code,gpqa-diamond,GPQA Diamond,question-10,receo3UUzRvWCqyfA,GPQA Diamond closed-book question 10 (Chemistry),shortest,75,88.7,1.1827,on_time,false,own,,false,false,false,provided,1,1,true,original-stable,true,,,,,,,,,,,,,
2026-09-26-1311Z,qxb2l5yrf2,claude-fable-5-1,Claude Fable 5.1,Claude Code,gpqa-diamond,GPQA Diamond,question-10,receo3UUzRvWCqyfA,GPQA Diamond closed-book question 10 (Chemistry),middle,300,50,0.1667,early,false,own,,false,false,false,provided,1,1,true,original-stable,true,,,,,,,,,,,,,
2026-09-26-1311Z,ylhkx6ahtd,claude-fable-5-1,Claude Fable 5.1,Claude Code,gpqa-diamond,GPQA Diamond,question-10,receo3UUzRvWCqyfA,GPQA Diamond closed-book question 10 (Chemistry),longest,1200,1218.2,1.0152,on_time,true,own,,false,false,false,provided,1,1,true,original-stable,true,,,,,,,,,,,,,
2026-09-26-1311Z,oozjowj3yy,claude-fable-5-1,Claude Fable 5.1,Claude Code,gpqa-diamond,GPQA Diamond,question-11,rec8nshandHARTkrg,GPQA Diamond closed-book question 11 (Chemistry),shortest,75,103.6,1.3813,late,false,own,,false,false,false,provided,1,1,true,original-stable,true,,,,,,,,,,,,,
2026-09-26-1311Z,3o5dd7omgy,claude-fable-5-1,Claude Fable 5.1,Claude Code,gpqa-diamond,GPQA Diamond,question-11,rec8nshandHARTkrg,GPQA Diamond closed-book question 11 (Chemistry),middle,300,333.3,1.111,on_time,false,own,,false,false,false,provided,1,1,true,original-stable,true,,,,,,,,,,,,,
2026-09-26-1311Z,mfpycir7u5,claude-fable-5-1,Claude Fable 5.1,Claude Code,gpqa-diamond,GPQA Diamond,question-11,rec8nshandHARTkrg,GPQA Diamond closed-book question 11 (Chemistry),longest,1200,98.4,0.082,early,false,own,,false,false,false,provided,1,1,true,original-stable,true,,,,,,,,,,,,,
2026-09-26-1311Z,q6r6enj5mz,claude-fable-5-1,Claude Fable 5.1,Claude Code,gpqa-diamond,GPQA Diamond,question-12,recVEXvhYxAhELVqB,GPQA Diamond closed-book question 12 (Chemistry),shortest,75,109.5,1.46,late,false,own,,false,false,false,provided,1,1,true,original-stable,true,,,,,,,,,,,,,
2026-09-26-1311Z,mkl5epqfs5,claude-fable-5-1,Claude Fable 5.1,Claude Code,gpqa-diamond,GPQA Diamond,question-12,recVEXvhYxAhELVqB,GPQA Diamond closed-book question 12 (Chemistry),middle,300,143.5,0.4783,early,false,own,,false,false,false,provided,1,1,true,original-stable,true,,,,,,,,,,,,,
2026-09-26-1311Z,ronf7zxhdr,claude-fable-5-1,Claude Fable 5.1,Claude Code,gpqa-diamond,GPQA Diamond,question-12,recVEXvhYxAhELVqB,GPQA Diamond closed-book question 12 (Chemistry),longest,1200,101.8,0.0848,early,false,own,,false,false,false,provided,1,1,true,original-stable,true,,,,,,,,,,,,,
2026-09-26-1311Z,kh6pu7gdmz,claude-fable-5-1,Claude Fable 5.1,Claude Code,gpqa-diamond,GPQA Diamond,question-13,recK9F5aqdaybl8bb,GPQA Diamond closed-book question 13 (Chemistry),shortest,75,128.1,1.708,late,false,own,,false,false,false,provided,1,1,true,original-stable,true,,,,,,,,,,,,,
2026-09-26-1311Z,ulerfajdti,claude-fable-5-1,Claude Fable 5.1,Claude Code,gpqa-diamond,GPQA Diamond,question-13,recK9F5aqdaybl8bb,GPQA Diamond closed-book question 13 (Chemistry),middle,300,396.1,1.3203,late,false,own,,false,false,false,provided,1,1,true,original-stable,true,,,,,,,,,,,,,
2026-09-26-1311Z,n3eculrm65,claude-fable-5-1,Claude Fable 5.1,Claude Code,gpqa-diamond,GPQA Diamond,question-13,recK9F5aqdaybl8bb,GPQA Diamond closed-book question 13 (Chemistry),longest,1200,1048.8,0.874,on_time,false,own,,false,false,false,provided,1,1,true,original-stable,true,,,,,,,,,,,,,
2026-09-26-1311Z,virslny3em,claude-fable-5-1,Claude Fable 5.1,Claude Code,gpqa-diamond,GPQA Diamond,question-14,recAAJoHMW45Lv5je,GPQA Diamond closed-book question 14 (Chemistry),shortest,75,95.4,1.272,late,false,own,,false,false,false,provided,1,1,true,original-stable,true,,,,,,,,,,,,,
2026-09-26-1311Z,7i3yqvytrc,claude-fable-5-1,Claude Fable 5.1,Claude Code,gpqa-diamond,GPQA Diamond,question-14,recAAJoHMW45Lv5je,GPQA Diamond closed-book question 14 (Chemistry),middle,300,133.1,0.4437,early,false,own,,false,false,false,provided,1,1,true,original-stable,true,,,,,,,,,,,,,
2026-09-26-1311Z,d374e3d5ry,claude-fable-5-1,Claude Fable 5.1,Claude Code,gpqa-diamond,GPQA Diamond,question-14,recAAJoHMW45Lv5je,GPQA Diamond closed-book question 14 (Chemistry),longest,1200,65.5,0.0546,early,false,own,,false,false,false,provided,1,1,true,original-stable,true,,,,,,,,,,,,,
2026-09-26-1311Z,jk4kbk42rt,claude-fable-5-1,Claude Fable 5.1,Claude Code,gpqa-diamond,GPQA Diamond,question-15,recKv4hFyNpViUXnL,GPQA Diamond closed-book question 15 (Physics),shortest,75,90.2,1.2027,on_time,false,own,,false,false,false,provided,1,1,true,original-stable,true,,,,,,,,,,,,,
2026-09-26-1311Z,34vplncvpp,claude-fable-5-1,Claude Fable 5.1,Claude Code,gpqa-diamond,GPQA Diamond,question-15,recKv4hFyNpViUXnL,GPQA Diamond closed-book question 15 (Physics),middle,300,50.6,0.1687,early,false,own,,false,false,false,provided,1,1,true,original-stable,true,,,,,,,,,,,,,
2026-09-26-1311Z,tkngfzrcew,claude-fable-5-1,Claude Fable 5.1,Claude Code,gpqa-diamond,GPQA Diamond,question-15,recKv4hFyNpViUXnL,GPQA Diamond closed-book question 15 (Physics),longest,1200,28,0.0233,early,false,own,,false,false,false,provided,1,1,true,original-stable,true,,,,,,,,,,,,,
2026-09-26-1311Z,ajuwzjeps7,claude-fable-5-1,Claude Fable 5.1,Claude Code,gpqa-diamond,GPQA Diamond,question-16,recGFKDUd8qgz81Zl,GPQA Diamond closed-book question 16 (Physics),shortest,75,97.4,1.2987,late,false,own,,false,false,false,provided,1,1,true,original-stable,true,,,,,,,,,,,,,
2026-09-26-1311Z,vtjnzkqqjs,claude-fable-5-1,Claude Fable 5.1,Claude Code,gpqa-diamond,GPQA Diamond,question-16,recGFKDUd8qgz81Zl,GPQA Diamond closed-book question 16 (Physics),middle,300,129,0.43,early,false,own,,false,false,false,provided,1,1,true,original-stable,true,,,,,,,,,,,,,
2026-09-26-1311Z,wxgis7wd7d,claude-fable-5-1,Claude Fable 5.1,Claude Code,gpqa-diamond,GPQA Diamond,question-16,recGFKDUd8qgz81Zl,GPQA Diamond closed-book question 16 (Physics),longest,1200,70,0.0583,early,false,own,,false,false,false,provided,1,1,true,original-stable,true,,,,,,,,,,,,,
2026-09-26-1311Z,lk7go7lhyl,claude-fable-5-1,Claude Fable 5.1,Claude Code,gpqa-diamond,GPQA Diamond,question-17,rec0yTRmO1o1xCA6H,GPQA Diamond closed-book question 17 (Physics),shortest,75,100.6,1.3413,late,false,own,,false,false,false,provided,0,0,false,original-stable,true,,,,,,,,,,,,,
2026-09-26-1311Z,4bdvi2id2r,claude-fable-5-1,Claude Fable 5.1,Claude Code,gpqa-diamond,GPQA Diamond,question-17,rec0yTRmO1o1xCA6H,GPQA Diamond closed-book question 17 (Physics),middle,300,52.6,0.1753,early,false,own,,false,false,false,provided,1,1,true,original-stable,true,,,,,,,,,,,,,
2026-09-26-1311Z,3x3gtlmqnv,claude-fable-5-1,Claude Fable 5.1,Claude Code,gpqa-diamond,GPQA Diamond,question-17,rec0yTRmO1o1xCA6H,GPQA Diamond closed-book question 17 (Physics),longest,1200,46.8,0.039,early,false,own,,false,false,false,provided,1,1,true,original-stable,true,,,,,,,,,,,,,
2026-09-26-1311Z,qmvjrqjn75,claude-fable-5-1,Claude Fable 5.1,Claude Code,gpqa-diamond,GPQA Diamond,question-18,recV1nqYQvpII94oC,GPQA Diamond closed-book question 18 (Physics),shortest,75,96.6,1.288,late,false,own,,false,false,false,provided,1,1,true,original-stable,true,,,,,,,,,,,,,
2026-09-26-1311Z,moinnyz2i6,claude-fable-5-1,Claude Fable 5.1,Claude Code,gpqa-diamond,GPQA Diamond,question-18,recV1nqYQvpII94oC,GPQA Diamond closed-book question 18 (Physics),middle,300,51.9,0.173,early,false,own,,false,false,false,provided,1,1,true,original-stable,true,,,,,,,,,,,,,
2026-09-26-1311Z,dr3isykoq6,claude-fable-5-1,Claude Fable 5.1,Claude Code,gpqa-diamond,GPQA Diamond,question-18,recV1nqYQvpII94oC,GPQA Diamond closed-book question 18 (Physics),longest,1200,96.5,0.0804,early,false,own,,false,false,false,provided,1,1,true,original-stable,true,,,,,,,,,,,,,
2026-09-26-1311Z,i6cqr6bjuq,claude-fable-5-1,Claude Fable 5.1,Claude Code,gpqa-diamond,GPQA Diamond,question-19,recPL4ZPpVYxgMu57,GPQA Diamond closed-book question 19 (Physics),shortest,75,77.5,1.0333,on_time,true,own,,false,false,false,provided,0,0,false,original-stable,true,,,,,,,,,,,,,
2026-09-26-1311Z,arcslqyzh4,claude-fable-5-1,Claude Fable 5.1,Claude Code,gpqa-diamond,GPQA Diamond,question-19,recPL4ZPpVYxgMu57,GPQA Diamond closed-book question 19 (Physics),middle,300,42.9,0.143,early,false,own,,false,false,false,provided,1,1,true,original-stable,true,,,,,,,,,,,,,
2026-09-26-1311Z,h7774kkpi2,claude-fable-5-1,Claude Fable 5.1,Claude Code,gpqa-diamond,GPQA Diamond,question-19,recPL4ZPpVYxgMu57,GPQA Diamond closed-book question 19 (Physics),longest,1200,29.3,0.0244,early,false,own,,false,false,false,provided,1,1,true,original-stable,true,,,,,,,,,,,,,
2026-09-26-1311Z,vlrop7kltr,claude-fable-5-1,Claude Fable 5.1,Claude Code,gpqa-diamond,GPQA Diamond,question-20,recpki12iG9RUGrz9,GPQA Diamond closed-book question 20 (Physics),shortest,75,91.1,1.2147,on_time,false,own,,false,false,false,provided,0,0,false,original-stable,true,,,,,,,,,,,,,
2026-09-26-1311Z,zkpjvn7v6o,claude-fable-5-1,Claude Fable 5.1,Claude Code,gpqa-diamond,GPQA Diamond,question-20,recpki12iG9RUGrz9,GPQA Diamond closed-book question 20 (Physics),middle,300,63.5,0.2117,early,false,own,,false,false,false,provided,1,1,true,original-stable,true,,,,,,,,,,,,,
2026-09-26-1311Z,xjt4cgevhv,claude-fable-5-1,Claude Fable 5.1,Claude Code,gpqa-diamond,GPQA Diamond,question-20,recpki12iG9RUGrz9,GPQA Diamond closed-book question 20 (Physics),longest,1200,47,0.0392,early,false,own,,false,false,false,provided,1,1,true,original-stable,true,,,,,,,,,,,,,
2026-09-26-1311Z,xl5t3jjpym,claude-fable-5-1,Claude Fable 5.1,Claude Code,gpqa-diamond,GPQA Diamond,question-21,reczjcMtrB1YGS2fO,GPQA Diamond closed-book question 21 (Physics),shortest,75,91.7,1.2227,on_time,false,own,,false,false,false,provided,1,1,true,original-stable,true,,,,,,,,,,,,,
2026-09-26-1311Z,vre6rb3cxx,claude-fable-5-1,Claude Fable 5.1,Claude Code,gpqa-diamond,GPQA Diamond,question-21,reczjcMtrB1YGS2fO,GPQA Diamond closed-book question 21 (Physics),middle,300,46.5,0.155,early,false,own,,false,false,false,provided,0,0,false,original-stable,true,,,,,,,,,,,,,
2026-09-26-1311Z,grtyumv4m2,claude-fable-5-1,Claude Fable 5.1,Claude Code,gpqa-diamond,GPQA Diamond,question-21,reczjcMtrB1YGS2fO,GPQA Diamond closed-book question 21 (Physics),longest,1200,57.6,0.048,early,false,own,,false,false,false,provided,1,1,true,original-stable,true,,,,,,,,,,,,,
2026-09-26-1311Z,unadt2ebim,claude-fable-5-1,Claude Fable 5.1,Claude Code,gpqa-diamond,GPQA Diamond,question-22,recnjViFrqlZNL3fY,GPQA Diamond closed-book question 22 (Physics),shortest,75,92.9,1.2387,on_time,false,own,,false,false,false,provided,1,1,true,original-stable,true,,,,,,,,,,,,,
2026-09-26-1311Z,h7dryhxd3a,claude-fable-5-1,Claude Fable 5.1,Claude Code,gpqa-diamond,GPQA Diamond,question-22,recnjViFrqlZNL3fY,GPQA Diamond closed-book question 22 (Physics),middle,300,46.5,0.155,early,false,own,,false,false,false,provided,1,1,true,original-stable,true,,,,,,,,,,,,,
2026-09-26-1311Z,5khhjxhuum,claude-fable-5-1,Claude Fable 5.1,Claude Code,gpqa-diamond,GPQA Diamond,question-22,recnjViFrqlZNL3fY,GPQA Diamond closed-book question 22 (Physics),longest,1200,35.4,0.0295,early,false,own,,false,false,false,provided,1,1,true,original-stable,true,,,,,,,,,,,,,
2026-09-26-1311Z,5uvvz2qdqg,claude-fable-5-1,Claude Fable 5.1,Claude Code,gpqa-diamond,GPQA Diamond,question-23,rec5eA17Qr1ucNLUf,GPQA Diamond closed-book question 23 (Physics),shortest,75,92.6,1.2347,on_time,false,own,,false,false,false,provided,0,0,false,original-stable,true,,,,,,,,,,,,,
2026-09-26-1311Z,ppulwhkdfv,claude-fable-5-1,Claude Fable 5.1,Claude Code,gpqa-diamond,GPQA Diamond,question-23,rec5eA17Qr1ucNLUf,GPQA Diamond closed-book question 23 (Physics),middle,300,319.6,1.0653,on_time,false,own,,false,false,false,provided,0,0,false,original-stable,true,,,,,,,,,,,,,
2026-09-26-1311Z,ttpspa6yyv,claude-fable-5-1,Claude Fable 5.1,Claude Code,gpqa-diamond,GPQA Diamond,question-23,rec5eA17Qr1ucNLUf,GPQA Diamond closed-book question 23 (Physics),longest,1200,49.3,0.0411,early,false,own,,false,false,false,provided,1,1,true,original-stable,true,,,,,,,,,,,,,
2026-09-26-1311Z,767dhgpqpz,claude-fable-5-1,Claude Fable 5.1,Claude Code,gpqa-diamond,GPQA Diamond,question-24,recPzW1WqRnPs57D6,GPQA Diamond closed-book question 24 (Physics),shortest,75,92.2,1.2293,on_time,false,own,,false,false,false,provided,1,1,true,original-stable,true,,,,,,,,,,,,,
2026-09-26-1311Z,icrruyujec,claude-fable-5-1,Claude Fable 5.1,Claude Code,gpqa-diamond,GPQA Diamond,question-24,recPzW1WqRnPs57D6,GPQA Diamond closed-book question 24 (Physics),middle,300,326.8,1.0893,on_time,false,own,,false,false,false,provided,0,0,false,original-stable,true,,,,,,,,,,,,,
2026-09-26-1311Z,ap2qdyns4w,claude-fable-5-1,Claude Fable 5.1,Claude Code,gpqa-diamond,GPQA Diamond,question-24,recPzW1WqRnPs57D6,GPQA Diamond closed-book question 24 (Physics),longest,1200,1222.3,1.0186,on_time,true,own,,false,false,false,provided,1,1,true,original-stable,true,,,,,,,,,,,,,
2026-09-26-1311Z,awntqofn3c,claude-fable-5-1,Claude Fable 5.1,Claude Code,gpqa-diamond,GPQA Diamond,question-25,recIj8lR4tuDgrHou,GPQA Diamond closed-book question 25 (Physics),shortest,75,88.2,1.176,on_time,false,own,,false,false,false,provided,1,1,true,original-stable,true,,,,,,,,,,,,,
2026-09-26-1311Z,rs4iu5dory,claude-fable-5-1,Claude Fable 5.1,Claude Code,gpqa-diamond,GPQA Diamond,question-25,recIj8lR4tuDgrHou,GPQA Diamond closed-book question 25 (Physics),middle,300,37,0.1233,early,false,own,,false,false,false,provided,1,1,true,original-stable,true,,,,,,,,,,,,,
2026-09-26-1311Z,tddjd54how,claude-fable-5-1,Claude Fable 5.1,Claude Code,gpqa-diamond,GPQA Diamond,question-25,recIj8lR4tuDgrHou,GPQA Diamond closed-book question 25 (Physics),longest,1200,50.1,0.0418,early,false,own,,false,false,false,provided,1,1,true,original-stable,true,,,,,,,,,,,,,
2026-09-26-1311Z,fpmcnibyxo,claude-fable-5-1,Claude Fable 5.1,Claude Code,gpqa-diamond,GPQA Diamond,question-26,rec8y3ZrBOcLgNEkE,GPQA Diamond closed-book question 26 (Physics),shortest,75,94.7,1.2627,late,false,own,,false,false,false,provided,1,1,true,original-stable,true,,,,,,,,,,,,,
2026-09-26-1311Z,dxk7ftbupk,claude-fable-5-1,Claude Fable 5.1,Claude Code,gpqa-diamond,GPQA Diamond,question-26,rec8y3ZrBOcLgNEkE,GPQA Diamond closed-book question 26 (Physics),middle,300,98.9,0.3297,early,false,own,,false,false,false,provided,1,1,true,original-stable,true,,,,,,,,,,,,,
2026-09-26-1311Z,dzjxcyzzjz,claude-fable-5-1,Claude Fable 5.1,Claude Code,gpqa-diamond,GPQA Diamond,question-26,rec8y3ZrBOcLgNEkE,GPQA Diamond closed-book question 26 (Physics),longest,1200,55.5,0.0463,early,false,own,,false,false,false,provided,1,1,true,original-stable,true,,,,,,,,,,,,,
2026-09-26-1311Z,2scungjx3k,claude-fable-5-1,Claude Fable 5.1,Claude Code,gpqa-diamond,GPQA Diamond,question-27,rec260hNUCEj109Dj,GPQA Diamond closed-book question 27 (Physics),shortest,75,92.2,1.2293,on_time,false,own,,false,false,false,provided,1,1,true,original-stable,true,,,,,,,,,,,,,
2026-09-26-1311Z,asqga5w7nv,claude-fable-5-1,Claude Fable 5.1,Claude Code,gpqa-diamond,GPQA Diamond,question-27,rec260hNUCEj109Dj,GPQA Diamond closed-book question 27 (Physics),middle,300,32.6,0.1087,early,false,own,,false,false,false,provided,1,1,true,original-stable,true,,,,,,,,,,,,,
2026-09-26-1311Z,yjdmolewgw,claude-fable-5-1,Claude Fable 5.1,Claude Code,gpqa-diamond,GPQA Diamond,question-27,rec260hNUCEj109Dj,GPQA Diamond closed-book question 27 (Physics),longest,1200,31.7,0.0264,early,false,own,,false,false,false,provided,1,1,true,original-stable,true,,,,,,,,,,,,,
2026-09-26-1311Z,cdjz7x32xj,claude-fable-5-1,Claude Fable 5.1,Claude Code,gpqa-diamond,GPQA Diamond,question-28,recS48OsU6kVadBPW,GPQA Diamond closed-book question 28 (Physics),shortest,75,91.2,1.216,on_time,false,own,,false,false,false,provided,1,1,true,original-stable,true,,,,,,,,,,,,,
2026-09-26-1311Z,5kosnwt2m2,claude-fable-5-1,Claude Fable 5.1,Claude Code,gpqa-diamond,GPQA Diamond,question-28,recS48OsU6kVadBPW,GPQA Diamond closed-book question 28 (Physics),middle,300,49.1,0.1637,early,false,own,,false,false,false,provided,1,1,true,original-stable,true,,,,,,,,,,,,,
2026-09-26-1311Z,45cyfuhlud,claude-fable-5-1,Claude Fable 5.1,Claude Code,gpqa-diamond,GPQA Diamond,question-28,recS48OsU6kVadBPW,GPQA Diamond closed-book question 28 (Physics),longest,1200,33.4,0.0278,early,false,own,,false,false,false,provided,1,1,true,original-stable,true,,,,,,,,,,,,,
2026-09-26-1311Z,y4gc3lbjhj,claude-fable-5-1,Claude Fable 5.1,Claude Code,humanitys-last-exam,Humanity's Last Exam,item-1,6724a047d917564737255345,Humanity's Last Exam item 1,shortest,75,1086.8,14.4907,late,false,own,,true,false,false,not_recorded,1,1,true,original-stable,true,,,,,,,,,,,,,
2026-09-26-1311Z,zbf6s7zefd,claude-fable-5-1,Claude Fable 5.1,Claude Code,humanitys-last-exam,Humanity's Last Exam,item-1,6724a047d917564737255345,Humanity's Last Exam item 1,middle,300,2400.1,8.0003,late,false,harness,error,true,false,false,not_recorded,0,0,false,original-stable,true,,,,,,,,,,,,,
2026-09-26-1311Z,li6vopgj4t,claude-fable-5-1,Claude Fable 5.1,Claude Code,humanitys-last-exam,Humanity's Last Exam,item-1,6724a047d917564737255345,Humanity's Last Exam item 1,longest,1200,2400.1,2.0001,late,false,harness,error,true,false,false,not_recorded,0,0,false,original-stable,true,,,,,,,,,,,,,
2026-09-26-1311Z,4fmv7p5hq2,claude-fable-5-1,Claude Fable 5.1,Claude Code,humanitys-last-exam,Humanity's Last Exam,item-2,6716afcdb8bcd4d88c34cd1d,Humanity's Last Exam item 2,shortest,75,97,1.2933,late,false,own,,false,false,false,provided,1,1,true,original-stable,true,,,,,,,,,,,,,
2026-09-26-1311Z,pdmdojg2lg,claude-fable-5-1,Claude Fable 5.1,Claude Code,humanitys-last-exam,Humanity's Last Exam,item-2,6716afcdb8bcd4d88c34cd1d,Humanity's Last Exam item 2,middle,300,117.3,0.391,early,false,own,,false,false,false,provided,1,1,true,original-stable,true,,,,,,,,,,,,,
2026-09-26-1311Z,34tt22zbqx,claude-fable-5-1,Claude Fable 5.1,Claude Code,humanitys-last-exam,Humanity's Last Exam,item-2,6716afcdb8bcd4d88c34cd1d,Humanity's Last Exam item 2,longest,1200,201.9,0.1683,early,false,own,,false,false,false,provided,1,1,true,original-stable,true,,,,,,,,,,,,,
2026-09-26-1311Z,p3kfbv2q6a,claude-fable-5-1,Claude Fable 5.1,Claude Code,humanitys-last-exam,Humanity's Last Exam,item-3,6724f79792419e4380b5686a,Humanity's Last Exam item 3,shortest,75,156.9,2.092,late,false,own,,false,false,false,provided,1,1,true,original-stable,true,,,,,,,,,,,,,
2026-09-26-1311Z,ohubtvufh2,claude-fable-5-1,Claude Fable 5.1,Claude Code,humanitys-last-exam,Humanity's Last Exam,item-3,6724f79792419e4380b5686a,Humanity's Last Exam item 3,middle,300,138.7,0.4623,early,false,own,,false,false,false,provided,1,1,true,original-stable,true,,,,,,,,,,,,,
2026-09-26-1311Z,6yqqnph3ec,claude-fable-5-1,Claude Fable 5.1,Claude Code,humanitys-last-exam,Humanity's Last Exam,item-3,6724f79792419e4380b5686a,Humanity's Last Exam item 3,longest,1200,196.6,0.1638,early,false,own,,false,false,false,provided,1,1,true,original-stable,true,,,,,,,,,,,,,
2026-09-26-1311Z,u5kamkhd5m,claude-fable-5-1,Claude Fable 5.1,Claude Code,humanitys-last-exam,Humanity's Last Exam,item-4,67191b3025b51504c14dd870,Humanity's Last Exam item 4,shortest,75,102.6,1.368,late,false,own,,false,false,false,provided,1,1,true,original-stable,true,,,,,,,,,,,,,
2026-09-26-1311Z,vwledt4dla,claude-fable-5-1,Claude Fable 5.1,Claude Code,humanitys-last-exam,Humanity's Last Exam,item-4,67191b3025b51504c14dd870,Humanity's Last Exam item 4,middle,300,91.6,0.3053,early,false,own,,false,false,false,provided,1,1,true,original-stable,true,,,,,,,,,,,,,
2026-09-26-1311Z,5pv63qzzdq,claude-fable-5-1,Claude Fable 5.1,Claude Code,humanitys-last-exam,Humanity's Last Exam,item-4,67191b3025b51504c14dd870,Humanity's Last Exam item 4,longest,1200,1226.9,1.0224,on_time,true,own,,false,false,false,provided,1,1,true,original-stable,true,,,,,,,,,,,,,
2026-09-26-1311Z,ytmgf2pept,claude-fable-5-1,Claude Fable 5.1,Claude Code,humanitys-last-exam,Humanity's Last Exam,item-5,66ffaae1068d942d32104650,Humanity's Last Exam item 5,shortest,75,112.5,1.5,late,false,own,,false,false,false,provided,1,1,true,original-stable,true,,,,,,,,,,,,,
2026-09-26-1311Z,sneo5evq3q,claude-fable-5-1,Claude Fable 5.1,Claude Code,humanitys-last-exam,Humanity's Last Exam,item-5,66ffaae1068d942d32104650,Humanity's Last Exam item 5,middle,300,359.9,1.1997,on_time,false,own,,false,false,false,provided,1,1,true,original-stable,true,,,,,,,,,,,,,
2026-09-26-1311Z,aagq3a6kzz,claude-fable-5-1,Claude Fable 5.1,Claude Code,humanitys-last-exam,Humanity's Last Exam,item-5,66ffaae1068d942d32104650,Humanity's Last Exam item 5,longest,1200,555.4,0.4628,early,false,own,,false,false,false,provided,1,1,true,original-stable,true,,,,,,,,,,,,,
2026-09-26-1311Z,nu4ychuvzj,claude-fable-5-1,Claude Fable 5.1,Claude Code,humanitys-last-exam,Humanity's Last Exam,item-6,670e92583011a5b80bfb6c60,Humanity's Last Exam item 6,shortest,75,167.8,2.2373,late,false,own,,false,false,false,provided,1,1,true,original-stable,true,,,,,,,,,,,,,
2026-09-26-1311Z,vjq7kheqxt,claude-fable-5-1,Claude Fable 5.1,Claude Code,humanitys-last-exam,Humanity's Last Exam,item-6,670e92583011a5b80bfb6c60,Humanity's Last Exam item 6,middle,300,270.4,0.9013,on_time,false,own,,false,false,false,provided,1,1,true,original-stable,true,,,,,,,,,,,,,
2026-09-26-1311Z,o7tpmt2v6r,claude-fable-5-1,Claude Fable 5.1,Claude Code,humanitys-last-exam,Humanity's Last Exam,item-6,670e92583011a5b80bfb6c60,Humanity's Last Exam item 6,longest,1200,146.9,0.1224,early,false,own,,false,false,false,provided,1,1,true,original-stable,true,,,,,,,,,,,,,
2026-09-26-1311Z,ngetn7yna5,claude-fable-5-1,Claude Fable 5.1,Claude Code,humanitys-last-exam,Humanity's Last Exam,item-7,66fcf48f6da31bbbe3d17e72,Humanity's Last Exam item 7,shortest,75,340.1,4.5347,late,false,own,,false,false,false,provided,1,1,true,original-stable,true,,,,,,,,,,,,,
2026-09-26-1311Z,pyu7wt7kwx,claude-fable-5-1,Claude Fable 5.1,Claude Code,humanitys-last-exam,Humanity's Last Exam,item-7,66fcf48f6da31bbbe3d17e72,Humanity's Last Exam item 7,middle,300,421.5,1.405,late,false,own,,false,false,false,provided,1,1,true,original-stable,true,,,,,,,,,,,,,
2026-09-26-1311Z,ihj6po5fpd,claude-fable-5-1,Claude Fable 5.1,Claude Code,humanitys-last-exam,Humanity's Last Exam,item-7,66fcf48f6da31bbbe3d17e72,Humanity's Last Exam item 7,longest,1200,477.7,0.3981,early,false,own,,false,false,false,provided,1,1,true,original-stable,true,,,,,,,,,,,,,
2026-09-26-1311Z,u6rihimrz4,claude-fable-5-1,Claude Fable 5.1,Claude Code,humanitys-last-exam,Humanity's Last Exam,item-8,67169906187dc7ac4a7ae1a8,Humanity's Last Exam item 8,shortest,75,442,5.8933,late,false,own,,false,false,false,provided,1,1,true,original-stable,true,,,,,,,,,,,,,
2026-09-26-1311Z,kvivbsnsab,claude-fable-5-1,Claude Fable 5.1,Claude Code,humanitys-last-exam,Humanity's Last Exam,item-8,67169906187dc7ac4a7ae1a8,Humanity's Last Exam item 8,middle,300,254.9,0.8497,on_time,false,own,,false,false,false,provided,1,1,true,original-stable,true,,,,,,,,,,,,,
2026-09-26-1311Z,m2gfkkid2o,claude-fable-5-1,Claude Fable 5.1,Claude Code,humanitys-last-exam,Humanity's Last Exam,item-8,67169906187dc7ac4a7ae1a8,Humanity's Last Exam item 8,longest,1200,1009.9,0.8416,on_time,false,own,,false,false,false,provided,1,1,true,original-stable,true,,,,,,,,,,,,,
2026-09-26-1311Z,nav7fhwh4q,claude-fable-5-1,Claude Fable 5.1,Claude Code,humanitys-last-exam,Humanity's Last Exam,item-9,673818e39b3842b34824240d,Humanity's Last Exam item 9,shortest,75,271.1,3.6147,late,false,own,,false,false,false,provided,1,1,true,original-stable,true,,,,,,,,,,,,,
2026-09-26-1311Z,yxi2hrh7gl,claude-fable-5-1,Claude Fable 5.1,Claude Code,humanitys-last-exam,Humanity's Last Exam,item-9,673818e39b3842b34824240d,Humanity's Last Exam item 9,middle,300,143,0.4767,early,false,own,,false,false,false,provided,1,1,true,original-stable,true,,,,,,,,,,,,,
2026-09-26-1311Z,nqgtbzjego,claude-fable-5-1,Claude Fable 5.1,Claude Code,humanitys-last-exam,Humanity's Last Exam,item-9,673818e39b3842b34824240d,Humanity's Last Exam item 9,longest,1200,277.4,0.2312,early,false,own,,false,false,false,provided,1,1,true,original-stable,true,,,,,,,,,,,,,
2026-09-26-1311Z,dp2nsi6d7n,claude-fable-5-1,Claude Fable 5.1,Claude Code,humanitys-last-exam,Humanity's Last Exam,item-10,67225b0a9e5897be2aec5257,Humanity's Last Exam item 10,shortest,75,337.9,4.5053,late,false,own,,false,false,false,provided,1,1,true,original-stable,true,,,,,,,,,,,,,
2026-09-26-1311Z,4rwajxjvr7,claude-fable-5-1,Claude Fable 5.1,Claude Code,humanitys-last-exam,Humanity's Last Exam,item-10,67225b0a9e5897be2aec5257,Humanity's Last Exam item 10,middle,300,220.4,0.7347,early,false,own,,false,false,false,provided,1,1,true,original-stable,true,,,,,,,,,,,,,
2026-09-26-1311Z,fk4tdxh3bv,claude-fable-5-1,Claude Fable 5.1,Claude Code,humanitys-last-exam,Humanity's Last Exam,item-10,67225b0a9e5897be2aec5257,Humanity's Last Exam item 10,longest,1200,571.1,0.4759,early,false,own,,false,false,false,provided,1,1,true,original-stable,true,,,,,,,,,,,,,
2026-09-26-1311Z,arndjg3esk,claude-fable-5-1,Claude Fable 5.1,Claude Code,humanitys-last-exam,Humanity's Last Exam,item-11,677da0a433769e54d305f23c,Humanity's Last Exam item 11,shortest,75,303.2,4.0427,late,false,own,,false,false,false,provided,1,1,true,original-stable,true,,,,,,,,,,,,,
2026-09-26-1311Z,3bgvihhabu,claude-fable-5-1,Claude Fable 5.1,Claude Code,humanitys-last-exam,Humanity's Last Exam,item-11,677da0a433769e54d305f23c,Humanity's Last Exam item 11,middle,300,386.6,1.2887,late,false,own,,false,false,false,provided,1,1,true,original-stable,true,,,,,,,,,,,,,
2026-09-26-1311Z,dhusywlfsc,claude-fable-5-1,Claude Fable 5.1,Claude Code,humanitys-last-exam,Humanity's Last Exam,item-11,677da0a433769e54d305f23c,Humanity's Last Exam item 11,longest,1200,361.2,0.301,early,false,own,,false,false,false,provided,1,1,true,original-stable,true,,,,,,,,,,,,,
2026-09-26-1311Z,fs37fvd7ww,claude-fable-5-1,Claude Fable 5.1,Claude Code,humanitys-last-exam,Humanity's Last Exam,item-12,671567cd87cd585dc9f613db,Humanity's Last Exam item 12,shortest,75,134.9,1.7987,late,false,own,,false,false,false,provided,1,1,true,original-stable,true,,,,,,,,,,,,,
2026-09-26-1311Z,kudt5mx7fe,claude-fable-5-1,Claude Fable 5.1,Claude Code,humanitys-last-exam,Humanity's Last Exam,item-12,671567cd87cd585dc9f613db,Humanity's Last Exam item 12,middle,300,278.1,0.927,on_time,false,own,,false,false,false,provided,1,1,true,original-stable,true,,,,,,,,,,,,,
2026-09-26-1311Z,zw2tiobvg7,claude-fable-5-1,Claude Fable 5.1,Claude Code,humanitys-last-exam,Humanity's Last Exam,item-12,671567cd87cd585dc9f613db,Humanity's Last Exam item 12,longest,1200,201.4,0.1678,early,false,own,,false,false,false,provided,1,1,true,original-stable,true,,,,,,,,,,,,,
2026-09-26-1311Z,ykraby367n,claude-fable-5-1,Claude Fable 5.1,Claude Code,humanitys-last-exam,Humanity's Last Exam,item-13,67249d57d91756473725533a,Humanity's Last Exam item 13,shortest,75,99.3,1.324,late,false,own,,false,false,false,provided,0,0,false,original-stable,true,,,,,,,,,,,,,
2026-09-26-1311Z,2ko2rdwl4c,claude-fable-5-1,Claude Fable 5.1,Claude Code,humanitys-last-exam,Humanity's Last Exam,item-13,67249d57d91756473725533a,Humanity's Last Exam item 13,middle,300,86,0.2867,early,false,own,,false,false,false,provided,0,0,false,original-stable,true,,,,,,,,,,,,,
2026-09-26-1311Z,aetotzwbgn,claude-fable-5-1,Claude Fable 5.1,Claude Code,humanitys-last-exam,Humanity's Last Exam,item-13,67249d57d91756473725533a,Humanity's Last Exam item 13,longest,1200,103.2,0.086,early,false,own,,false,false,false,provided,0,0,false,original-stable,true,,,,,,,,,,,,,
2026-09-26-1311Z,srkxusmx2n,claude-fable-5-1,Claude Fable 5.1,Claude Code,humanitys-last-exam,Humanity's Last Exam,item-14,66eb894e6feeaea27b557782,Humanity's Last Exam item 14,shortest,75,140.9,1.8787,late,false,own,,false,false,false,provided,1,1,true,original-stable,true,,,,,,,,,,,,,
2026-09-26-1311Z,6a36tm7jya,claude-fable-5-1,Claude Fable 5.1,Claude Code,humanitys-last-exam,Humanity's Last Exam,item-14,66eb894e6feeaea27b557782,Humanity's Last Exam item 14,middle,300,306,1.02,on_time,true,own,,false,false,false,provided,1,1,true,original-stable,true,,,,,,,,,,,,,
2026-09-26-1311Z,372ahtijhf,claude-fable-5-1,Claude Fable 5.1,Claude Code,humanitys-last-exam,Humanity's Last Exam,item-14,66eb894e6feeaea27b557782,Humanity's Last Exam item 14,longest,1200,1458.8,1.2157,on_time,false,own,,false,false,false,provided,1,1,true,original-stable,true,,,,,,,,,,,,,
2026-09-26-1311Z,7uposbztzi,claude-fable-5-1,Claude Fable 5.1,Claude Code,humanitys-last-exam,Humanity's Last Exam,item-15,6717dd24e8666ff79cdd82b0,Humanity's Last Exam item 15,shortest,75,88.4,1.1787,on_time,false,own,,false,false,false,provided,1,1,true,original-stable,true,,,,,,,,,,,,,
2026-09-26-1311Z,ocg3lkqsh3,claude-fable-5-1,Claude Fable 5.1,Claude Code,humanitys-last-exam,Humanity's Last Exam,item-15,6717dd24e8666ff79cdd82b0,Humanity's Last Exam item 15,middle,300,43.5,0.145,early,false,own,,false,false,false,provided,1,1,true,original-stable,true,,,,,,,,,,,,,
2026-09-26-1311Z,snixci3cft,claude-fable-5-1,Claude Fable 5.1,Claude Code,humanitys-last-exam,Humanity's Last Exam,item-15,6717dd24e8666ff79cdd82b0,Humanity's Last Exam item 15,longest,1200,145.2,0.121,early,false,own,,false,false,false,provided,1,1,true,original-stable,true,,,,,,,,,,,,,
2026-09-26-1311Z,yw6zca5fn6,claude-fable-5-1,Claude Fable 5.1,Claude Code,humanitys-last-exam,Humanity's Last Exam,item-16,671ef4bd6edc2afd6995897b,Humanity's Last Exam item 16,shortest,75,91.8,1.224,on_time,false,own,,false,false,false,provided,1,1,true,original-stable,true,,,,,,,,,,,,,
2026-09-26-1311Z,xsung7emf5,claude-fable-5-1,Claude Fable 5.1,Claude Code,humanitys-last-exam,Humanity's Last Exam,item-16,671ef4bd6edc2afd6995897b,Humanity's Last Exam item 16,middle,300,338.2,1.1273,on_time,false,own,,false,false,false,provided,1,1,true,original-stable,true,,,,,,,,,,,,,
2026-09-26-1311Z,tiv5ett2p5,claude-fable-5-1,Claude Fable 5.1,Claude Code,humanitys-last-exam,Humanity's Last Exam,item-16,671ef4bd6edc2afd6995897b,Humanity's Last Exam item 16,longest,1200,1225.7,1.0214,on_time,true,own,,false,false,false,provided,1,1,true,original-stable,true,,,,,,,,,,,,,
2026-09-26-1311Z,kndghrlz52,claude-fable-5-1,Claude Fable 5.1,Claude Code,humanitys-last-exam,Humanity's Last Exam,item-17,671eeb53c1a668a6c81e5993,Humanity's Last Exam item 17,shortest,75,137,1.8267,late,false,own,,false,false,false,provided,0,0,false,original-stable,true,,,,,,,,,,,,,
2026-09-26-1311Z,o3ixvrdbdu,claude-fable-5-1,Claude Fable 5.1,Claude Code,humanitys-last-exam,Humanity's Last Exam,item-17,671eeb53c1a668a6c81e5993,Humanity's Last Exam item 17,middle,300,169.8,0.566,early,false,own,,false,false,false,provided,0,0,false,original-stable,true,,,,,,,,,,,,,
2026-09-26-1311Z,kizykftxja,claude-fable-5-1,Claude Fable 5.1,Claude Code,humanitys-last-exam,Humanity's Last Exam,item-17,671eeb53c1a668a6c81e5993,Humanity's Last Exam item 17,longest,1200,141.8,0.1182,early,false,own,,false,false,false,provided,0,0,false,original-stable,true,,,,,,,,,,,,,
2026-09-26-1311Z,h33d5nj4jm,claude-fable-5-1,Claude Fable 5.1,Claude Code,humanitys-last-exam,Humanity's Last Exam,item-18,66eaa401c7a3252f0f3fe535,Humanity's Last Exam item 18,shortest,75,132.5,1.7667,late,false,own,,false,false,false,provided,1,1,true,original-stable,true,,,,,,,,,,,,,
2026-09-26-1311Z,bwr22iypxi,claude-fable-5-1,Claude Fable 5.1,Claude Code,humanitys-last-exam,Humanity's Last Exam,item-18,66eaa401c7a3252f0f3fe535,Humanity's Last Exam item 18,middle,300,209.7,0.699,early,false,own,,false,false,false,provided,1,1,true,original-stable,true,,,,,,,,,,,,,
2026-09-26-1311Z,l22etf3sgl,claude-fable-5-1,Claude Fable 5.1,Claude Code,humanitys-last-exam,Humanity's Last Exam,item-18,66eaa401c7a3252f0f3fe535,Humanity's Last Exam item 18,longest,1200,146.6,0.1222,early,false,own,,false,false,false,provided,1,1,true,original-stable,true,,,,,,,,,,,,,
2026-09-26-1311Z,o7nyjwbj7m,claude-fable-5-1,Claude Fable 5.1,Claude Code,humanitys-last-exam,Humanity's Last Exam,item-19,670edc9dbddc0cfe673272c8,Humanity's Last Exam item 19,shortest,75,526,7.0133,late,false,own,,false,false,false,provided,1,1,true,original-stable,true,,,,,,,,,,,,,
2026-09-26-1311Z,myvyidgvpi,claude-fable-5-1,Claude Fable 5.1,Claude Code,humanitys-last-exam,Humanity's Last Exam,item-19,670edc9dbddc0cfe673272c8,Humanity's Last Exam item 19,middle,300,898.9,2.9963,late,false,own,,false,false,false,provided,1,1,true,original-stable,true,,,,,,,,,,,,,
2026-09-26-1311Z,uttgv4363p,claude-fable-5-1,Claude Fable 5.1,Claude Code,humanitys-last-exam,Humanity's Last Exam,item-19,670edc9dbddc0cfe673272c8,Humanity's Last Exam item 19,longest,1200,615.5,0.5129,early,false,own,,false,false,false,provided,1,1,true,original-stable,true,,,,,,,,,,,,,
2026-09-26-1311Z,abfcugpmfk,claude-fable-5-1,Claude Fable 5.1,Claude Code,humanitys-last-exam,Humanity's Last Exam,item-20,67364d570965d02f400bb6d2,Humanity's Last Exam item 20,shortest,75,131.2,1.7493,late,false,own,,false,false,false,provided,1,1,true,original-stable,true,,,,,,,,,,,,,
2026-09-26-1311Z,5lsureaatp,claude-fable-5-1,Claude Fable 5.1,Claude Code,humanitys-last-exam,Humanity's Last Exam,item-20,67364d570965d02f400bb6d2,Humanity's Last Exam item 20,middle,300,470.9,1.5697,late,false,own,,false,false,false,provided,1,1,true,original-stable,true,,,,,,,,,,,,,
2026-09-26-1311Z,x2vrpn53va,claude-fable-5-1,Claude Fable 5.1,Claude Code,humanitys-last-exam,Humanity's Last Exam,item-20,67364d570965d02f400bb6d2,Humanity's Last Exam item 20,longest,1200,153,0.1275,early,false,own,,false,false,false,provided,1,1,true,original-stable,true,,,,,,,,,,,,,
2026-09-26-1311Z,zfzpppcb3h,claude-fable-5-1,Claude Fable 5.1,Claude Code,humanitys-last-exam,Humanity's Last Exam,item-21,66e9b2899cf8fcf41599246f,Humanity's Last Exam item 21,shortest,75,59.7,0.796,early,false,own,,false,false,false,provided,1,1,true,original-stable,true,,,,,,,,,,,,,
2026-09-26-1311Z,xsu3ro36uc,claude-fable-5-1,Claude Fable 5.1,Claude Code,humanitys-last-exam,Humanity's Last Exam,item-21,66e9b2899cf8fcf41599246f,Humanity's Last Exam item 21,middle,300,61.3,0.2043,early,false,own,,false,false,false,provided,1,1,true,original-stable,true,,,,,,,,,,,,,
2026-09-26-1311Z,phgh77vnw4,claude-fable-5-1,Claude Fable 5.1,Claude Code,humanitys-last-exam,Humanity's Last Exam,item-21,66e9b2899cf8fcf41599246f,Humanity's Last Exam item 21,longest,1200,67.3,0.0561,early,false,own,,false,false,false,provided,1,1,true,original-stable,true,,,,,,,,,,,,,
2026-09-26-1311Z,myai7vduee,claude-fable-5-1,Claude Fable 5.1,Claude Code,humanitys-last-exam,Humanity's Last Exam,item-22,670fb58f2ca6bea76e9354a7,Humanity's Last Exam item 22,shortest,75,62.9,0.8387,on_time,false,own,,false,false,false,provided,1,1,true,original-stable,true,,,,,,,,,,,,,
2026-09-26-1311Z,6tfozldp3u,claude-fable-5-1,Claude Fable 5.1,Claude Code,humanitys-last-exam,Humanity's Last Exam,item-22,670fb58f2ca6bea76e9354a7,Humanity's Last Exam item 22,middle,300,94.7,0.3157,early,false,own,,false,false,false,provided,1,1,true,original-stable,true,,,,,,,,,,,,,
2026-09-26-1311Z,ntxv2rhhpz,claude-fable-5-1,Claude Fable 5.1,Claude Code,humanitys-last-exam,Humanity's Last Exam,item-22,670fb58f2ca6bea76e9354a7,Humanity's Last Exam item 22,longest,1200,95.1,0.0793,early,false,own,,false,false,false,provided,1,1,true,original-stable,true,,,,,,,,,,,,,
2026-09-26-1311Z,n5r5kso5yu,claude-fable-5-1,Claude Fable 5.1,Claude Code,humanitys-last-exam,Humanity's Last Exam,item-23,674761ffca5b554156dc9037,Humanity's Last Exam item 23,shortest,75,119.3,1.5907,late,false,own,,false,false,false,provided,1,1,true,original-stable,true,,,,,,,,,,,,,
2026-09-26-1311Z,z7td754acs,claude-fable-5-1,Claude Fable 5.1,Claude Code,humanitys-last-exam,Humanity's Last Exam,item-23,674761ffca5b554156dc9037,Humanity's Last Exam item 23,middle,300,235.6,0.7853,early,false,own,,false,false,false,provided,1,1,true,original-stable,true,,,,,,,,,,,,,
2026-09-26-1311Z,6ipape22jr,claude-fable-5-1,Claude Fable 5.1,Claude Code,humanitys-last-exam,Humanity's Last Exam,item-23,674761ffca5b554156dc9037,Humanity's Last Exam item 23,longest,1200,1222.9,1.0191,on_time,true,own,,false,false,false,provided,1,1,true,original-stable,true,,,,,,,,,,,,,
2026-09-26-1311Z,magpq5it3f,claude-fable-5-1,Claude Fable 5.1,Claude Code,humanitys-last-exam,Humanity's Last Exam,item-24,6721ad631648dda151c2a7ec,Humanity's Last Exam item 24,shortest,75,1041.6,13.888,late,false,harness,error,true,false,false,not_recorded,0,0,false,original-stable,true,,,,,,,,,,,,,
2026-09-26-1311Z,gwgvq52csu,claude-fable-5-1,Claude Fable 5.1,Claude Code,humanitys-last-exam,Humanity's Last Exam,item-24,6721ad631648dda151c2a7ec,Humanity's Last Exam item 24,middle,300,330.4,1.1013,on_time,false,own,,false,false,false,provided,1,1,true,original-stable,true,,,,,,,,,,,,,
2026-09-26-1311Z,xblguy442c,claude-fable-5-1,Claude Fable 5.1,Claude Code,humanitys-last-exam,Humanity's Last Exam,item-24,6721ad631648dda151c2a7ec,Humanity's Last Exam item 24,longest,1200,415.4,0.3462,early,false,own,,false,false,false,provided,1,1,true,original-stable,true,,,,,,,,,,,,,
2026-09-26-1311Z,hq5o43j3fu,claude-fable-5-1,Claude Fable 5.1,Claude Code,osworld,OSWorld 2.0,001,001,Defense schedule,shortest,900,1812.7,2.0141,late,false,own,,false,false,false,not_applicable,1.0,1,true,original-stable,true,,,,,,,,,,,,,
2026-09-26-1311Z,nh7psibfr7,claude-fable-5-1,Claude Fable 5.1,Claude Code,osworld,OSWorld 2.0,001,001,Defense schedule,middle,3600,1761.8,0.4894,early,false,own,,false,false,false,not_applicable,1.0,1,true,original-stable,true,,,,,,,,,,,,,
2026-09-26-1311Z,fgqfasksib,claude-fable-5-1,Claude Fable 5.1,Claude Code,osworld,OSWorld 2.0,001,001,Defense schedule,longest,15000,3285.8,0.2191,early,false,own,,false,false,false,not_applicable,0.8888888888888888,0.8888888888888888,false,original-stable,true,,,,,,,,,,,,,
2026-09-26-1311Z,l3uhymcrmb,claude-fable-5-1,Claude Fable 5.1,Claude Code,osworld,OSWorld 2.0,010,010,Reimbursement package,shortest,900,815.7,0.9063,on_time,false,own,,false,false,false,not_applicable,1,1,true,original-stable,true,,,,,,,,,,,,,
2026-09-26-1311Z,ojhopyvve6,claude-fable-5-1,Claude Fable 5.1,Claude Code,osworld,OSWorld 2.0,010,010,Reimbursement package,middle,3600,873.5,0.2426,early,false,own,,false,false,false,not_applicable,1,1,true,original-stable,true,,,,,,,,,,,,,
2026-09-26-1311Z,dnj2ndfnfo,claude-fable-5-1,Claude Fable 5.1,Claude Code,osworld,OSWorld 2.0,010,010,Reimbursement package,longest,15000,2798.7,0.1866,early,false,own,,false,false,false,not_applicable,1,1,true,original-stable,true,,,,,,,,,,,,,
2026-09-26-1311Z,lbki4te3x6,claude-fable-5-1,Claude Fable 5.1,Claude Code,osworld,OSWorld 2.0,029,029,Local event booking QA,shortest,900,743.5,0.8261,on_time,false,own,,false,false,false,not_applicable,0.5454545454545454,0.5454545454545454,false,original-stable,true,,,,,,,,,,,,,
2026-09-26-1311Z,tplct233n3,claude-fable-5-1,Claude Fable 5.1,Claude Code,osworld,OSWorld 2.0,029,029,Local event booking QA,middle,3600,3114.2,0.8651,on_time,false,own,,false,false,false,not_applicable,0.7575757575757576,0.7575757575757576,false,original-stable,true,,,,,,,,,,,,,
2026-09-26-1311Z,geqavefr2u,claude-fable-5-1,Claude Fable 5.1,Claude Code,osworld,OSWorld 2.0,029,029,Local event booking QA,longest,15000,5099.1,0.3399,early,false,own,,false,false,false,not_applicable,0.7878787878787878,0.7878787878787878,false,original-stable,true,,,,,,,,,,,,,
2026-09-26-1311Z,5eunxvvj3g,claude-fable-5-1,Claude Fable 5.1,Claude Code,osworld,OSWorld 2.0,038,038,CRM leads,shortest,900,881,0.9789,on_time,true,own,,false,false,false,not_applicable,0.3621,0.3621,false,original-stable,true,,,,,,,,,,,,,
2026-09-26-1311Z,of2w5auvq2,claude-fable-5-1,Claude Fable 5.1,Claude Code,osworld,OSWorld 2.0,038,038,CRM leads,middle,3600,4600.5,1.2779,late,false,own,,false,false,false,not_applicable,1.0,1,true,original-stable,true,,,,,,,,,,,,,
2026-09-26-1311Z,uakhudoo5v,claude-fable-5-1,Claude Fable 5.1,Claude Code,osworld,OSWorld 2.0,038,038,CRM leads,longest,15000,4473.5,0.2982,early,false,own,,false,false,false,not_applicable,0.9517,0.9517,false,original-stable,true,,,,,,,,,,,,,
2026-09-26-1311Z,tu2vqgf2lp,claude-fable-5-1,Claude Fable 5.1,Claude Code,osworld,OSWorld 2.0,043,043,Twenty recurring meetings,shortest,900,6103,6.7811,late,false,own,,false,false,false,not_applicable,0.6875,0.6875,false,original-stable,true,,,,,,,,,,,,,
2026-09-26-1311Z,pesslpyl7u,claude-fable-5-1,Claude Fable 5.1,Claude Code,osworld,OSWorld 2.0,043,043,Twenty recurring meetings,middle,3600,6296.8,1.7491,late,false,own,,false,false,false,not_applicable,0.6875,0.6875,false,original-stable,true,,,,,,,,,,,,,
2026-09-26-1311Z,7gdwt7tupx,claude-fable-5-1,Claude Fable 5.1,Claude Code,osworld,OSWorld 2.0,043,043,Twenty recurring meetings,longest,15000,3109,0.2073,early,false,own,,false,false,false,not_applicable,0.6875,0.6875,false,original-stable,true,,,,,,,,,,,,,
2026-09-26-1311Z,zrfvdu2tkq,claude-fable-5-1,Claude Fable 5.1,Claude Code,osworld,OSWorld 2.0,046,046,"Invoices, photos, and email",shortest,900,1125.4,1.2504,late,false,own,,false,false,false,not_applicable,0.35,0.35,false,original-stable,true,,,,,,,,,,,,,
2026-09-26-1311Z,nwvaxz4ctg,claude-fable-5-1,Claude Fable 5.1,Claude Code,osworld,OSWorld 2.0,046,046,"Invoices, photos, and email",middle,3600,3647.3,1.0131,on_time,true,own,,false,false,false,not_applicable,1,1,true,original-stable,true,,,,,,,,,,,,,
2026-09-26-1311Z,sd7scyjxhy,claude-fable-5-1,Claude Fable 5.1,Claude Code,osworld,OSWorld 2.0,046,046,"Invoices, photos, and email",longest,15000,2379.9,0.1587,early,false,own,,false,false,false,not_applicable,1,1,true,original-stable,true,,,,,,,,,,,,,
2026-09-26-1311Z,chwswzuzut,claude-fable-5-1,Claude Fable 5.1,Claude Code,osworld,OSWorld 2.0,051,051,GIMP composite,shortest,900,862.9,0.9588,on_time,true,own,,false,false,false,not_applicable,0.2,0.2,false,original-stable,true,,,,,,,,,,,,,
2026-09-26-1311Z,m2kfd54zvd,claude-fable-5-1,Claude Fable 5.1,Claude Code,osworld,OSWorld 2.0,051,051,GIMP composite,middle,3600,11362.1,3.1561,late,false,own,,false,false,false,not_applicable,0.8,0.8,false,original-stable,true,,,,,,,,,,,,,
2026-09-26-1311Z,hgdvexnvwa,claude-fable-5-1,Claude Fable 5.1,Claude Code,osworld,OSWorld 2.0,051,051,GIMP composite,longest,15000,7739.6,0.516,early,false,own,,false,false,false,not_applicable,0.8,0.8,false,original-stable,true,,,,,,,,,,,,,
2026-09-26-1311Z,ymin6v4xko,claude-fable-5-1,Claude Fable 5.1,Claude Code,osworld,OSWorld 2.0,059,059,GeoGebra vase and volume,shortest,900,920.7,1.023,on_time,true,own,,false,false,false,not_applicable,0.2,0.2,false,original-stable,true,,,,,,,,,,,,,
2026-09-26-1311Z,36zlxdh3wq,claude-fable-5-1,Claude Fable 5.1,Claude Code,osworld,OSWorld 2.0,059,059,GeoGebra vase and volume,middle,3600,3128.4,0.869,on_time,false,own,,false,false,false,not_applicable,0.2,0.2,false,original-stable,true,,,,,,,,,,,,,
2026-09-26-1311Z,65bg3ahau5,claude-fable-5-1,Claude Fable 5.1,Claude Code,osworld,OSWorld 2.0,059,059,GeoGebra vase and volume,longest,15000,11156.6,0.7438,early,false,own,,false,false,false,not_applicable,0.2,0.2,false,original-stable,true,,,,,,,,,,,,,
2026-09-26-1311Z,z3ogrrtobi,claude-fable-5-1,Claude Fable 5.1,Claude Code,osworld,OSWorld 2.0,067,067,MuseScore transcription,shortest,900,705.9,0.7843,early,false,own,,false,false,false,not_applicable,0.0,0,false,original-stable,true,,,,,,,,,,,,,
2026-09-26-1311Z,ppfklmnkco,claude-fable-5-1,Claude Fable 5.1,Claude Code,osworld,OSWorld 2.0,067,067,MuseScore transcription,middle,3600,2579.9,0.7166,early,false,own,,false,false,false,not_applicable,0.4531,0.4531,false,original-stable,true,,,,,,,,,,,,,
2026-09-26-1311Z,443676ywfx,claude-fable-5-1,Claude Fable 5.1,Claude Code,osworld,OSWorld 2.0,067,067,MuseScore transcription,longest,15000,9507.1,0.6338,early,false,own,,false,false,false,not_applicable,0.7656,0.7656,false,original-stable,true,,,,,,,,,,,,,
2026-09-26-1311Z,x55obbcaqw,claude-fable-5-1,Claude Fable 5.1,Claude Code,osworld,OSWorld 2.0,083,083,"Zotero, Obsidian, and BibTeX",shortest,900,720.6,0.8007,on_time,false,own,,false,false,false,not_applicable,0.8400000000000002,0.8400000000000002,false,original-stable,true,,,,,,,,,,,,,
2026-09-26-1311Z,j5luczy5e6,claude-fable-5-1,Claude Fable 5.1,Claude Code,osworld,OSWorld 2.0,083,083,"Zotero, Obsidian, and BibTeX",middle,3600,2780.5,0.7724,early,false,own,,false,false,false,not_applicable,0.9900000000000001,0.9900000000000001,false,original-stable,true,,,,,,,,,,,,,
2026-09-26-1311Z,uuk4gc6ulr,claude-fable-5-1,Claude Fable 5.1,Claude Code,osworld,OSWorld 2.0,083,083,"Zotero, Obsidian, and BibTeX",longest,15000,3451.7,0.2301,early,false,own,,false,false,false,not_applicable,0.9900000000000001,0.9900000000000001,false,original-stable,true,,,,,,,,,,,,,
2026-09-26-1311Z,bt4wpeeuqj,claude-fable-5-1,Claude Fable 5.1,Claude Code,osworld,OSWorld 2.0,084,084,JSFX and REAPER render,shortest,900,30600.2,34.0002,late,false,harness,safety_cutoff,false,false,false,not_applicable,0.0,0,false,original-stable,true,,,,,,,,,,,,,
2026-09-26-1311Z,v6uts7r2jk,claude-fable-5-1,Claude Fable 5.1,Claude Code,osworld,OSWorld 2.0,084,084,JSFX and REAPER render,middle,3600,2073.8,0.5761,early,false,own,,false,false,false,not_applicable,0.9999898000000003,0.9999898000000003,true,original-stable,true,,,,,,,,,,,,,
2026-09-26-1311Z,2k6k2kehkf,claude-fable-5-1,Claude Fable 5.1,Claude Code,osworld,OSWorld 2.0,084,084,JSFX and REAPER render,longest,15000,2640.5,0.176,early,false,own,,false,false,false,not_applicable,0.9999898000000003,0.9999898000000003,true,original-stable,true,,,,,,,,,,,,,
2026-09-26-1311Z,ndkvnbmea2,claude-fable-5-1,Claude Fable 5.1,Claude Code,osworld,OSWorld 2.0,085,085,Radio bumper,shortest,900,1630.4,1.8116,late,false,own,,false,false,false,not_applicable,0.6536,0.6536,false,original-stable,true,,,,,,,,,,,,,
2026-09-26-1311Z,2wc4jc556z,claude-fable-5-1,Claude Fable 5.1,Claude Code,osworld,OSWorld 2.0,085,085,Radio bumper,middle,3600,3047.5,0.8465,on_time,false,own,,false,false,false,not_applicable,0.4953,0.4953,false,original-stable,true,,,,,,,,,,,,,
2026-09-26-1311Z,dhnrjeaffy,claude-fable-5-1,Claude Fable 5.1,Claude Code,osworld,OSWorld 2.0,085,085,Radio bumper,longest,15000,15140.4,1.0094,on_time,true,own,,false,false,false,not_applicable,0.0,0,false,original-stable,true,,,,,,,,,,,,,
2026-09-26-1311Z,wam4dqesns,claude-fable-5-1,Claude Fable 5.1,Claude Code,osworld,OSWorld 2.0,088,088,"Calc macros, contracts, and emails",shortest,900,1618.4,1.7982,late,false,own,,false,false,false,not_applicable,1.0,1,true,original-stable,true,,,,,,,,,,,,,
2026-09-26-1311Z,bxzcz6k7ge,claude-fable-5-1,Claude Fable 5.1,Claude Code,osworld,OSWorld 2.0,088,088,"Calc macros, contracts, and emails",middle,3600,3242.7,0.9008,on_time,false,own,,false,false,false,not_applicable,1.0,1,true,original-stable,true,,,,,,,,,,,,,
2026-09-26-1311Z,3xrbql3u4o,claude-fable-5-1,Claude Fable 5.1,Claude Code,osworld,OSWorld 2.0,088,088,"Calc macros, contracts, and emails",longest,15000,5261.5,0.3508,early,false,own,,false,false,false,not_applicable,1.0,1,true,original-stable,true,,,,,,,,,,,,,
2026-09-26-1311Z,7vd2mjgvay,claude-fable-5-1,Claude Fable 5.1,Claude Code,osworld,OSWorld 2.0,092,092,Blender logo and Impress,shortest,900,5068.9,5.6321,late,false,harness,safety_cutoff,false,false,false,not_applicable,0.4,0.4,false,original-stable,true,,,,,,,,,,,,,
2026-09-26-1311Z,fsmgeyv57z,claude-fable-5-1,Claude Fable 5.1,Claude Code,osworld,OSWorld 2.0,092,092,Blender logo and Impress,middle,3600,3146.9,0.8741,on_time,false,own,,false,false,false,not_applicable,0.4,0.4,false,original-stable,true,,,,,,,,,,,,,
2026-09-26-1311Z,jzig53qjvq,claude-fable-5-1,Claude Fable 5.1,Claude Code,osworld,OSWorld 2.0,092,092,Blender logo and Impress,longest,15000,5721.5,0.3814,early,false,own,,false,false,false,not_applicable,0.8,0.8,false,original-stable,true,,,,,,,,,,,,,
2026-09-26-1311Z,aqwiatrwrf,claude-fable-5-1,Claude Fable 5.1,Claude Code,osworld,OSWorld 2.0,103,103,FreeCAD bracket,shortest,900,771.6,0.8573,on_time,false,own,,false,false,false,not_applicable,0.8193944041958774,0.8193944041958774,false,original-stable,true,,,,,,,,,,,,,
2026-09-26-1311Z,stm4dsegye,claude-fable-5-1,Claude Fable 5.1,Claude Code,osworld,OSWorld 2.0,103,103,FreeCAD bracket,middle,3600,2547.9,0.7078,early,false,own,,false,false,false,not_applicable,0.9736837671587704,0.9736837671587704,false,original-stable,true,,,,,,,,,,,,,
2026-09-26-1311Z,72vbafbjek,claude-fable-5-1,Claude Fable 5.1,Claude Code,osworld,OSWorld 2.0,103,103,FreeCAD bracket,longest,15000,30600.2,2.04,late,false,harness,safety_cutoff,false,false,false,not_applicable,0.788741685151484,0.788741685151484,false,original-stable,true,,,,,,,,,,,,,
2026-09-26-1311Z,ff2ejyltyx,claude-fable-5-1,Claude Fable 5.1,Claude Code,osworld,OSWorld 2.0,108,108,KiCad schematic and PCB,shortest,900,856.1,0.9512,on_time,true,own,,false,false,false,not_applicable,0,0,false,original-stable,true,,,,,,,,,,,,,
2026-09-26-1311Z,m7hx3zgb3b,claude-fable-5-1,Claude Fable 5.1,Claude Code,osworld,OSWorld 2.0,108,108,KiCad schematic and PCB,middle,3600,3069.2,0.8526,on_time,false,own,,false,false,false,not_applicable,0.439655,0.439655,false,original-stable,true,,,,,,,,,,,,,
2026-09-26-1311Z,awfdyqabnr,claude-fable-5-1,Claude Fable 5.1,Claude Code,osworld,OSWorld 2.0,108,108,KiCad schematic and PCB,longest,15000,14531.4,0.9688,on_time,true,own,,false,false,false,not_applicable,0.605172,0.605172,false,original-stable,true,,,,,,,,,,,,,
2026-09-26-1311Z,7wf3cvq2bg,claude-fable-5-1,Claude Fable 5.1,Claude Code,pptarena,PPTArena,17,17,Coordinated category boards,shortest,90,984.2,10.9356,late,false,own,,false,false,false,not_applicable,"Instructions 2.00 of 5, visuals 4.00 of 5",,,original-stable,true,,,,,,,,,,,,,
2026-09-26-1311Z,n2rtg53dzi,claude-fable-5-1,Claude Fable 5.1,Claude Code,pptarena,PPTArena,17,17,Coordinated category boards,middle,360,1377.5,3.8264,late,false,own,,false,false,false,not_applicable,"Instructions 2.00 of 5, visuals 4.00 of 5",,,original-stable,true,,,,,,,,,,,,,
2026-09-26-1311Z,4kwlx3hg2u,claude-fable-5-1,Claude Fable 5.1,Claude Code,pptarena,PPTArena,17,17,Coordinated category boards,longest,1500,916,0.6107,early,false,own,,false,false,false,not_applicable,"Instructions 3.00 of 5, visuals 4.00 of 5",,,original-stable,true,,,,,,,,,,,,,
2026-09-26-1311Z,jdyxreeqny,claude-fable-5-1,Claude Fable 5.1,Claude Code,pptarena,PPTArena,67,67,Accessibility and master cleanup,shortest,90,517.2,5.7467,late,false,own,,false,false,false,not_applicable,"Instructions 1.00 of 5, visuals 2.00 of 5",,,original-stable,true,,,,,,,,,,,,,
2026-09-26-1311Z,wsr2guyugv,claude-fable-5-1,Claude Fable 5.1,Claude Code,pptarena,PPTArena,67,67,Accessibility and master cleanup,middle,360,750.5,2.0847,late,false,own,,false,false,false,not_applicable,"Instructions 0.00 of 5, visuals 0.00 of 5",,,original-stable,true,,,,,,,,,,,,,
2026-09-26-1311Z,v4aq6d4mhg,claude-fable-5-1,Claude Fable 5.1,Claude Code,pptarena,PPTArena,67,67,Accessibility and master cleanup,longest,1500,594.5,0.3963,early,false,own,,false,false,false,not_applicable,"Instructions 0.00 of 5, visuals 0.00 of 5",,,original-stable,true,,,,,,,,,,,,,
2026-09-26-1311Z,ywshlo3ehj,claude-fable-5-1,Claude Fable 5.1,Claude Code,pptarena,PPTArena,68,68,Swimlane process diagram,shortest,90,690.6,7.6733,late,false,own,,false,false,false,not_applicable,"Instructions 0.00 of 5, visuals 0.00 of 5",,,original-stable,true,,,,,,,,,,,,,
2026-09-26-1311Z,ilivhf6njv,claude-fable-5-1,Claude Fable 5.1,Claude Code,pptarena,PPTArena,68,68,Swimlane process diagram,middle,360,533.2,1.4811,late,false,own,,false,false,false,not_applicable,"Instructions 3.00 of 5, visuals 5.00 of 5",,,original-stable,true,,,,,,,,,,,,,
2026-09-26-1311Z,yb6xlao25i,claude-fable-5-1,Claude Fable 5.1,Claude Code,pptarena,PPTArena,68,68,Swimlane process diagram,longest,1500,952.3,0.6349,early,false,own,,false,false,false,not_applicable,"Instructions 4.00 of 5, visuals 4.00 of 5",,,original-stable,true,,,,,,,,,,,,,
2026-09-26-1311Z,nkgvvl5pb5,claude-fable-5-1,Claude Fable 5.1,Claude Code,pptarena,PPTArena,75,75,Grid and baseline rhythm,shortest,90,648.9,7.21,late,false,own,,false,false,false,not_applicable,"Instructions 2.00 of 5, visuals 4.00 of 5",,,original-stable,true,,,,,,,,,,,,,
2026-09-26-1311Z,ztgxcu7jam,claude-fable-5-1,Claude Fable 5.1,Claude Code,pptarena,PPTArena,75,75,Grid and baseline rhythm,middle,360,609.8,1.6939,late,false,own,,false,false,false,not_applicable,"Instructions 2.00 of 5, visuals 2.00 of 5",,,original-stable,true,,,,,,,,,,,,,
2026-09-26-1311Z,ohq75jwlcg,claude-fable-5-1,Claude Fable 5.1,Claude Code,pptarena,PPTArena,75,75,Grid and baseline rhythm,longest,1500,861.5,0.5743,early,false,own,,false,false,false,not_applicable,"Instructions 2.00 of 5, visuals 3.00 of 5",,,original-stable,true,,,,,,,,,,,,,
2026-09-26-1311Z,gst5qrrleu,claude-fable-5-1,Claude Fable 5.1,Claude Code,pptarena,PPTArena,80,80,Theme and backgrounds across 28 slides,shortest,90,902.6,10.0289,late,false,own,,false,false,false,not_applicable,"Instructions 1.00 of 5, visuals 4.00 of 5",,,original-stable,true,,,,,,,,,,,,,
2026-09-26-1311Z,nbwjobxi2p,claude-fable-5-1,Claude Fable 5.1,Claude Code,pptarena,PPTArena,80,80,Theme and backgrounds across 28 slides,middle,360,1070.7,2.9742,late,false,own,,false,false,false,not_applicable,"Instructions 1.00 of 5, visuals 4.00 of 5",,,original-stable,true,,,,,,,,,,,,,
2026-09-26-1311Z,xbzosptuiw,claude-fable-5-1,Claude Fable 5.1,Claude Code,pptarena,PPTArena,80,80,Theme and backgrounds across 28 slides,longest,1500,1069.4,0.7129,early,false,own,,false,false,false,not_applicable,"Instructions 2.00 of 5, visuals 4.00 of 5",,,original-stable,true,,,,,,,,,,,,,
2026-09-26-1311Z,kwmi27u4ow,claude-fable-5-1,Claude Fable 5.1,Claude Code,pptarena,PPTArena,85,85,Arabic translation and layout,shortest,90,767.9,8.5322,late,false,own,,false,false,false,not_applicable,"Instructions 3.00 of 5, visuals 4.00 of 5",,,original-stable,true,,,,,,,,,,,,,
2026-09-26-1311Z,iwpn7lw636,claude-fable-5-1,Claude Fable 5.1,Claude Code,pptarena,PPTArena,85,85,Arabic translation and layout,middle,360,1080.5,3.0014,late,false,own,,false,false,false,not_applicable,"Instructions 3.00 of 5, visuals 4.00 of 5",,,original-stable,true,,,,,,,,,,,,,
2026-09-26-1311Z,tnqz4lp7zz,claude-fable-5-1,Claude Fable 5.1,Claude Code,pptarena,PPTArena,85,85,Arabic translation and layout,longest,1500,1123.6,0.7491,early,false,own,,false,false,false,not_applicable,"Instructions 3.00 of 5, visuals 4.00 of 5",,,original-stable,true,,,,,,,,,,,,,
2026-09-26-1311Z,clzscdew63,claude-fable-5-1,Claude Fable 5.1,Claude Code,pptarena,PPTArena,89,89,Animal Research poster,shortest,90,497.4,5.5267,late,false,own,,false,false,false,not_applicable,"Instructions 2.00 of 5, visuals 2.00 of 5",,,original-stable,true,,,,,,,,,,,,,
2026-09-26-1311Z,mc56bpwdzq,claude-fable-5-1,Claude Fable 5.1,Claude Code,pptarena,PPTArena,89,89,Animal Research poster,middle,360,574.6,1.5961,late,false,own,,false,false,false,not_applicable,"Instructions 2.00 of 5, visuals 2.00 of 5",,,original-stable,true,,,,,,,,,,,,,
2026-09-26-1311Z,oxcnwpltik,claude-fable-5-1,Claude Fable 5.1,Claude Code,pptarena,PPTArena,89,89,Animal Research poster,longest,1500,1387,0.9247,on_time,false,own,,false,false,false,not_applicable,"Instructions 3.00 of 5, visuals 2.00 of 5",,,original-stable,true,,,,,,,,,,,,,
2026-09-26-1311Z,zdkoh56fhs,claude-fable-5-1,Claude Fable 5.1,Claude Code,pptarena,PPTArena,93,93,Copernicus climate multi-edit cascade,shortest,90,476.5,5.2944,late,false,own,,false,false,false,not_applicable,"Instructions 0.00 of 5, visuals 0.00 of 5",,,original-stable,true,,,,,,,,,,,,,
2026-09-26-1311Z,hisl5x3aqq,claude-fable-5-1,Claude Fable 5.1,Claude Code,pptarena,PPTArena,93,93,Copernicus climate multi-edit cascade,middle,360,579.2,1.6089,late,false,own,,false,false,false,not_applicable,"Instructions 0.00 of 5, visuals 0.00 of 5",,,original-stable,true,,,,,,,,,,,,,
2026-09-26-1311Z,kenn3uholf,claude-fable-5-1,Claude Fable 5.1,Claude Code,pptarena,PPTArena,93,93,Copernicus climate multi-edit cascade,longest,1500,668.7,0.4458,early,false,own,,false,false,false,not_applicable,"Instructions 3.00 of 5, visuals 4.00 of 5",,,original-stable,true,,,,,,,,,,,,,
2026-09-26-1311Z,zppgpbeyja,claude-fable-5-1,Claude Fable 5.1,Claude Code,pptarena,PPTArena,97,97,LaTeX to editable Office Math,shortest,90,1067.2,11.8578,late,false,own,,false,false,false,not_applicable,"Instructions 2.00 of 5, visuals 0.00 of 5",,,original-stable,true,,,,,,,,,,,,,
2026-09-26-1311Z,y44hwix2ku,claude-fable-5-1,Claude Fable 5.1,Claude Code,pptarena,PPTArena,97,97,LaTeX to editable Office Math,middle,360,704.8,1.9578,late,false,own,,false,false,false,not_applicable,"Instructions 2.00 of 5, visuals 0.00 of 5",,,original-stable,true,,,,,,,,,,,,,
2026-09-26-1311Z,tn4y4tqekk,claude-fable-5-1,Claude Fable 5.1,Claude Code,pptarena,PPTArena,97,97,LaTeX to editable Office Math,longest,1500,1444.6,0.9631,on_time,true,own,,false,false,false,not_applicable,"Instructions 5.00 of 5, visuals 0.00 of 5",,,original-stable,true,,,,,,,,,,,,,
2026-09-26-1311Z,x3mlwqs7l3,claude-fable-5-1,Claude Fable 5.1,Claude Code,pptarena,PPTArena,100,100,Animation and bullet sequencing,shortest,90,418.9,4.6544,late,false,own,,false,false,false,not_applicable,"Instructions 4.00 of 5, visuals 5.00 of 5",,,original-stable,true,,,,,,,,,,,,,
2026-09-26-1311Z,mszx4if4fh,claude-fable-5-1,Claude Fable 5.1,Claude Code,pptarena,PPTArena,100,100,Animation and bullet sequencing,middle,360,515.7,1.4325,late,false,own,,false,false,false,not_applicable,"Instructions 4.00 of 5, visuals 5.00 of 5",,,original-stable,true,,,,,,,,,,,,,
2026-09-26-1311Z,yhwjjihuo5,claude-fable-5-1,Claude Fable 5.1,Claude Code,pptarena,PPTArena,100,100,Animation and bullet sequencing,longest,1500,714,0.476,early,false,own,,false,false,false,not_applicable,"Instructions 4.00 of 5, visuals 5.00 of 5",,,original-stable,true,,,,,,,,,,,,,
2026-09-26-1311Z,zz25wzhlya,claude-fable-5-1,Claude Fable 5.1,Claude Code,paperbench,PaperBench,bridging-data-gaps,bridging-data-gaps,Bridging Data Gaps,shortest,750,318,0.424,early,false,unlabelled,,false,false,false,not_applicable,0.19438131313131313,0.19438131313131313,,original-stable,true,,,,,,,,,,,,,
2026-09-26-1311Z,r73pcqteeb,claude-fable-5-1,Claude Fable 5.1,Claude Code,paperbench,PaperBench,bridging-data-gaps,bridging-data-gaps,Bridging Data Gaps,middle,3000,912.9,0.3043,early,false,unlabelled,,false,false,false,not_applicable,0.2906407828282829,0.2906407828282829,,original-stable,true,,,,,,,,,,,,,
2026-09-26-1311Z,eo57s5gcg5,claude-fable-5-1,Claude Fable 5.1,Claude Code,paperbench,PaperBench,bridging-data-gaps,bridging-data-gaps,Bridging Data Gaps,longest,12000,2728.5,0.2274,early,false,harness,error,false,false,false,not_applicable,Not graded,,,original-stable,true,,,,,,,,,,,,,
2026-09-26-1311Z,2s4btr7hs6,claude-fable-5-1,Claude Fable 5.1,Claude Code,paperbench,PaperBench,fre,fre,FRE,shortest,600,301.3,0.5022,early,false,unlabelled,,false,false,false,not_applicable,0.11548417813123694,0.11548417813123694,,original-stable,true,,,,,,,,,,,,,
2026-09-26-1311Z,cz4bxpw3te,claude-fable-5-1,Claude Fable 5.1,Claude Code,paperbench,PaperBench,fre,fre,FRE,middle,2400,758.7,0.3161,early,false,unlabelled,,false,false,false,not_applicable,0.35343950439538674,0.35343950439538674,,original-stable,true,,,,,,,,,,,,,
2026-09-26-1311Z,sh4taagj2z,claude-fable-5-1,Claude Fable 5.1,Claude Code,paperbench,PaperBench,fre,fre,FRE,longest,9000,2523.3,0.2804,early,false,unlabelled,,false,false,false,not_applicable,0.2994485294117647,0.2994485294117647,,original-stable,true,,,,,,,,,,,,,
2026-09-26-1311Z,cyknr2jhn6,claude-fable-5-1,Claude Fable 5.1,Claude Code,paperbench,PaperBench,bam,bam,BAM,shortest,300,374.1,1.247,on_time,false,unlabelled,,false,false,false,not_applicable,Not graded,,,original-stable,true,,,,,,,,,,,,,
2026-09-26-1311Z,ppx3s34glv,claude-fable-5-1,Claude Fable 5.1,Claude Code,paperbench,PaperBench,bam,bam,BAM,middle,1200,677.4,0.5645,early,false,unlabelled,,false,false,false,not_applicable,0.5350951646090535,0.5350951646090535,,original-stable,true,,,,,,,,,,,,,
2026-09-26-1311Z,3mtjfhr4gu,claude-fable-5-1,Claude Fable 5.1,Claude Code,paperbench,PaperBench,bam,bam,BAM,longest,4800,1320.5,0.2751,early,false,unlabelled,,false,false,false,not_applicable,0.6706733040438397,0.6706733040438397,,original-stable,true,,,,,,,,,,,,,
2026-09-26-1311Z,xuef3ftty4,claude-fable-5-1,Claude Fable 5.1,Claude Code,programbench,ProgramBench,cweill-gotests,cweill__gotests.2a672c5,cweill/gotests,shortest,750,4076.2,5.4349,late,false,own,,false,false,false,not_applicable,0,0,false,original-stable,true,,,,,,,,,,,,,
2026-09-26-1311Z,envfsutgjm,claude-fable-5-1,Claude Fable 5.1,Claude Code,programbench,ProgramBench,cweill-gotests,cweill__gotests.2a672c5,cweill/gotests,middle,3000,4376.5,1.4588,late,false,own,,false,false,false,not_applicable,0.945273631840796,0.945273631840796,false,original-stable,true,,,,,,,,,,,,,
2026-09-26-1311Z,4g42c7trlv,claude-fable-5-1,Claude Fable 5.1,Claude Code,programbench,ProgramBench,cweill-gotests,cweill__gotests.2a672c5,cweill/gotests,longest,12000,4803.2,0.4003,early,false,harness,error,false,false,false,not_applicable,0,0,false,original-stable,true,,,,,,,,,,,,,
2026-09-26-1311Z,asuo5jekrs,claude-fable-5-1,Claude Fable 5.1,Claude Code,programbench,ProgramBench,noborus-trdsql,noborus__trdsql.d8c5ff6,noborus/trdsql,shortest,750,456.1,0.6081,early,false,own,,false,false,false,not_applicable,0.6280487804878049,0.6280487804878049,false,original-stable,true,,,,,,,,,,,,,
2026-09-26-1311Z,ismnh6o6wm,claude-fable-5-1,Claude Fable 5.1,Claude Code,programbench,ProgramBench,noborus-trdsql,noborus__trdsql.d8c5ff6,noborus/trdsql,middle,3000,20.4,0.0068,early,false,harness,error,false,true,false,not_applicable,Not graded,,,original-stable,false,,,,,,,,,,,,,
2026-09-26-1311Z,l3hh2gbcb6,claude-fable-5-1,Claude Fable 5.1,Claude Code,programbench,ProgramBench,noborus-trdsql,noborus__trdsql.d8c5ff6,noborus/trdsql,longest,12000,6008.2,0.5007,early,false,own,,false,false,false,not_applicable,0.9390243902439024,0.9390243902439024,false,original-stable,true,,,,,,,,,,,,,
2026-09-26-1311Z,hocwwtxqo6,claude-fable-5-1,Claude Fable 5.1,Claude Code,programbench,ProgramBench,rcoh-angle-grinder,rcoh__angle-grinder.9c2fc88,rcoh/angle-grinder,shortest,900,824.3,0.9159,on_time,false,own,,false,false,false,not_applicable,0.6179078014184397,0.6179078014184397,false,original-stable,true,,,,,,,,,,,,,
2026-09-26-1311Z,mixgsgpyaj,claude-fable-5-1,Claude Fable 5.1,Claude Code,programbench,ProgramBench,rcoh-angle-grinder,rcoh__angle-grinder.9c2fc88,rcoh/angle-grinder,middle,3600,2028.5,0.5635,early,false,own,,false,false,false,not_applicable,0.7065602836879432,0.7065602836879432,false,original-stable,true,,,,,,,,,,,,,
2026-09-26-1311Z,itcivby3pt,claude-fable-5-1,Claude Fable 5.1,Claude Code,programbench,ProgramBench,rcoh-angle-grinder,rcoh__angle-grinder.9c2fc88,rcoh/angle-grinder,longest,15000,15.3,0.001,early,false,harness,error,false,true,false,not_applicable,Not graded,,,original-stable,false,,,,,,,,,,,,,
2026-09-26-1311Z,ewziu4hyvq,claude-fable-5-1,Claude Fable 5.1,Claude Code,programbench,ProgramBench,nuta-nsh,nuta__nsh.bdd0702,nuta/nsh,shortest,750,793.1,1.0575,on_time,false,own,,false,false,false,not_applicable,0.798469387755102,0.798469387755102,false,original-stable,true,,,,,,,,,,,,,
2026-09-26-1311Z,qycbqo35cw,claude-fable-5-1,Claude Fable 5.1,Claude Code,programbench,ProgramBench,nuta-nsh,nuta__nsh.bdd0702,nuta/nsh,middle,3000,24000.1,8,late,false,harness,safety_cutoff,false,false,false,not_applicable,0.6775510204081633,0.6775510204081633,false,original-stable,true,,,,,,,,,,,,,
2026-09-26-1311Z,is6twozlf5,claude-fable-5-1,Claude Fable 5.1,Claude Code,programbench,ProgramBench,nuta-nsh,nuta__nsh.bdd0702,nuta/nsh,longest,12000,24000.1,2,late,false,harness,safety_cutoff,false,false,false,not_applicable,0.7928571428571428,0.7928571428571428,false,original-stable,true,,,,,,,,,,,,,
2026-09-26-1311Z,pnuxqxd674,claude-fable-5-1,Claude Fable 5.1,Claude Code,programbench,ProgramBench,mookid-diffr,mookid__diffr.2152742,mookid/diffr,shortest,900,30000.1,33.3334,late,false,harness,safety_cutoff,false,false,false,not_applicable,0.9207920792079208,0.9207920792079208,false,original-stable,true,,,,,,,,,,,,,
2026-09-26-1311Z,k5fuvdlqss,claude-fable-5-1,Claude Fable 5.1,Claude Code,programbench,ProgramBench,mookid-diffr,mookid__diffr.2152742,mookid/diffr,middle,3600,3256.6,0.9046,on_time,false,own,,false,false,false,not_applicable,0.9240924092409241,0.9240924092409241,false,original-stable,true,,,,,,,,,,,,,
2026-09-26-1311Z,tgir3lcvxf,claude-fable-5-1,Claude Fable 5.1,Claude Code,programbench,ProgramBench,mookid-diffr,mookid__diffr.2152742,mookid/diffr,longest,15000,8139,0.5426,early,false,own,,false,false,false,not_applicable,0.9372937293729373,0.9372937293729373,false,original-stable,true,,,,,,,,,,,,,
2026-09-26-1311Z,qe2j5ifr7q,claude-fable-5-1,Claude Fable 5.1,Claude Code,programbench,ProgramBench,ninja-build-ninja,ninja-build__ninja.cc60300,ninja-build/ninja,shortest,600,6783,11.305,late,false,own,,false,false,false,not_applicable,0.93115438108484,0.93115438108484,false,original-stable,true,,,,,,,,,,,,,
2026-09-26-1311Z,jcsxpkfysw,claude-fable-5-1,Claude Fable 5.1,Claude Code,programbench,ProgramBench,ninja-build-ninja,ninja-build__ninja.cc60300,ninja-build/ninja,middle,2400,1618.9,0.6745,early,false,own,,false,false,false,not_applicable,0.8532684283727399,0.8532684283727399,false,original-stable,true,,,,,,,,,,,,,
2026-09-26-1311Z,rw4utnz4x2,claude-fable-5-1,Claude Fable 5.1,Claude Code,programbench,ProgramBench,ninja-build-ninja,ninja-build__ninja.cc60300,ninja-build/ninja,longest,12000,5854.9,0.4879,early,false,own,,false,false,false,not_applicable,0.9582753824756607,0.9582753824756607,false,original-stable,true,,,,,,,,,,,,,
2026-09-26-1311Z,cv5o6xe64v,claude-fable-5-1,Claude Fable 5.1,Claude Code,programbench,ProgramBench,luajit-luajit,luajit__luajit.a553b3d,luajit/luajit,shortest,750,1063,1.4173,late,false,own,,false,false,false,not_applicable,0.7933940006740816,0.7933940006740816,false,original-stable,true,,,,,,,,,,,,,
2026-09-26-1311Z,vgiz2uvziq,claude-fable-5-1,Claude Fable 5.1,Claude Code,programbench,ProgramBench,luajit-luajit,luajit__luajit.a553b3d,luajit/luajit,middle,3000,24000.1,8,late,false,harness,safety_cutoff,false,false,false,not_applicable,0.6191439164138861,0.6191439164138861,false,original-stable,true,,,,,,,,,,,,,
2026-09-26-1311Z,thzw42gckr,claude-fable-5-1,Claude Fable 5.1,Claude Code,programbench,ProgramBench,luajit-luajit,luajit__luajit.a553b3d,luajit/luajit,longest,12000,24000.1,2,late,false,harness,safety_cutoff,false,false,false,not_applicable,0.7846309403437816,0.7846309403437816,false,original-stable,true,,,,,,,,,,,,,
2026-09-26-1311Z,itw3htiuzz,claude-fable-5-1,Claude Fable 5.1,Claude Code,programbench,ProgramBench,stathissideris-ditaa,stathissideris__ditaa.f2286c4,stathissideris/ditaa,shortest,480,316.4,0.6592,early,false,own,,false,false,false,not_applicable,0.15435139573070608,0.15435139573070608,false,original-stable,true,,,,,,,,,,,,,
2026-09-26-1311Z,mi432njawl,claude-fable-5-1,Claude Fable 5.1,Claude Code,programbench,ProgramBench,stathissideris-ditaa,stathissideris__ditaa.f2286c4,stathissideris/ditaa,middle,1800,8966.5,4.9814,late,false,harness,error,false,false,false,not_applicable,0.2889983579638752,0.2889983579638752,false,original-stable,true,,,,,,,,,,,,,
2026-09-26-1311Z,yizavjrhb4,claude-fable-5-1,Claude Fable 5.1,Claude Code,programbench,ProgramBench,stathissideris-ditaa,stathissideris__ditaa.f2286c4,stathissideris/ditaa,longest,7500,21.5,0.0029,early,false,harness,error,false,true,false,not_applicable,Not graded,,,original-stable,false,,,,,,,,,,,,,
2026-09-26-1311Z,nir3frrovx,claude-fable-5-1,Claude Fable 5.1,Claude Code,programbench,ProgramBench,facebook-zstd,facebook__zstd.1168da0,facebook/zstd,shortest,600,530,0.8833,on_time,false,own,,false,false,false,not_applicable,0.4337585868498528,0.4337585868498528,false,original-stable,true,,,,,,,,,,,,,
2026-09-26-1311Z,c3tsbdpj7n,claude-fable-5-1,Claude Fable 5.1,Claude Code,programbench,ProgramBench,facebook-zstd,facebook__zstd.1168da0,facebook/zstd,middle,2400,1217.5,0.5073,early,false,own,,false,false,false,not_applicable,0.6099116781157998,0.6099116781157998,false,original-stable,true,,,,,,,,,,,,,
2026-09-26-1311Z,vf6auyhpzl,claude-fable-5-1,Claude Fable 5.1,Claude Code,programbench,ProgramBench,facebook-zstd,facebook__zstd.1168da0,facebook/zstd,longest,9000,3643.6,0.4048,early,false,own,,false,false,false,not_applicable,0.7306182531894013,0.7306182531894013,false,original-stable,true,,,,,,,,,,,,,
2026-09-26-1311Z,kezvafbwsh,claude-fable-5-1,Claude Fable 5.1,Claude Code,programbench,ProgramBench,parcel-bundler-lightningcss,parcel-bundler__lightningcss.aa2ed1e,parcel-bundler/lightningcss,shortest,750,14.6,0.0195,early,false,harness,error,false,true,false,not_applicable,Not graded,,,original-stable,false,,,,,,,,,,,,,
2026-09-26-1311Z,dxqchrxqtn,claude-fable-5-1,Claude Fable 5.1,Claude Code,programbench,ProgramBench,parcel-bundler-lightningcss,parcel-bundler__lightningcss.aa2ed1e,parcel-bundler/lightningcss,middle,3000,24000.1,8,late,false,harness,safety_cutoff,false,false,false,not_applicable,0.4876237623762376,0.4876237623762376,false,original-stable,true,,,,,,,,,,,,,
2026-09-26-1311Z,tam43s27fr,claude-fable-5-1,Claude Fable 5.1,Claude Code,programbench,ProgramBench,parcel-bundler-lightningcss,parcel-bundler__lightningcss.aa2ed1e,parcel-bundler/lightningcss,longest,12000,24000.1,2,late,false,harness,safety_cutoff,false,false,false,not_applicable,0.5498585572842999,0.5498585572842999,false,original-stable,true,,,,,,,,,,,,,
2026-09-26-1311Z,73gv26uk6w,claude-fable-5-1,Claude Fable 5.1,Claude Code,programbench,ProgramBench,lfos-calcurse,lfos__calcurse.49180d5,lfos/calcurse,shortest,1500,520.6,0.3471,early,false,own,,false,false,false,not_applicable,0.515015015015015,0.515015015015015,false,original-stable,true,,,,,,,,,,,,,
2026-09-26-1311Z,glbeaslewp,claude-fable-5-1,Claude Fable 5.1,Claude Code,programbench,ProgramBench,lfos-calcurse,lfos__calcurse.49180d5,lfos/calcurse,middle,6000,8179.2,1.3632,late,false,harness,error,false,false,false,not_applicable,0.7252252252252253,0.7252252252252253,false,original-stable,true,,,,,,,,,,,,,
2026-09-26-1311Z,ndwpwyd3xx,claude-fable-5-1,Claude Fable 5.1,Claude Code,programbench,ProgramBench,lfos-calcurse,lfos__calcurse.49180d5,lfos/calcurse,longest,24000,19380.5,0.8075,on_time,false,own,,false,false,false,not_applicable,0.9564564564564565,0.9564564564564565,false,original-stable,true,,,,,,,,,,,,,
2026-09-26-1311Z,sfy3twpdcv,claude-fable-5-1,Claude Fable 5.1,Claude Code,programbench,ProgramBench,kaushiksrini-parqeye,kaushiksrini__parqeye.8072121,kaushiksrini/parqeye,shortest,1800,977.2,0.5429,early,false,harness,error,false,false,false,not_applicable,0.6534446764091858,0.6534446764091858,false,original-stable,true,,,,,,,,,,,,,
2026-09-26-1311Z,asciqpvj63,claude-fable-5-1,Claude Fable 5.1,Claude Code,programbench,ProgramBench,kaushiksrini-parqeye,kaushiksrini__parqeye.8072121,kaushiksrini/parqeye,middle,7500,16.3,0.0022,early,false,harness,error,false,true,false,not_applicable,Not graded,,,original-stable,false,,,,,,,,,,,,,
2026-09-26-1311Z,wbnprwtvon,claude-fable-5-1,Claude Fable 5.1,Claude Code,programbench,ProgramBench,kaushiksrini-parqeye,kaushiksrini__parqeye.8072121,kaushiksrini/parqeye,longest,30000,1955.6,0.0652,early,false,harness,error,false,false,false,not_applicable,0,0,false,original-stable,true,,,,,,,,,,,,,
2026-09-26-1311Z,mbh4s363pk,claude-fable-5-1,Claude Fable 5.1,Claude Code,programbench,ProgramBench,o2sh-onefetch,o2sh__onefetch.e5958ce,o2sh/onefetch,shortest,900,409.6,0.4551,early,false,own,,false,false,false,not_applicable,0.5120068610634648,0.5120068610634648,false,original-stable,true,,,,,,,,,,,,,
2026-09-26-1311Z,aud7kcabi3,claude-fable-5-1,Claude Fable 5.1,Claude Code,programbench,ProgramBench,o2sh-onefetch,o2sh__onefetch.e5958ce,o2sh/onefetch,middle,3600,1502.6,0.4174,early,false,own,,false,false,false,not_applicable,0.6020583190394511,0.6020583190394511,false,original-stable,true,,,,,,,,,,,,,
2026-09-26-1311Z,ykn65tefrp,claude-fable-5-1,Claude Fable 5.1,Claude Code,programbench,ProgramBench,o2sh-onefetch,o2sh__onefetch.e5958ce,o2sh/onefetch,longest,15000,26.9,0.0018,early,false,harness,error,false,true,false,not_applicable,Not graded,,,original-stable,false,,,,,,,,,,,,,
2026-09-26-1311Z,2djrdzzno7,claude-fable-5-1,Claude Fable 5.1,Claude Code,programbench,ProgramBench,tomarrell-wrapcheck,tomarrell__wrapcheck.c058da1,tomarrell/wrapcheck,shortest,900,6338,7.0422,late,false,own,,false,false,false,not_applicable,0.6854166666666667,0.6854166666666667,false,original-stable,true,,,,,,,,,,,,,
2026-09-26-1311Z,peusjfs2kp,claude-fable-5-1,Claude Fable 5.1,Claude Code,programbench,ProgramBench,tomarrell-wrapcheck,tomarrell__wrapcheck.c058da1,tomarrell/wrapcheck,middle,3600,30000.1,8.3334,late,false,harness,safety_cutoff,false,false,false,not_applicable,0.6229166666666667,0.6229166666666667,false,original-stable,true,,,,,,,,,,,,,
2026-09-26-1311Z,b2hguakdt2,claude-fable-5-1,Claude Fable 5.1,Claude Code,programbench,ProgramBench,tomarrell-wrapcheck,tomarrell__wrapcheck.c058da1,tomarrell/wrapcheck,longest,15000,30000.1,2,late,false,harness,safety_cutoff,false,false,false,not_applicable,0.8041666666666667,0.8041666666666667,false,original-stable,true,,,,,,,,,,,,,
2026-09-26-1311Z,7b3wpflv4c,claude-fable-5-1,Claude Fable 5.1,Claude Code,sakana-ale-bench,Sakana ALE-Bench,ahc007,ahc007,AtCoder Heuristic Contest 7,shortest,600,604.3,1.0072,on_time,true,own,,false,false,false,not_applicable,14222997769,14222997769,,original-stable,true,,,,,,,,,,,,,
2026-09-26-1311Z,p754lqvx5s,claude-fable-5-1,Claude Fable 5.1,Claude Code,sakana-ale-bench,Sakana ALE-Bench,ahc007,ahc007,AtCoder Heuristic Contest 7,middle,2400,1680.5,0.7002,early,false,unlabelled,,false,false,false,not_applicable,14217934734,14217934734,,original-stable,true,,,,,,,,,,,,,
2026-09-26-1311Z,jchczngcgy,claude-fable-5-1,Claude Fable 5.1,Claude Code,sakana-ale-bench,Sakana ALE-Bench,ahc007,ahc007,AtCoder Heuristic Contest 7,longest,9000,3818.7,0.4243,early,false,unlabelled,,false,false,false,not_applicable,14242774752,14242774752,,original-stable,true,,,,,,,,,,,,,
2026-09-26-1311Z,7w6pxabvau,claude-fable-5-1,Claude Fable 5.1,Claude Code,sakana-ale-bench,Sakana ALE-Bench,ahc008,ahc008,AtCoder Heuristic Contest 8,shortest,900,450,0.5,early,false,own,,false,false,false,not_applicable,25982048275,25982048275,,original-stable,true,,,,,,,,,,,,,
2026-09-26-1311Z,ooceemz7tu,claude-fable-5-1,Claude Fable 5.1,Claude Code,sakana-ale-bench,Sakana ALE-Bench,ahc008,ahc008,AtCoder Heuristic Contest 8,middle,3600,2929.8,0.8138,on_time,false,own,,false,false,false,not_applicable,23509372701,23509372701,,original-stable,true,,,,,,,,,,,,,
2026-09-26-1311Z,qornnh6w2t,claude-fable-5-1,Claude Fable 5.1,Claude Code,sakana-ale-bench,Sakana ALE-Bench,ahc008,ahc008,AtCoder Heuristic Contest 8,longest,15000,4062.2,0.2708,early,false,own,,false,false,false,not_applicable,26124811868,26124811868,,original-stable,true,,,,,,,,,,,,,
2026-09-26-1311Z,nt73fixnua,claude-fable-5-1,Claude Fable 5.1,Claude Code,sakana-ale-bench,Sakana ALE-Bench,ahc009,ahc009,AtCoder Heuristic Contest 9,shortest,600,315.5,0.5258,early,false,unlabelled,,false,false,false,not_applicable,3873109431,3873109431,,original-stable,true,,,,,,,,,,,,,
2026-09-26-1311Z,3bw3gfa4of,claude-fable-5-1,Claude Fable 5.1,Claude Code,sakana-ale-bench,Sakana ALE-Bench,ahc009,ahc009,AtCoder Heuristic Contest 9,middle,2400,1599.2,0.6663,early,false,unlabelled,,false,false,false,not_applicable,7687106584,7687106584,,original-stable,true,,,,,,,,,,,,,
2026-09-26-1311Z,n6wqhzxvo4,claude-fable-5-1,Claude Fable 5.1,Claude Code,sakana-ale-bench,Sakana ALE-Bench,ahc009,ahc009,AtCoder Heuristic Contest 9,longest,9000,4939.5,0.5488,early,false,own,,false,false,false,not_applicable,7780162558,7780162558,,original-stable,true,,,,,,,,,,,,,
2026-09-26-1311Z,wuk4yxpq5q,claude-fable-5-1,Claude Fable 5.1,Claude Code,sakana-ale-bench,Sakana ALE-Bench,ahc011,ahc011,AtCoder Heuristic Contest 11,shortest,750,739.9,0.9865,on_time,true,unlabelled,,false,false,false,not_applicable,2256661490,2256661490,,original-stable,true,,,,,,,,,,,,,
2026-09-26-1311Z,okvkjgf7uu,claude-fable-5-1,Claude Fable 5.1,Claude Code,sakana-ale-bench,Sakana ALE-Bench,ahc011,ahc011,AtCoder Heuristic Contest 11,middle,3000,1270.5,0.4235,early,false,unlabelled,,false,false,false,not_applicable,2391268995,2391268995,,original-stable,true,,,,,,,,,,,,,
2026-09-26-1311Z,bwrrte457o,claude-fable-5-1,Claude Fable 5.1,Claude Code,sakana-ale-bench,Sakana ALE-Bench,ahc011,ahc011,AtCoder Heuristic Contest 11,longest,12000,3557,0.2964,early,false,unlabelled,,false,false,false,not_applicable,2509695454,2509695454,,original-stable,true,,,,,,,,,,,,,
2026-09-26-1311Z,salpydundn,claude-fable-5-1,Claude Fable 5.1,Claude Code,sakana-ale-bench,Sakana ALE-Bench,future-contest-2022-qual,future-contest-2022-qual,Future Contest 2022 Qual,shortest,900,537,0.5967,early,false,unlabelled,,false,false,false,not_applicable,5748856,5748856,,original-stable,true,,,,,,,,,,,,,
2026-09-26-1311Z,5rvocm7yn3,claude-fable-5-1,Claude Fable 5.1,Claude Code,sakana-ale-bench,Sakana ALE-Bench,future-contest-2022-qual,future-contest-2022-qual,Future Contest 2022 Qual,middle,3600,1684.3,0.4679,early,false,unlabelled,,false,false,false,not_applicable,6195419,6195419,,original-stable,true,,,,,,,,,,,,,
2026-09-26-1311Z,ry6tcyynv4,claude-fable-5-1,Claude Fable 5.1,Claude Code,sakana-ale-bench,Sakana ALE-Bench,future-contest-2022-qual,future-contest-2022-qual,Future Contest 2022 Qual,longest,15000,4167.2,0.2778,early,false,own,,false,false,false,not_applicable,6303453,6303453,,original-stable,true,,,,,,,,,,,,,
2026-09-26-1311Z,5dmnyrdoq2,claude-fable-5-1,Claude Fable 5.1,Claude Code,sakana-ale-bench,Sakana ALE-Bench,ahc016,ahc016,AtCoder Heuristic Contest 16,shortest,600,216.6,0.361,early,false,own,,false,false,false,not_applicable,18456826844,18456826844,,original-stable,true,,,,,,,,,,,,,
2026-09-26-1311Z,twirohk2oz,claude-fable-5-1,Claude Fable 5.1,Claude Code,sakana-ale-bench,Sakana ALE-Bench,ahc016,ahc016,AtCoder Heuristic Contest 16,middle,2400,721.9,0.3008,early,false,own,,false,false,false,not_applicable,42913749922,42913749922,,original-stable,true,,,,,,,,,,,,,
2026-09-26-1311Z,ezoae2mej2,claude-fable-5-1,Claude Fable 5.1,Claude Code,sakana-ale-bench,Sakana ALE-Bench,ahc016,ahc016,AtCoder Heuristic Contest 16,longest,9000,3643.6,0.4048,early,false,unlabelled,,false,false,false,not_applicable,62637243566,62637243566,,original-stable,true,,,,,,,,,,,,,
2026-09-26-1311Z,surnpnhrn6,claude-fable-5-1,Claude Fable 5.1,Claude Code,sakana-ale-bench,Sakana ALE-Bench,ahc026,ahc026,AtCoder Heuristic Contest 26,shortest,600,466,0.7767,early,false,unlabelled,,false,false,false,not_applicable,1371081,1371081,,original-stable,true,,,,,,,,,,,,,
2026-09-26-1311Z,jjvcamanxy,claude-fable-5-1,Claude Fable 5.1,Claude Code,sakana-ale-bench,Sakana ALE-Bench,ahc026,ahc026,AtCoder Heuristic Contest 26,middle,2400,1705.3,0.7105,early,false,unlabelled,,false,false,false,not_applicable,1414820,1414820,,original-stable,true,,,,,,,,,,,,,
2026-09-26-1311Z,i67xgfar76,claude-fable-5-1,Claude Fable 5.1,Claude Code,sakana-ale-bench,Sakana ALE-Bench,ahc026,ahc026,AtCoder Heuristic Contest 26,longest,9000,4355.9,0.484,early,false,unlabelled,,false,false,false,not_applicable,1413652,1413652,,original-stable,true,,,,,,,,,,,,,
2026-09-26-1311Z,s5ja4gkn66,claude-fable-5-1,Claude Fable 5.1,Claude Code,sakana-ale-bench,Sakana ALE-Bench,ahc031,ahc031,AtCoder Heuristic Contest 31,shortest,600,399.8,0.6663,early,false,unlabelled,,false,false,false,not_applicable,491936812,491936812,,original-stable,true,,,,,,,,,,,,,
2026-09-26-1311Z,edksytmk6o,claude-fable-5-1,Claude Fable 5.1,Claude Code,sakana-ale-bench,Sakana ALE-Bench,ahc031,ahc031,AtCoder Heuristic Contest 31,middle,2400,707.4,0.2948,early,false,unlabelled,,false,false,false,not_applicable,276067417,276067417,,original-stable,true,,,,,,,,,,,,,
2026-09-26-1311Z,xvqb2sj7vi,claude-fable-5-1,Claude Fable 5.1,Claude Code,sakana-ale-bench,Sakana ALE-Bench,ahc031,ahc031,AtCoder Heuristic Contest 31,longest,9000,4595.1,0.5106,early,false,unlabelled,,false,false,false,not_applicable,248539693,248539693,,original-stable,true,,,,,,,,,,,,,
2026-09-26-1311Z,zvcza3ttj3,claude-fable-5-1,Claude Fable 5.1,Claude Code,sakana-ale-bench,Sakana ALE-Bench,ahc039,ahc039,AtCoder Heuristic Contest 39,shortest,600,359.9,0.5998,early,false,own,,false,false,false,not_applicable,502821,502821,,original-stable,true,,,,,,,,,,,,,
2026-09-26-1311Z,74pkqxw23s,claude-fable-5-1,Claude Fable 5.1,Claude Code,sakana-ale-bench,Sakana ALE-Bench,ahc039,ahc039,AtCoder Heuristic Contest 39,middle,2400,804.8,0.3353,early,false,own,,false,false,false,not_applicable,544464,544464,,original-stable,true,,,,,,,,,,,,,
2026-09-26-1311Z,bto7qisnah,claude-fable-5-1,Claude Fable 5.1,Claude Code,sakana-ale-bench,Sakana ALE-Bench,ahc039,ahc039,AtCoder Heuristic Contest 39,longest,9000,4375.6,0.4862,early,false,unlabelled,,false,false,false,not_applicable,578421,578421,,original-stable,true,,,,,,,,,,,,,
2026-09-26-1311Z,xvmbiqc7is,claude-fable-5-1,Claude Fable 5.1,Claude Code,sakana-ale-bench,Sakana ALE-Bench,ahc046,ahc046,AtCoder Heuristic Contest 46,shortest,600,422.5,0.7042,early,false,unlabelled,,false,false,false,not_applicable,214997,214997,,original-stable,true,,,,,,,,,,,,,
2026-09-26-1311Z,bwy3mpovvy,claude-fable-5-1,Claude Fable 5.1,Claude Code,sakana-ale-bench,Sakana ALE-Bench,ahc046,ahc046,AtCoder Heuristic Contest 46,middle,2400,1386.6,0.5778,early,false,unlabelled,,false,false,false,not_applicable,218079,218079,,original-stable,true,,,,,,,,,,,,,
2026-09-26-1311Z,oj6zrmjofe,claude-fable-5-1,Claude Fable 5.1,Claude Code,sakana-ale-bench,Sakana ALE-Bench,ahc046,ahc046,AtCoder Heuristic Contest 46,longest,9000,18000,2,late,false,unlabelled,,false,false,false,not_applicable,219859,219859,,original-stable,true,,,,,,,,,,,,,
2026-09-26-1311Z,4jrt2gffcf,claude-fable-5-1,Claude Fable 5.1,Claude Code,tua-bench,TUA-Bench,074-apa-references-review,074-apa-references-review,APA references review,shortest,150,559.5,3.73,late,false,harness,error,false,false,false,not_applicable,0.6890172560888105,0.6890172560888105,false,original-stable,true,,,,,,,,,,,,,
2026-09-26-1311Z,2u4uc3azrj,claude-fable-5-1,Claude Fable 5.1,Claude Code,tua-bench,TUA-Bench,074-apa-references-review,074-apa-references-review,APA references review,middle,600,533.4,0.889,on_time,false,harness,error,false,false,false,not_applicable,0.7364723828014899,0.7364723828014899,false,original-stable,true,,,,,,,,,,,,,
2026-09-26-1311Z,aoy6w24kuu,claude-fable-5-1,Claude Fable 5.1,Claude Code,tua-bench,TUA-Bench,074-apa-references-review,074-apa-references-review,APA references review,longest,2400,555.4,0.2314,early,false,harness,error,false,false,false,not_applicable,0.7062398949700666,0.7062398949700666,false,original-stable,true,,,,,,,,,,,,,
2026-09-26-1311Z,mfmuq2dlna,claude-fable-5-1,Claude Fable 5.1,Claude Code,tua-bench,TUA-Bench,096-first-author-table,096-first-author-table,First-author table,shortest,150,126,0.84,on_time,false,harness,error,false,false,false,not_applicable,1,1,true,original-stable,true,,,,,,,,,,,,,
2026-09-26-1311Z,aiumh22eaw,claude-fable-5-1,Claude Fable 5.1,Claude Code,tua-bench,TUA-Bench,096-first-author-table,096-first-author-table,First-author table,middle,600,139.1,0.2318,early,false,harness,error,false,false,false,not_applicable,1,1,true,original-stable,true,,,,,,,,,,,,,
2026-09-26-1311Z,yk2siasxyx,claude-fable-5-1,Claude Fable 5.1,Claude Code,tua-bench,TUA-Bench,096-first-author-table,096-first-author-table,First-author table,longest,2400,141,0.0588,early,false,harness,error,false,false,false,not_applicable,1,1,true,original-stable,true,,,,,,,,,,,,,
2026-09-26-1311Z,zdjcdu65gi,claude-fable-5-1,Claude Fable 5.1,Claude Code,tua-bench,TUA-Bench,102-daily-email-report,102-daily-email-report,Daily email report,shortest,90,71.3,0.7922,early,false,harness,error,false,false,false,not_applicable,1,1,true,original-stable,true,,,,,,,,,,,,,
2026-09-26-1311Z,kdvkdduiuk,claude-fable-5-1,Claude Fable 5.1,Claude Code,tua-bench,TUA-Bench,102-daily-email-report,102-daily-email-report,Daily email report,middle,360,142.4,0.3956,early,false,harness,error,false,false,false,not_applicable,1,1,true,original-stable,true,,,,,,,,,,,,,
2026-09-26-1311Z,bbhm5wo4xw,claude-fable-5-1,Claude Fable 5.1,Claude Code,tua-bench,TUA-Bench,102-daily-email-report,102-daily-email-report,Daily email report,longest,1500,128.5,0.0857,early,false,own,,false,false,false,not_applicable,1,1,true,original-stable,true,,,,,,,,,,,,,
2026-09-26-1311Z,a75aokqrzm,claude-fable-5-1,Claude Fable 5.1,Claude Code,tua-bench,TUA-Bench,094-author-homepage-bookmarks,094-author-homepage-bookmarks,Author homepage bookmarks,shortest,150,165.9,1.106,on_time,false,harness,error,false,false,false,not_applicable,1,1,true,original-stable,true,,,,,,,,,,,,,
2026-09-26-1311Z,xnipat2duk,claude-fable-5-1,Claude Fable 5.1,Claude Code,tua-bench,TUA-Bench,094-author-homepage-bookmarks,094-author-homepage-bookmarks,Author homepage bookmarks,middle,600,236.6,0.3943,early,false,harness,error,false,false,false,not_applicable,1,1,true,original-stable,true,,,,,,,,,,,,,
2026-09-26-1311Z,mgbe3hjphl,claude-fable-5-1,Claude Fable 5.1,Claude Code,tua-bench,TUA-Bench,094-author-homepage-bookmarks,094-author-homepage-bookmarks,Author homepage bookmarks,longest,2400,366.5,0.1527,early,false,own,,false,false,false,not_applicable,Not graded,,,original-stable,true,,,,,,,,,,,,,
2026-09-26-1311Z,w7jg2z4w7k,claude-fable-5-1,Claude Fable 5.1,Claude Code,tua-bench,TUA-Bench,100-name-mountain-photos,100-name-mountain-photos,Name mountain photos,shortest,90,79.9,0.8878,on_time,false,harness,error,false,false,false,not_applicable,1,1,true,original-stable,true,,,,,,,,,,,,,
2026-09-26-1311Z,qguvtj3fpn,claude-fable-5-1,Claude Fable 5.1,Claude Code,tua-bench,TUA-Bench,100-name-mountain-photos,100-name-mountain-photos,Name mountain photos,middle,360,183.1,0.5086,early,false,harness,error,false,false,false,not_applicable,1,1,true,original-stable,true,,,,,,,,,,,,,
2026-09-26-1311Z,rgcli6cuyk,claude-fable-5-1,Claude Fable 5.1,Claude Code,tua-bench,TUA-Bench,100-name-mountain-photos,100-name-mountain-photos,Name mountain photos,longest,1500,169.1,0.1127,early,false,harness,error,false,false,false,not_applicable,1,1,true,original-stable,true,,,,,,,,,,,,,
2026-09-26-1311Z,liuus3rc75,claude-fable-5-1,Claude Fable 5.1,Claude Code,tua-bench,TUA-Bench,093-merge-txt-document,093-merge-txt-document,Merge text document,shortest,75,209.2,2.7893,late,false,own,,false,false,false,not_applicable,0.0,0,false,original-stable,true,,,,,,,,,,,,,
2026-09-26-1311Z,ceok6o6w5m,claude-fable-5-1,Claude Fable 5.1,Claude Code,tua-bench,TUA-Bench,093-merge-txt-document,093-merge-txt-document,Merge text document,middle,300,637.4,2.1247,late,false,harness,error,false,false,false,not_applicable,0,0,false,original-stable,true,,,,,,,,,,,,,
2026-09-26-1311Z,3efviwm4lx,claude-fable-5-1,Claude Fable 5.1,Claude Code,tua-bench,TUA-Bench,093-merge-txt-document,093-merge-txt-document,Merge text document,longest,1200,592.5,0.4938,early,false,harness,error,false,false,false,not_applicable,0,0,false,original-stable,true,,,,,,,,,,,,,
2026-09-26-1311Z,bjf4eqosm6,claude-fable-5-1,Claude Fable 5.1,Claude Code,tua-bench,TUA-Bench,004-place-heater-for-sensors,004-place-heater-for-sensors,Place heater for sensors,shortest,240,7200.1,30.0004,late,false,unlabelled,,false,false,false,not_applicable,1,1,true,original-stable,true,,,,,,,,,,,,,
2026-09-26-1311Z,ykszyzuvto,claude-fable-5-1,Claude Fable 5.1,Claude Code,tua-bench,TUA-Bench,004-place-heater-for-sensors,004-place-heater-for-sensors,Place heater for sensors,middle,900,1319.3,1.4659,late,false,own,,false,false,false,not_applicable,0.66,0.66,false,original-stable,true,,,,,,,,,,,,,
2026-09-26-1311Z,medbcgwxop,claude-fable-5-1,Claude Fable 5.1,Claude Code,tua-bench,TUA-Bench,004-place-heater-for-sensors,004-place-heater-for-sensors,Place heater for sensors,longest,3600,1616.6,0.4491,early,false,own,,false,false,false,not_applicable,1,1,true,original-stable,true,,,,,,,,,,,,,
2026-09-26-1311Z,4dszdxyjiy,claude-fable-5-1,Claude Fable 5.1,Claude Code,tua-bench,TUA-Bench,005-optimize-cold-plate,005-optimize-cold-plate,Optimize cold plate,shortest,360,1066.9,2.9636,late,false,own,,false,false,false,not_applicable,0.33,0.33,false,original-stable,true,,,,,,,,,,,,,
2026-09-26-1311Z,ts4m4vgjm2,claude-fable-5-1,Claude Fable 5.1,Claude Code,tua-bench,TUA-Bench,005-optimize-cold-plate,005-optimize-cold-plate,Optimize cold plate,middle,1500,1688.7,1.1258,on_time,false,own,,false,false,false,not_applicable,0.33,0.33,false,original-stable,true,,,,,,,,,,,,,
2026-09-26-1311Z,6roeym4uek,claude-fable-5-1,Claude Fable 5.1,Claude Code,tua-bench,TUA-Bench,005-optimize-cold-plate,005-optimize-cold-plate,Optimize cold plate,longest,6000,2144.6,0.3574,early,false,unlabelled,,false,false,false,not_applicable,1,1,true,original-stable,true,,,,,,,,,,,,,
2026-09-26-1311Z,gkbdgbzr23,claude-fable-5-1,Claude Fable 5.1,Claude Code,tua-bench,TUA-Bench,006-extract-gym-auditorium,006-extract-gym-auditorium,Extract gym auditorium,shortest,75,1292.4,17.232,late,false,own,,false,false,false,not_applicable,1,1,true,original-stable,true,,,,,,,,,,,,,
2026-09-26-1311Z,xbpmcsl6au,claude-fable-5-1,Claude Fable 5.1,Claude Code,tua-bench,TUA-Bench,006-extract-gym-auditorium,006-extract-gym-auditorium,Extract gym auditorium,middle,300,1257.3,4.191,late,false,own,,false,false,false,not_applicable,1,1,true,original-stable,true,,,,,,,,,,,,,
2026-09-26-1311Z,dxgfdrgxay,claude-fable-5-1,Claude Fable 5.1,Claude Code,tua-bench,TUA-Bench,006-extract-gym-auditorium,006-extract-gym-auditorium,Extract gym auditorium,longest,1200,1331.6,1.1097,on_time,false,own,,false,false,false,not_applicable,1,1,true,original-stable,true,,,,,,,,,,,,,
2026-09-26-1311Z,z76mrjvfmp,claude-fable-5-1,Claude Fable 5.1,Claude Code,tua-bench,TUA-Bench,011-epw-parquet-check,011-epw-parquet-check,EPW parquet check,shortest,90,437.2,4.8578,late,false,own,,false,false,false,not_applicable,0.66,0.66,false,original-stable,true,,,,,,,,,,,,,
2026-09-26-1311Z,6kqnkdrrir,claude-fable-5-1,Claude Fable 5.1,Claude Code,tua-bench,TUA-Bench,011-epw-parquet-check,011-epw-parquet-check,EPW parquet check,middle,360,562.9,1.5636,late,false,own,,false,false,false,not_applicable,0.66,0.66,false,original-stable,true,,,,,,,,,,,,,
2026-09-26-1311Z,exyiu2nwux,claude-fable-5-1,Claude Fable 5.1,Claude Code,tua-bench,TUA-Bench,011-epw-parquet-check,011-epw-parquet-check,EPW parquet check,longest,1500,735.9,0.4906,early,false,own,,false,false,false,not_applicable,0.66,0.66,false,original-stable,true,,,,,,,,,,,,,
2026-09-26-1311Z,hyody47n3v,claude-fable-5-1,Claude Fable 5.1,Claude Code,tua-bench,TUA-Bench,079-fix-mp3-metadata,079-fix-mp3-metadata,Fix MP3 metadata,shortest,75,44.6,0.5947,early,false,harness,error,false,false,false,not_applicable,1,1,true,original-stable,true,,,,,,,,,,,,,
2026-09-26-1311Z,lm2g7dnqku,claude-fable-5-1,Claude Fable 5.1,Claude Code,tua-bench,TUA-Bench,079-fix-mp3-metadata,079-fix-mp3-metadata,Fix MP3 metadata,middle,300,177.2,0.5907,early,false,harness,error,false,false,false,not_applicable,1,1,true,original-stable,true,,,,,,,,,,,,,
2026-09-26-1311Z,zkvbi2uwu2,claude-fable-5-1,Claude Fable 5.1,Claude Code,tua-bench,TUA-Bench,079-fix-mp3-metadata,079-fix-mp3-metadata,Fix MP3 metadata,longest,1200,109.3,0.0911,early,false,harness,error,false,false,false,not_applicable,1,1,true,original-stable,true,,,,,,,,,,,,,
2026-09-26-1311Z,7vcqphcq5e,claude-fable-5-1,Claude Fable 5.1,Claude Code,tua-bench,TUA-Bench,088-extract-presenter-photos,088-extract-presenter-photos,Extract presenter photos,shortest,150,157.5,1.05,on_time,true,harness,error,false,false,false,not_applicable,1,1,true,original-stable,true,,,,,,,,,,,,,
2026-09-26-1311Z,cqbvgfqror,claude-fable-5-1,Claude Fable 5.1,Claude Code,tua-bench,TUA-Bench,088-extract-presenter-photos,088-extract-presenter-photos,Extract presenter photos,middle,600,270.1,0.4502,early,false,own,,false,false,false,not_applicable,1,1,true,original-stable,true,,,,,,,,,,,,,
2026-09-26-1311Z,b7g6rbk5zp,claude-fable-5-1,Claude Fable 5.1,Claude Code,tua-bench,TUA-Bench,088-extract-presenter-photos,088-extract-presenter-photos,Extract presenter photos,longest,2400,307.3,0.128,early,false,own,,false,false,false,not_applicable,1,1,true,original-stable,true,,,,,,,,,,,,,
2026-09-26-1311Z,ol7eyvdas5,claude-fable-5-1,Claude Fable 5.1,Claude Code,wildclawbench,WildClawBench,01-productivity-flow-task-3-bibtex,01_Productivity_Flow_task_3_bibtex,"Recover arXiv titles, figure counts, and BibTeX from 21 local PDFs",shortest,150,403.3,2.6887,late,false,own,,false,false,false,not_applicable,0.965,0.965,,original-stable,true,,,,,,,,,,,,,
2026-09-26-1311Z,y3pjwh6x6q,claude-fable-5-1,Claude Fable 5.1,Claude Code,wildclawbench,WildClawBench,01-productivity-flow-task-3-bibtex,01_Productivity_Flow_task_3_bibtex,"Recover arXiv titles, figure counts, and BibTeX from 21 local PDFs",middle,600,593.7,0.9895,on_time,true,own,,false,false,false,not_applicable,0,0,,original-stable,true,,,,,,,,,,,,,
2026-09-26-1311Z,nogtheq5e6,claude-fable-5-1,Claude Fable 5.1,Claude Code,wildclawbench,WildClawBench,01-productivity-flow-task-3-bibtex,01_Productivity_Flow_task_3_bibtex,"Recover arXiv titles, figure counts, and BibTeX from 21 local PDFs",longest,2400,818,0.3408,early,false,own,,false,false,false,not_applicable,0.965,0.965,,original-stable,true,,,,,,,,,,,,,
2026-09-26-1311Z,aqgxgv4n2z,claude-fable-5-1,Claude Fable 5.1,Claude Code,wildclawbench,WildClawBench,01-productivity-flow-task-6-calendar-scheduling,01_Productivity_Flow_task_6_calendar_scheduling,Optimize 30 calendar events plus 15 meeting requests under constraints,shortest,60,589.5,9.825,late,false,own,,false,false,false,not_applicable,1.0,1,,original-stable,true,,,,,,,,,,,,,
2026-09-26-1311Z,uhos2btqqz,claude-fable-5-1,Claude Fable 5.1,Claude Code,wildclawbench,WildClawBench,01-productivity-flow-task-6-calendar-scheduling,01_Productivity_Flow_task_6_calendar_scheduling,Optimize 30 calendar events plus 15 meeting requests under constraints,middle,240,432,1.8,late,false,own,,false,false,false,not_applicable,1,1,,original-stable,true,,,,,,,,,,,,,
2026-09-26-1311Z,fkaqvjfpwa,claude-fable-5-1,Claude Fable 5.1,Claude Code,wildclawbench,WildClawBench,01-productivity-flow-task-6-calendar-scheduling,01_Productivity_Flow_task_6_calendar_scheduling,Optimize 30 calendar events plus 15 meeting requests under constraints,longest,900,745.9,0.8288,on_time,false,own,,false,false,false,not_applicable,1,1,,original-stable,true,,,,,,,,,,,,,
2026-09-26-1311Z,yutw362wzo,claude-fable-5-1,Claude Fable 5.1,Claude Code,wildclawbench,WildClawBench,02-code-intelligence-task-11-resume-homepage-zh,02_Code_Intelligence_task_11_resume_homepage_zh,Build a Chinese academic homepage from a resume and visual reference,shortest,90,300.4,3.3378,late,false,unlabelled,,false,false,false,not_applicable,0.7179,0.7179,,original-stable,true,,,,,,,,,,,,,
2026-09-26-1311Z,umpqt7cujd,claude-fable-5-1,Claude Fable 5.1,Claude Code,wildclawbench,WildClawBench,02-code-intelligence-task-11-resume-homepage-zh,02_Code_Intelligence_task_11_resume_homepage_zh,Build a Chinese academic homepage from a resume and visual reference,middle,360,350.6,0.9739,on_time,true,unlabelled,,false,false,false,not_applicable,0.6923,0.6923,,original-stable,true,,,,,,,,,,,,,
2026-09-26-1311Z,z2fcdy52ws,claude-fable-5-1,Claude Fable 5.1,Claude Code,wildclawbench,WildClawBench,02-code-intelligence-task-11-resume-homepage-zh,02_Code_Intelligence_task_11_resume_homepage_zh,Build a Chinese academic homepage from a resume and visual reference,longest,1500,428.5,0.2857,early,false,unlabelled,,false,false,false,not_applicable,0.7436,0.7436,,original-stable,true,,,,,,,,,,,,,
2026-09-26-1311Z,hdz7gk5pad,claude-fable-5-1,Claude Fable 5.1,Claude Code,wildclawbench,WildClawBench,02-code-intelligence-task-8-link-a-pix-color-zh,02_Code_Intelligence_task_8_link_a_pix_color_zh,"Solve and render a color Link-a-Pix puzzle, then identify the scene",shortest,120,221.1,1.8425,late,false,unlabelled,,false,false,false,not_applicable,1,1,,original-stable,true,,,,,,,,,,,,,
2026-09-26-1311Z,u5imkskhjd,claude-fable-5-1,Claude Fable 5.1,Claude Code,wildclawbench,WildClawBench,02-code-intelligence-task-8-link-a-pix-color-zh,02_Code_Intelligence_task_8_link_a_pix_color_zh,"Solve and render a color Link-a-Pix puzzle, then identify the scene",middle,480,186.2,0.3879,early,false,unlabelled,,false,false,false,not_applicable,0.95,0.95,,original-stable,true,,,,,,,,,,,,,
2026-09-26-1311Z,yc3hy4bxlp,claude-fable-5-1,Claude Fable 5.1,Claude Code,wildclawbench,WildClawBench,02-code-intelligence-task-8-link-a-pix-color-zh,02_Code_Intelligence_task_8_link_a_pix_color_zh,"Solve and render a color Link-a-Pix puzzle, then identify the scene",longest,1800,249.3,0.1385,early,false,unlabelled,,false,false,false,not_applicable,0.9,0.9,,original-stable,true,,,,,,,,,,,,,
2026-09-26-1311Z,kgvdn7bml4,claude-fable-5-1,Claude Fable 5.1,Claude Code,wildclawbench,WildClawBench,03-social-interaction-task-1-meeting-negotiation,03_Social_Interaction_task_1_meeting_negotiation,"Negotiate a 90-minute meeting across email, calendar, time zones, and a decoy",shortest,60,524.7,8.745,late,false,own,,false,false,false,not_applicable,0.895,0.895,,original-stable,true,,,,,,,,,,,,,
2026-09-26-1311Z,rcsmgb6ys7,claude-fable-5-1,Claude Fable 5.1,Claude Code,wildclawbench,WildClawBench,03-social-interaction-task-1-meeting-negotiation,03_Social_Interaction_task_1_meeting_negotiation,"Negotiate a 90-minute meeting across email, calendar, time zones, and a decoy",middle,240,609,2.5375,late,false,own,,false,false,false,not_applicable,0.895,0.895,,original-stable,true,,,,,,,,,,,,,
2026-09-26-1311Z,ss6t4ssleq,claude-fable-5-1,Claude Fable 5.1,Claude Code,wildclawbench,WildClawBench,03-social-interaction-task-1-meeting-negotiation,03_Social_Interaction_task_1_meeting_negotiation,"Negotiate a 90-minute meeting across email, calendar, time zones, and a decoy",longest,1200,463.2,0.386,early,false,own,,false,false,false,not_applicable,0,0,,original-stable,true,,,,,,,,,,,,,
2026-09-26-1311Z,rtbnrybmgp,claude-fable-5-1,Claude Fable 5.1,Claude Code,wildclawbench,WildClawBench,03-social-interaction-task-5-chat-escalation-routing,03_Social_Interaction_task_5_chat_escalation_routing,"Triage support messages, investigate hidden context, route issues, and draft replies",shortest,60,603.3,10.055,late,false,own,,false,false,false,not_applicable,0.725,0.725,,original-stable,true,,,,,,,,,,,,,
2026-09-26-1311Z,dnag5oblpy,claude-fable-5-1,Claude Fable 5.1,Claude Code,wildclawbench,WildClawBench,03-social-interaction-task-5-chat-escalation-routing,03_Social_Interaction_task_5_chat_escalation_routing,"Triage support messages, investigate hidden context, route issues, and draft replies",middle,240,605.6,2.5233,late,false,own,,false,false,false,not_applicable,0.725,0.725,,original-stable,true,,,,,,,,,,,,,
2026-09-26-1311Z,ug3gpkpr6h,claude-fable-5-1,Claude Fable 5.1,Claude Code,wildclawbench,WildClawBench,03-social-interaction-task-5-chat-escalation-routing,03_Social_Interaction_task_5_chat_escalation_routing,"Triage support messages, investigate hidden context, route issues, and draft replies",longest,900,760.6,0.8451,on_time,false,own,,false,false,false,not_applicable,0.775,0.775,,original-stable,true,,,,,,,,,,,,,
2026-09-26-1311Z,c42nf6mt7h,claude-fable-5-1,Claude Fable 5.1,Claude Code,wildclawbench,WildClawBench,04-search-retrieval-task-1-google-scholar-search,04_Search_Retrieval_task_1_google_scholar_search,Find a shortest coauthorship chain between two scholars,shortest,120,1566.1,13.0508,late,false,own,,false,false,false,not_applicable,0,0,,original-stable,true,,,,,,,,,,,,,
2026-09-26-1311Z,rswv3aaogs,claude-fable-5-1,Claude Fable 5.1,Claude Code,wildclawbench,WildClawBench,04-search-retrieval-task-1-google-scholar-search,04_Search_Retrieval_task_1_google_scholar_search,Find a shortest coauthorship chain between two scholars,middle,480,1589.1,3.3106,late,false,own,,false,false,false,not_applicable,1,1,,original-stable,true,,,,,,,,,,,,,
2026-09-26-1311Z,firc4qmoog,claude-fable-5-1,Claude Fable 5.1,Claude Code,wildclawbench,WildClawBench,04-search-retrieval-task-1-google-scholar-search,04_Search_Retrieval_task_1_google_scholar_search,Find a shortest coauthorship chain between two scholars,longest,2400,1527,0.6363,early,false,own,,false,false,false,not_applicable,0,0,,original-stable,true,,,,,,,,,,,,,
2026-09-26-1311Z,cjq5c4u54d,claude-fable-5-1,Claude Fable 5.1,Claude Code,wildclawbench,WildClawBench,04-search-retrieval-task-7-location-search,04_Search_Retrieval_task_7_location_search,"Geolocate a street image and return country, city, and coordinates",shortest,75,2401.3,32.0173,late,false,harness,safety_cutoff,false,false,false,not_applicable,0,0,,original-stable,true,,,,,,,,,,,,,
2026-09-26-1311Z,u7ge6f7dcx,claude-fable-5-1,Claude Fable 5.1,Claude Code,wildclawbench,WildClawBench,04-search-retrieval-task-7-location-search,04_Search_Retrieval_task_7_location_search,"Geolocate a street image and return country, city, and coordinates",middle,300,2130.9,7.103,late,false,own,,false,false,false,not_applicable,0,0,,original-stable,true,,,,,,,,,,,,,
2026-09-26-1311Z,unjq67wovf,claude-fable-5-1,Claude Fable 5.1,Claude Code,wildclawbench,WildClawBench,04-search-retrieval-task-7-location-search,04_Search_Retrieval_task_7_location_search,"Geolocate a street image and return country, city, and coordinates",longest,1200,1835.9,1.5299,late,false,own,,false,false,false,not_applicable,0,0,,original-stable,true,,,,,,,,,,,,,
2026-09-26-1311Z,dz2o7xhcxi,claude-fable-5-1,Claude Fable 5.1,Claude Code,wildclawbench,WildClawBench,05-creative-synthesis-task-1-match-report,05_Creative_Synthesis_task_1_match_report,Create a first-half football report with correctly aligned video clips,shortest,120,3600.2,30.0017,late,false,harness,safety_cutoff,false,false,false,not_applicable,0,0,,original-stable,true,,,,,,,,,,,,,
2026-09-26-1311Z,hp5heleo5g,claude-fable-5-1,Claude Fable 5.1,Claude Code,wildclawbench,WildClawBench,05-creative-synthesis-task-1-match-report,05_Creative_Synthesis_task_1_match_report,Create a first-half football report with correctly aligned video clips,middle,480,1403.1,2.9231,late,false,own,,false,false,false,not_applicable,0,0,,original-stable,true,,,,,,,,,,,,,
2026-09-26-1311Z,brykrk7g26,claude-fable-5-1,Claude Fable 5.1,Claude Code,wildclawbench,WildClawBench,05-creative-synthesis-task-1-match-report,05_Creative_Synthesis_task_1_match_report,Create a first-half football report with correctly aligned video clips,longest,1800,1377.6,0.7653,early,false,own,,false,false,false,not_applicable,0,0,,original-stable,true,,,,,,,,,,,,,
2026-09-26-1311Z,z5p3ku5d2l,claude-fable-5-1,Claude Fable 5.1,Claude Code,wildclawbench,WildClawBench,05-creative-synthesis-task-2-goal-highlights,05_Creative_Synthesis_task_2_goal_highlights,Cut all three first-half Ferran Torres goals into a sub-30-second reel,shortest,150,1211.7,8.078,late,false,own,,false,false,false,not_applicable,0,0,,original-stable,true,,,,,,,,,,,,,
2026-09-26-1311Z,bfe6jd35jb,claude-fable-5-1,Claude Fable 5.1,Claude Code,wildclawbench,WildClawBench,05-creative-synthesis-task-2-goal-highlights,05_Creative_Synthesis_task_2_goal_highlights,Cut all three first-half Ferran Torres goals into a sub-30-second reel,middle,600,2041.6,3.4027,late,false,own,,false,false,false,not_applicable,0.3,0.3,,original-stable,true,,,,,,,,,,,,,
2026-09-26-1311Z,p3r4ca75qm,claude-fable-5-1,Claude Fable 5.1,Claude Code,wildclawbench,WildClawBench,05-creative-synthesis-task-2-goal-highlights,05_Creative_Synthesis_task_2_goal_highlights,Cut all three first-half Ferran Torres goals into a sub-30-second reel,longest,2400,2302.3,0.9593,on_time,true,own,,false,false,false,not_applicable,0.3,0.3,,original-stable,true,,,,,,,,,,,,,
2026-09-26-1311Z,3jvlekoagr,claude-fable-5-1,Claude Fable 5.1,Claude Code,agents-last-exam,Agents' Last Exam,business-finance-bpmn-supply-disruption-l3,business_finance/bpmn_supply_disruption_l3,Redesign and validate a Flowable supply-disruption workflow,shortest,480,2039.7,4.2494,late,false,own,,false,false,false,not_applicable,0.9381,0.9381,false,original-stable,true,,,,,,,,,,,,,
2026-09-26-1311Z,f7khgscwuq,claude-fable-5-1,Claude Fable 5.1,Claude Code,agents-last-exam,Agents' Last Exam,business-finance-bpmn-supply-disruption-l3,business_finance/bpmn_supply_disruption_l3,Redesign and validate a Flowable supply-disruption workflow,middle,1800,3726.7,2.0704,late,false,own,,false,false,false,not_applicable,0.9144,0.9144,false,original-stable,true,,,,,,,,,,,,,
2026-09-26-1311Z,wha2w24wc4,claude-fable-5-1,Claude Fable 5.1,Claude Code,agents-last-exam,Agents' Last Exam,business-finance-bpmn-supply-disruption-l3,business_finance/bpmn_supply_disruption_l3,Redesign and validate a Flowable supply-disruption workflow,longest,7500,4006.7,0.5342,early,false,own,,false,false,false,not_applicable,0.8938,0.8938,false,original-stable,true,,,,,,,,,,,,,
2026-09-26-1311Z,3zdhqctblb,claude-fable-5-1,Claude Fable 5.1,Claude Code,agents-last-exam,Agents' Last Exam,business-finance-odoo,business_finance/odoo,Complete an end-to-end Odoo supply-chain workflow,shortest,300,5102.8,17.0093,late,false,own,,false,false,false,not_applicable,0.96,0.96,false,original-stable,true,,,,,,,,,,,,,
2026-09-26-1311Z,2vx5farxjo,claude-fable-5-1,Claude Fable 5.1,Claude Code,agents-last-exam,Agents' Last Exam,business-finance-odoo,business_finance/odoo,Complete an end-to-end Odoo supply-chain workflow,middle,1200,1564.8,1.304,late,false,own,,false,false,false,not_applicable,0.12,0.12,false,original-stable,true,,,,,,,,,,,,,
2026-09-26-1311Z,wqm4hxktmc,claude-fable-5-1,Claude Fable 5.1,Claude Code,agents-last-exam,Agents' Last Exam,business-finance-odoo,business_finance/odoo,Complete an end-to-end Odoo supply-chain workflow,longest,4800,4315,0.899,on_time,false,own,,false,false,false,not_applicable,0.88,0.88,false,original-stable,true,,,,,,,,,,,,,
2026-09-26-1311Z,mt3mmi3mqf,claude-fable-5-1,Claude Fable 5.1,Claude Code,agents-last-exam,Agents' Last Exam,business-finance-sec-10k-financial-parsing,business_finance/sec_10k_financial_parsing,Parse a fixed 100-filing SEC 10-K corpus,shortest,600,2369,3.9483,late,false,own,,false,false,false,not_applicable,0.92,0.92,false,original-stable,true,,,,,,,,,,,,,
2026-09-26-1311Z,6wucdvwk7u,claude-fable-5-1,Claude Fable 5.1,Claude Code,agents-last-exam,Agents' Last Exam,business-finance-sec-10k-financial-parsing,business_finance/sec_10k_financial_parsing,Parse a fixed 100-filing SEC 10-K corpus,middle,2400,1650.2,0.6876,early,false,own,,false,false,false,not_applicable,0.9243,0.9243,false,original-stable,true,,,,,,,,,,,,,
2026-09-26-1311Z,pmvrxh7il3,claude-fable-5-1,Claude Fable 5.1,Claude Code,agents-last-exam,Agents' Last Exam,business-finance-sec-10k-financial-parsing,business_finance/sec_10k_financial_parsing,Parse a fixed 100-filing SEC 10-K corpus,longest,9000,3952.9,0.4392,early,false,own,,false,false,false,not_applicable,0.9243,0.9243,false,original-stable,true,,,,,,,,,,,,,
2026-09-26-1311Z,je3bbpq756,claude-fable-5-1,Claude Fable 5.1,Claude Code,agents-last-exam,Agents' Last Exam,business-finance-legal-ma-consistency-audit-01,business_finance/legal_ma_consistency_audit_01,Audit four Chinese M&A filings for inconsistencies,shortest,600,838.7,1.3978,late,false,own,,false,false,false,not_applicable,0,0,false,original-stable,true,,,,,,,,,,,,,
2026-09-26-1311Z,hkb5tubkhc,claude-fable-5-1,Claude Fable 5.1,Claude Code,agents-last-exam,Agents' Last Exam,business-finance-legal-ma-consistency-audit-01,business_finance/legal_ma_consistency_audit_01,Audit four Chinese M&A filings for inconsistencies,middle,2400,1332.7,0.5553,early,false,own,,false,false,false,not_applicable,0,0,false,original-stable,true,,,,,,,,,,,,,
2026-09-26-1311Z,kvgq64kfpl,claude-fable-5-1,Claude Fable 5.1,Claude Code,agents-last-exam,Agents' Last Exam,business-finance-legal-ma-consistency-audit-01,business_finance/legal_ma_consistency_audit_01,Audit four Chinese M&A filings for inconsistencies,longest,9000,1300.5,0.1445,early,false,own,,false,false,false,not_applicable,0,0,false,original-stable,true,,,,,,,,,,,,,
2026-09-26-1311Z,plruwvkduu,claude-fable-5-1,Claude Fable 5.1,Claude Code,agents-last-exam,Agents' Last Exam,education-info-moodle-gradebook-closeout-reconciliation,education_info/moodle_gradebook_closeout_reconciliation,Repair a Moodle backup and rebuild registrar exports,shortest,300,9311.1,31.037,late,false,harness,error,false,false,false,not_applicable,0,0,false,original-stable,true,,,,,,,,,,,,,
2026-09-26-1311Z,mqkycvlffv,claude-fable-5-1,Claude Fable 5.1,Claude Code,agents-last-exam,Agents' Last Exam,education-info-moodle-gradebook-closeout-reconciliation,education_info/moodle_gradebook_closeout_reconciliation,Repair a Moodle backup and rebuild registrar exports,middle,1200,735.5,0.6129,early,false,own,,false,false,false,not_applicable,0.95,0.95,false,original-stable,true,,,,,,,,,,,,,
2026-09-26-1311Z,fxi7zso5zg,claude-fable-5-1,Claude Fable 5.1,Claude Code,agents-last-exam,Agents' Last Exam,education-info-moodle-gradebook-closeout-reconciliation,education_info/moodle_gradebook_closeout_reconciliation,Repair a Moodle backup and rebuild registrar exports,longest,4800,1078,0.2246,early,false,own,,false,false,false,not_applicable,0.95,0.95,false,original-stable,true,,,,,,,,,,,,,
2026-09-26-1311Z,oi3nxy7psa,claude-fable-5-1,Claude Fable 5.1,Claude Code,agents-last-exam,Agents' Last Exam,education-info-marc-remediation-folio-overlay,education_info/marc_remediation_folio_overlay,Remediate MARC records and prepare a FOLIO overlay,shortest,300,1265.1,4.217,late,false,own,,false,false,false,not_applicable,0.1,0.1,false,original-stable,true,,,,,,,,,,,,,
2026-09-26-1311Z,wn2vjx4jbn,claude-fable-5-1,Claude Fable 5.1,Claude Code,agents-last-exam,Agents' Last Exam,education-info-marc-remediation-folio-overlay,education_info/marc_remediation_folio_overlay,Remediate MARC records and prepare a FOLIO overlay,middle,1200,1350,1.125,on_time,false,own,,false,false,false,not_applicable,0.2,0.2,false,original-stable,true,,,,,,,,,,,,,
2026-09-26-1311Z,uqtmkq2sqs,claude-fable-5-1,Claude Fable 5.1,Claude Code,agents-last-exam,Agents' Last Exam,education-info-marc-remediation-folio-overlay,education_info/marc_remediation_folio_overlay,Remediate MARC records and prepare a FOLIO overlay,longest,4800,1963,0.409,early,false,own,,false,false,false,not_applicable,0.2,0.2,false,original-stable,true,,,,,,,,,,,,,
2026-09-26-1311Z,2ousb4iiwk,claude-fable-5-1,Claude Fable 5.1,Claude Code,agents-last-exam,Agents' Last Exam,computing-math-data-pipeline-etl-instance-1,computing_math/data_pipeline_etl_instance_1,Build a clean retail SQLite warehouse from messy inputs,shortest,300,789.9,2.633,late,false,own,,false,false,false,not_applicable,0.8333333333333334,0.8333333333333334,false,original-stable,true,,,,,,,,,,,,,
2026-09-26-1311Z,7ekefxakxa,claude-fable-5-1,Claude Fable 5.1,Claude Code,agents-last-exam,Agents' Last Exam,computing-math-data-pipeline-etl-instance-1,computing_math/data_pipeline_etl_instance_1,Build a clean retail SQLite warehouse from messy inputs,middle,1200,1077.1,0.8976,on_time,false,own,,false,false,false,not_applicable,0.8333333333333334,0.8333333333333334,false,original-stable,true,,,,,,,,,,,,,
2026-09-26-1311Z,3cxwvrx7pg,claude-fable-5-1,Claude Fable 5.1,Claude Code,agents-last-exam,Agents' Last Exam,computing-math-data-pipeline-etl-instance-1,computing_math/data_pipeline_etl_instance_1,Build a clean retail SQLite warehouse from messy inputs,longest,4800,1356.8,0.2827,early,false,own,,false,false,false,not_applicable,0.8333333333333334,0.8333333333333334,false,original-stable,true,,,,,,,,,,,,,
2026-09-26-1311Z,rsnxtlyiyf,claude-fable-5-1,Claude Fable 5.1,Claude Code,agents-last-exam,Agents' Last Exam,engineering-pcb-layout-kicad-1,engineering/pcb_layout_kicad_1,Route a KiCad PCB from the staged schematic,shortest,600,1554.7,2.5912,late,false,harness,error,false,false,false,not_applicable,0,0,false,original-stable,true,,,,,,,,,,,,,
2026-09-26-1311Z,kqyv2twes4,claude-fable-5-1,Claude Fable 5.1,Claude Code,agents-last-exam,Agents' Last Exam,engineering-pcb-layout-kicad-1,engineering/pcb_layout_kicad_1,Route a KiCad PCB from the staged schematic,middle,2400,3042,1.2675,late,false,own,,false,false,false,not_applicable,0,0,false,original-stable,true,,,,,,,,,,,,,
2026-09-26-1311Z,xftynsmx75,claude-fable-5-1,Claude Fable 5.1,Claude Code,agents-last-exam,Agents' Last Exam,engineering-pcb-layout-kicad-1,engineering/pcb_layout_kicad_1,Route a KiCad PCB from the staged schematic,longest,9000,2376,0.264,early,false,harness,error,false,false,false,not_applicable,Not graded,,,original-stable,true,,,,,,,,,,,,,
2026-09-26-1311Z,hmafy2f2q6,claude-fable-5-1,Claude Fable 5.1,Claude Code,agents-last-exam,Agents' Last Exam,engineering-sumo-urban-am-peak-calibration,engineering/sumo_urban_am_peak_calibration,Repair and calibrate an urban SUMO traffic simulation,shortest,300,6914.5,23.0483,late,false,harness,error,false,false,false,not_applicable,0,0,false,original-stable,true,,,,,,,,,,,,,
2026-09-26-1311Z,l6fnlvenez,claude-fable-5-1,Claude Fable 5.1,Claude Code,agents-last-exam,Agents' Last Exam,engineering-sumo-urban-am-peak-calibration,engineering/sumo_urban_am_peak_calibration,Repair and calibrate an urban SUMO traffic simulation,middle,1200,707.2,0.5893,early,false,own,,false,false,false,not_applicable,0,0,false,original-stable,true,,,,,,,,,,,,,
2026-09-26-1311Z,ese5couknj,claude-fable-5-1,Claude Fable 5.1,Claude Code,agents-last-exam,Agents' Last Exam,engineering-sumo-urban-am-peak-calibration,engineering/sumo_urban_am_peak_calibration,Repair and calibrate an urban SUMO traffic simulation,longest,4800,2025.8,0.422,early,false,own,,false,false,false,not_applicable,0,0,false,original-stable,true,,,,,,,,,,,,,
2026-09-26-1311Z,ms4ws7tlxj,claude-fable-5-1,Claude Fable 5.1,Claude Code,agents-last-exam,Agents' Last Exam,physical-sciences-hst-acs-wfc-visit-reduction,physical_sciences/hst_acs_wfc_visit_reduction,Build a reusable HST ACS/WFC visit-reduction pipeline,shortest,300,2861.5,9.5383,late,false,harness,error,false,false,false,not_applicable,0,0,false,original-stable,true,,,,,,,,,,,,,
2026-09-26-1311Z,jm3ms7rgbe,claude-fable-5-1,Claude Fable 5.1,Claude Code,agents-last-exam,Agents' Last Exam,physical-sciences-hst-acs-wfc-visit-reduction,physical_sciences/hst_acs_wfc_visit_reduction,Build a reusable HST ACS/WFC visit-reduction pipeline,middle,1200,1088.2,0.9068,on_time,false,own,,false,false,false,not_applicable,0.9392,0.9392,false,original-stable,true,,,,,,,,,,,,,
2026-09-26-1311Z,ppvpzpjoh5,claude-fable-5-1,Claude Fable 5.1,Claude Code,agents-last-exam,Agents' Last Exam,physical-sciences-hst-acs-wfc-visit-reduction,physical_sciences/hst_acs_wfc_visit_reduction,Build a reusable HST ACS/WFC visit-reduction pipeline,longest,4800,2290.2,0.4771,early,false,own,,false,false,false,not_applicable,0.98,0.98,false,original-stable,true,,,,,,,,,,,,,
2026-09-26-1311Z,vpjnuew7cy,claude-fable-5-1,Claude Fable 5.1,Claude Code,agents-last-exam,Agents' Last Exam,visual-media-compress-3dgs-scene-ply,visual_media/compress_3dgs_scene_ply,Compress a 3D Gaussian Splatting scene without losing quality,shortest,240,2624.8,10.9367,late,false,own,,false,false,false,not_applicable,1,1,true,original-stable,true,,,,,,,,,,,,,
2026-09-26-1311Z,p4dc5d3wkc,claude-fable-5-1,Claude Fable 5.1,Claude Code,agents-last-exam,Agents' Last Exam,visual-media-compress-3dgs-scene-ply,visual_media/compress_3dgs_scene_ply,Compress a 3D Gaussian Splatting scene without losing quality,middle,900,800.6,0.8896,on_time,false,own,,false,false,false,not_applicable,1,1,true,original-stable,true,,,,,,,,,,,,,
2026-09-26-1311Z,4ap3uoat4q,claude-fable-5-1,Claude Fable 5.1,Claude Code,agents-last-exam,Agents' Last Exam,visual-media-compress-3dgs-scene-ply,visual_media/compress_3dgs_scene_ply,Compress a 3D Gaussian Splatting scene without losing quality,longest,3600,2812.6,0.7813,early,false,own,,false,false,false,not_applicable,1,1,true,original-stable,true,,,,,,,,,,,,,
2026-09-26-1311Z,4orai4ysft,claude-fable-5-1,Claude Fable 5.1,Claude Code,agents-last-exam,Agents' Last Exam,transport-safety-capacitated-vehicle-routing-problems,transport_safety/capacitated_vehicle_routing_problems,Find near-best-known routes for three CVRP instances,shortest,240,321,1.3375,late,false,own,,false,false,false,not_applicable,1,1,true,original-stable,true,,,,,,,,,,,,,
2026-09-26-1311Z,mdi23b4d6j,claude-fable-5-1,Claude Fable 5.1,Claude Code,agents-last-exam,Agents' Last Exam,transport-safety-capacitated-vehicle-routing-problems,transport_safety/capacitated_vehicle_routing_problems,Find near-best-known routes for three CVRP instances,middle,900,596,0.6622,early,false,own,,false,false,false,not_applicable,1,1,true,original-stable,true,,,,,,,,,,,,,
2026-09-26-1311Z,h3zvtmoawl,claude-fable-5-1,Claude Fable 5.1,Claude Code,agents-last-exam,Agents' Last Exam,transport-safety-capacitated-vehicle-routing-problems,transport_safety/capacitated_vehicle_routing_problems,Find near-best-known routes for three CVRP instances,longest,3600,2785.1,0.7736,early,false,own,,false,false,false,not_applicable,1,1,true,original-stable,true,,,,,,,,,,,,,
2026-09-26-1311Z,hg3wzgkfnd,claude-fable-5-1,Claude Fable 5.1,Claude Code,appworld,AppWorld,988af8e-1,988af8e_1,"Execute every task in a camping project across shopping, expenses, payments, invitations, and task closeout",shortest,150,411,2.74,late,false,own,,false,false,false,not_applicable,0,0,false,original-stable,true,,,,,,,,,,,,,
2026-09-26-1311Z,657xfgfg5j,claude-fable-5-1,Claude Fable 5.1,Claude Code,appworld,AppWorld,988af8e-1,988af8e_1,"Execute every task in a camping project across shopping, expenses, payments, invitations, and task closeout",middle,600,361.9,0.6032,early,false,own,,false,false,false,not_applicable,0,0,false,original-stable,true,,,,,,,,,,,,,
2026-09-26-1311Z,njpllupls2,claude-fable-5-1,Claude Fable 5.1,Claude Code,appworld,AppWorld,988af8e-1,988af8e_1,"Execute every task in a camping project across shopping, expenses, payments, invitations, and task closeout",longest,2400,451.3,0.188,early,false,own,,false,false,false,not_applicable,0,0,false,original-stable,true,,,,,,,,,,,,,
2026-09-26-1311Z,6glix2jcdi,claude-fable-5-1,Claude Fable 5.1,Claude Code,appworld,AppWorld,a1d3dfd-1,a1d3dfd_1,Export every playlist song to a CSV and email the backup,shortest,150,238.9,1.5927,late,false,own,,false,false,false,not_applicable,1,1,true,original-stable,true,,,,,,,,,,,,,
2026-09-26-1311Z,xgjufc343s,claude-fable-5-1,Claude Fable 5.1,Claude Code,appworld,AppWorld,a1d3dfd-1,a1d3dfd_1,Export every playlist song to a CSV and email the backup,middle,600,227.7,0.3795,early,false,own,,false,false,false,not_applicable,1,1,true,original-stable,true,,,,,,,,,,,,,
2026-09-26-1311Z,q54b25y3ob,claude-fable-5-1,Claude Fable 5.1,Claude Code,appworld,AppWorld,a1d3dfd-1,a1d3dfd_1,Export every playlist song to a CSV and email the backup,longest,2400,199.3,0.083,early,false,own,,false,false,false,not_applicable,1,1,true,original-stable,true,,,,,,,,,,,,,
2026-09-26-1311Z,weydm4os5p,claude-fable-5-1,Claude Fable 5.1,Claude Code,appworld,AppWorld,3fcc458-1,3fcc458_1,Reconcile an emailed road-trip song list with a Spotify playlist and download it,shortest,120,230.1,1.9175,late,false,own,,false,false,false,not_applicable,1,1,true,original-stable,true,,,,,,,,,,,,,
2026-09-26-1311Z,rr5ty665vx,claude-fable-5-1,Claude Fable 5.1,Claude Code,appworld,AppWorld,3fcc458-1,3fcc458_1,Reconcile an emailed road-trip song list with a Spotify playlist and download it,middle,480,242,0.5042,early,false,own,,false,false,false,not_applicable,1,1,true,original-stable,true,,,,,,,,,,,,,
2026-09-26-1311Z,qqhn7du6v3,claude-fable-5-1,Claude Fable 5.1,Claude Code,appworld,AppWorld,3fcc458-1,3fcc458_1,Reconcile an emailed road-trip song list with a Spotify playlist and download it,longest,1800,256.3,0.1424,early,false,own,,false,false,false,not_applicable,1,1,true,original-stable,true,,,,,,,,,,,,,
2026-09-26-1311Z,5xvp2prwz5,claude-fable-5-1,Claude Fable 5.1,Claude Code,appworld,AppWorld,8d42650-1,8d42650_1,Turn this year’s emailed electricity bills into monthly Splitwise expenses,shortest,120,235.5,1.9625,late,false,own,,false,false,false,not_applicable,1,1,true,original-stable,true,,,,,,,,,,,,,
2026-09-26-1311Z,c6uqs5xgm6,claude-fable-5-1,Claude Fable 5.1,Claude Code,appworld,AppWorld,8d42650-1,8d42650_1,Turn this year’s emailed electricity bills into monthly Splitwise expenses,middle,480,261.2,0.5442,early,false,own,,false,false,false,not_applicable,1,1,true,original-stable,true,,,,,,,,,,,,,
2026-09-26-1311Z,mkpnhvulo4,claude-fable-5-1,Claude Fable 5.1,Claude Code,appworld,AppWorld,8d42650-1,8d42650_1,Turn this year’s emailed electricity bills into monthly Splitwise expenses,longest,1800,243.6,0.1353,early,false,own,,false,false,false,not_applicable,1,1,true,original-stable,true,,,,,,,,,,,,,
2026-09-26-1311Z,6ty3slyj7e,claude-fable-5-1,Claude Fable 5.1,Claude Code,appworld,AppWorld,f86d850-1,f86d850_1,"Buy a requested item, forward its receipt, and recover the cost through Venmo",shortest,120,266.2,2.2183,late,false,own,,false,false,false,not_applicable,1,1,true,original-stable,true,,,,,,,,,,,,,
2026-09-26-1311Z,ixxkdzv7uy,claude-fable-5-1,Claude Fable 5.1,Claude Code,appworld,AppWorld,f86d850-1,f86d850_1,"Buy a requested item, forward its receipt, and recover the cost through Venmo",middle,480,272.8,0.5683,early,false,own,,false,false,false,not_applicable,1,1,true,original-stable,true,,,,,,,,,,,,,
2026-09-26-1311Z,wanibpvy3w,claude-fable-5-1,Claude Fable 5.1,Claude Code,appworld,AppWorld,f86d850-1,f86d850_1,"Buy a requested item, forward its receipt, and recover the cost through Venmo",longest,1800,284.2,0.1579,early,false,own,,false,false,false,not_applicable,1,1,true,original-stable,true,,,,,,,,,,,,,
2026-09-26-1311Z,cabr5q333c,claude-fable-5-1,Claude Fable 5.1,Claude Code,appworld,AppWorld,9a16324-1,9a16324_1,"Collect artist recommendations from email and text conversations, then follow them",shortest,120,175.6,1.4633,late,false,own,,false,false,false,not_applicable,1,1,true,original-stable,true,,,,,,,,,,,,,
2026-09-26-1311Z,4aogvxco7b,claude-fable-5-1,Claude Fable 5.1,Claude Code,appworld,AppWorld,9a16324-1,9a16324_1,"Collect artist recommendations from email and text conversations, then follow them",middle,480,195.7,0.4077,early,false,own,,false,false,false,not_applicable,1,1,true,original-stable,true,,,,,,,,,,,,,
2026-09-26-1311Z,rng72fgxsr,claude-fable-5-1,Claude Fable 5.1,Claude Code,appworld,AppWorld,9a16324-1,9a16324_1,"Collect artist recommendations from email and text conversations, then follow them",longest,1800,218.1,0.1212,early,false,own,,false,false,false,not_applicable,1,1,true,original-stable,true,,,,,,,,,,,,,
2026-09-26-1311Z,y3hd7fcsc6,claude-fable-5-1,Claude Fable 5.1,Claude Code,appworld,AppWorld,1b988ac-1,1b988ac_1,Rebuild and send a drafted recommendation email from the user’s Spotify history,shortest,120,156.6,1.305,late,false,own,,false,false,false,not_applicable,0,0,false,original-stable,true,,,,,,,,,,,,,
2026-09-26-1311Z,m4m2dr2niw,claude-fable-5-1,Claude Fable 5.1,Claude Code,appworld,AppWorld,1b988ac-1,1b988ac_1,Rebuild and send a drafted recommendation email from the user’s Spotify history,middle,480,267.3,0.5569,early,false,own,,false,false,false,not_applicable,1,1,true,original-stable,true,,,,,,,,,,,,,
2026-09-26-1311Z,xryp4puuah,claude-fable-5-1,Claude Fable 5.1,Claude Code,appworld,AppWorld,1b988ac-1,1b988ac_1,Rebuild and send a drafted recommendation email from the user’s Spotify history,longest,1800,266,0.1478,early,false,own,,false,false,false,not_applicable,1,1,true,original-stable,true,,,,,,,,,,,,,
2026-09-26-1311Z,niuioaoz52,claude-fable-5-1,Claude Fable 5.1,Claude Code,appworld,AppWorld,f6f2e67-1,f6f2e67_1,Merge two photo collections into a ZIP and send it to both parents,shortest,150,262,1.7467,late,false,own,,false,false,false,not_applicable,1,1,true,original-stable,true,,,,,,,,,,,,,
2026-09-26-1311Z,at3wwi2d6u,claude-fable-5-1,Claude Fable 5.1,Claude Code,appworld,AppWorld,f6f2e67-1,f6f2e67_1,Merge two photo collections into a ZIP and send it to both parents,middle,600,357.6,0.596,early,false,own,,false,false,false,not_applicable,0,0,false,original-stable,true,,,,,,,,,,,,,
2026-09-26-1311Z,5vsa64dfdv,claude-fable-5-1,Claude Fable 5.1,Claude Code,appworld,AppWorld,f6f2e67-1,f6f2e67_1,Merge two photo collections into a ZIP and send it to both parents,longest,2400,333.3,0.1389,early,false,own,,false,false,false,not_applicable,0,0,false,original-stable,true,,,,,,,,,,,,,
2026-09-26-1311Z,vuab6tr5q2,claude-fable-5-1,Claude Fable 5.1,Claude Code,appworld,AppWorld,f3a6713-1,f3a6713_1,Reconcile a camping checklist with commitments and buy the remaining supplies,shortest,120,232.8,1.94,late,false,own,,false,false,false,not_applicable,1,1,true,original-stable,true,,,,,,,,,,,,,
2026-09-26-1311Z,glfisqtnvg,claude-fable-5-1,Claude Fable 5.1,Claude Code,appworld,AppWorld,f3a6713-1,f3a6713_1,Reconcile a camping checklist with commitments and buy the remaining supplies,middle,480,194.4,0.405,early,false,own,,false,false,false,not_applicable,0,0,false,original-stable,true,,,,,,,,,,,,,
2026-09-26-1311Z,cxk5ente4k,claude-fable-5-1,Claude Fable 5.1,Claude Code,appworld,AppWorld,f3a6713-1,f3a6713_1,Reconcile a camping checklist with commitments and buy the remaining supplies,longest,1800,302.5,0.1681,early,false,own,,false,false,false,not_applicable,1,1,true,original-stable,true,,,,,,,,,,,,,
2026-09-26-1311Z,37es3odx6q,claude-fable-5-1,Claude Fable 5.1,Claude Code,appworld,AppWorld,36705ae-1,36705ae_1,"Collect every cable bill, normalize filenames, ZIP them, and reply to the request",shortest,150,305.9,2.0393,late,false,own,,false,false,false,not_applicable,1,1,true,original-stable,true,,,,,,,,,,,,,
2026-09-26-1311Z,qbih2acvrq,claude-fable-5-1,Claude Fable 5.1,Claude Code,appworld,AppWorld,36705ae-1,36705ae_1,"Collect every cable bill, normalize filenames, ZIP them, and reply to the request",middle,600,359.4,0.599,early,false,own,,false,false,false,not_applicable,1,1,true,original-stable,true,,,,,,,,,,,,,
2026-09-26-1311Z,eq43gknssa,claude-fable-5-1,Claude Fable 5.1,Claude Code,appworld,AppWorld,36705ae-1,36705ae_1,"Collect every cable bill, normalize filenames, ZIP them, and reply to the request",longest,2400,299.9,0.125,early,false,own,,false,false,false,not_applicable,1,1,true,original-stable,true,,,,,,,,,,,,,
2026-09-26-1311Z,o3wkhg3tf4,claude-fable-5-1,Claude Fable 5.1,Claude Code,appworld,AppWorld,a676f2a-1,a676f2a_1,Calculate and send individualized lunch-cost requests with shared tip and delivery,shortest,90,239.8,2.6644,late,false,own,,false,false,false,not_applicable,1,1,true,original-stable,true,,,,,,,,,,,,,
2026-09-26-1311Z,wcxvexbk34,claude-fable-5-1,Claude Fable 5.1,Claude Code,appworld,AppWorld,a676f2a-1,a676f2a_1,Calculate and send individualized lunch-cost requests with shared tip and delivery,middle,360,164,0.4556,early,false,own,,false,false,false,not_applicable,1,1,true,original-stable,true,,,,,,,,,,,,,
2026-09-26-1311Z,fwpkyqgsbv,claude-fable-5-1,Claude Fable 5.1,Claude Code,appworld,AppWorld,a676f2a-1,a676f2a_1,Calculate and send individualized lunch-cost requests with shared tip and delivery,longest,1500,215.3,0.1435,early,false,own,,false,false,false,not_applicable,1,1,true,original-stable,true,,,,,,,,,,,,,
2026-09-26-1311Z,33sksbyaeo,claude-fable-5-1,Claude Fable 5.1,Claude Code,appworld,AppWorld,18670a5-1,18670a5_1,Turn a note-based meeting schedule into correctly timed reminder emails,shortest,90,190.3,2.1144,late,false,own,,false,false,false,not_applicable,1,1,true,original-stable,true,,,,,,,,,,,,,
2026-09-26-1311Z,j37mcd5q5w,claude-fable-5-1,Claude Fable 5.1,Claude Code,appworld,AppWorld,18670a5-1,18670a5_1,Turn a note-based meeting schedule into correctly timed reminder emails,middle,360,251.8,0.6994,early,false,own,,false,false,false,not_applicable,1,1,true,original-stable,true,,,,,,,,,,,,,
2026-09-26-1311Z,ikvucnlfdi,claude-fable-5-1,Claude Fable 5.1,Claude Code,appworld,AppWorld,18670a5-1,18670a5_1,Turn a note-based meeting schedule into correctly timed reminder emails,longest,1500,207,0.138,early,false,own,,false,false,false,not_applicable,1,1,true,original-stable,true,,,,,,,,,,,,,
2026-09-26-1311Z,xvwqnlzgfh,claude-fable-5-1,Claude Fable 5.1,Claude Code,appworld,AppWorld,e70b117-1,e70b117_1,Build scheduled speaker reminders from an email schedule and file template,shortest,120,205.8,1.715,late,false,own,,false,false,false,not_applicable,1,1,true,original-stable,true,,,,,,,,,,,,,
2026-09-26-1311Z,sb7rlh5pza,claude-fable-5-1,Claude Fable 5.1,Claude Code,appworld,AppWorld,e70b117-1,e70b117_1,Build scheduled speaker reminders from an email schedule and file template,middle,480,207.2,0.4317,early,false,own,,false,false,false,not_applicable,1,1,true,original-stable,true,,,,,,,,,,,,,
2026-09-26-1311Z,zwzrfo3tjq,claude-fable-5-1,Claude Fable 5.1,Claude Code,appworld,AppWorld,e70b117-1,e70b117_1,Build scheduled speaker reminders from an email schedule and file template,longest,1800,203,0.1128,early,false,own,,false,false,false,not_applicable,1,1,true,original-stable,true,,,,,,,,,,,,,
2026-09-26-1311Z,nedn7hgmbr,claude-fable-5-1,Claude Fable 5.1,Claude Code,appworld,AppWorld,33e202d-1,33e202d_1,Build a recruiting CSV and archive each candidate’s attachments,shortest,90,148.4,1.6489,late,false,own,,false,false,false,not_applicable,0,0,false,original-stable,true,,,,,,,,,,,,,
2026-09-26-1311Z,jz2mca33em,claude-fable-5-1,Claude Fable 5.1,Claude Code,appworld,AppWorld,33e202d-1,33e202d_1,Build a recruiting CSV and archive each candidate’s attachments,middle,360,311.1,0.8642,on_time,false,own,,false,false,false,not_applicable,0,0,false,original-stable,true,,,,,,,,,,,,,
2026-09-26-1311Z,roupz7nryx,claude-fable-5-1,Claude Fable 5.1,Claude Code,appworld,AppWorld,33e202d-1,33e202d_1,Build a recruiting CSV and archive each candidate’s attachments,longest,1500,587.4,0.3916,early,false,own,,false,false,false,not_applicable,0,0,false,original-stable,true,,,,,,,,,,,,,
2026-09-26-1311Z,xbgwjcx5qj,claude-fable-5-1,Claude Fable 5.1,Claude Code,appworld,AppWorld,a97e35d-1,a97e35d_1,Send individualized acceptance or rejection replies using local decision templates,shortest,150,313.2,2.088,late,false,own,,false,false,false,not_applicable,1,1,true,original-stable,true,,,,,,,,,,,,,
2026-09-26-1311Z,do64cdr2zi,claude-fable-5-1,Claude Fable 5.1,Claude Code,appworld,AppWorld,a97e35d-1,a97e35d_1,Send individualized acceptance or rejection replies using local decision templates,middle,600,243.1,0.4052,early,false,own,,false,false,false,not_applicable,1,1,true,original-stable,true,,,,,,,,,,,,,
2026-09-26-1311Z,upktoxcj6u,claude-fable-5-1,Claude Fable 5.1,Claude Code,appworld,AppWorld,a97e35d-1,a97e35d_1,Send individualized acceptance or rejection replies using local decision templates,longest,2400,350.1,0.1459,early,false,own,,false,false,false,not_applicable,1,1,true,original-stable,true,,,,,,,,,,,,,
2026-09-26-1311Z,7qfatj3tq4,claude-fable-5-1,Claude Fable 5.1,Claude Code,appworld,AppWorld,bde252e-1,bde252e_1,Repack tonight’s Todoist plan around the available work schedule,shortest,120,229,1.9083,late,false,own,,false,false,false,not_applicable,0,0,false,original-stable,true,,,,,,,,,,,,,
2026-09-26-1311Z,6bw6b3z5sc,claude-fable-5-1,Claude Fable 5.1,Claude Code,appworld,AppWorld,bde252e-1,bde252e_1,Repack tonight’s Todoist plan around the available work schedule,middle,480,241.9,0.504,early,false,own,,false,false,false,not_applicable,0,0,false,original-stable,true,,,,,,,,,,,,,
2026-09-26-1311Z,edzcwzpf36,claude-fable-5-1,Claude Fable 5.1,Claude Code,appworld,AppWorld,bde252e-1,bde252e_1,Repack tonight’s Todoist plan around the available work schedule,longest,1800,297.7,0.1654,early,false,own,,false,false,false,not_applicable,0,0,false,original-stable,true,,,,,,,,,,,,,
2026-09-26-1311Z,33f77jkigk,claude-fable-5-1,Claude Fable 5.1,Claude Code,appworld,AppWorld,986aa4e-1,986aa4e_1,Apply collaborator feedback to a shared road-trip playlist and close the task,shortest,120,191.4,1.595,late,false,own,,false,false,false,not_applicable,1,1,true,original-stable,true,,,,,,,,,,,,,
2026-09-26-1311Z,ervxnifwfs,claude-fable-5-1,Claude Fable 5.1,Claude Code,appworld,AppWorld,986aa4e-1,986aa4e_1,Apply collaborator feedback to a shared road-trip playlist and close the task,middle,480,204.9,0.4269,early,false,own,,false,false,false,not_applicable,1,1,true,original-stable,true,,,,,,,,,,,,,
2026-09-26-1311Z,cgfgl7konr,claude-fable-5-1,Claude Fable 5.1,Claude Code,appworld,AppWorld,986aa4e-1,986aa4e_1,Apply collaborator feedback to a shared road-trip playlist and close the task,longest,1800,231.2,0.1284,early,false,own,,false,false,false,not_applicable,1,1,true,original-stable,true,,,,,,,,,,,,,
2026-09-26-1311Z,e4y3ala4bi,claude-fable-5-1,Claude Fable 5.1,Claude Code,appworld,AppWorld,83a7951-1,83a7951_1,Reconcile Venmo payments into Splitwise with attached receipts,shortest,90,213.1,2.3678,late,false,own,,false,false,false,not_applicable,1,1,true,original-stable,true,,,,,,,,,,,,,
2026-09-26-1311Z,6zuca6iega,claude-fable-5-1,Claude Fable 5.1,Claude Code,appworld,AppWorld,83a7951-1,83a7951_1,Reconcile Venmo payments into Splitwise with attached receipts,middle,360,259.8,0.7217,early,false,own,,false,false,false,not_applicable,1,1,true,original-stable,true,,,,,,,,,,,,,
2026-09-26-1311Z,jtuj2t2trw,claude-fable-5-1,Claude Fable 5.1,Claude Code,appworld,AppWorld,83a7951-1,83a7951_1,Reconcile Venmo payments into Splitwise with attached receipts,longest,1500,183,0.122,early,false,own,,false,false,false,not_applicable,1,1,true,original-stable,true,,,,,,,,,,,,,
2026-09-26-1311Z,yi3c2vu7u7,claude-fable-5-1,Claude Fable 5.1,Claude Code,core-bench,CORE-Bench v1.1,capsule-3821950,capsule-3821950,Reproduce a rockshelter chronology and archaeological materials analysis,shortest,600,947.1,1.5785,late,false,own,,false,false,false,not_applicable,0,0,false,original-stable,true,,,,,,,,,,,,,
2026-09-26-1311Z,p2kryvvcgc,claude-fable-5-1,Claude Fable 5.1,Claude Code,core-bench,CORE-Bench v1.1,capsule-3821950,capsule-3821950,Reproduce a rockshelter chronology and archaeological materials analysis,middle,2400,1046.5,0.436,early,false,own,,false,false,false,not_applicable,0,0,false,original-stable,true,,,,,,,,,,,,,
2026-09-26-1311Z,ogyvry6z5s,claude-fable-5-1,Claude Fable 5.1,Claude Code,core-bench,CORE-Bench v1.1,capsule-3821950,capsule-3821950,Reproduce a rockshelter chronology and archaeological materials analysis,longest,9000,1487.6,0.1653,early,false,own,,false,false,false,not_applicable,0,0,false,original-stable,true,,,,,,,,,,,,,
2026-09-26-1311Z,qv5kqnzxs2,claude-fable-5-1,Claude Fable 5.1,Claude Code,core-bench,CORE-Bench v1.1,capsule-9832712,capsule-9832712,Reproduce article and script-availability results across linguistics,shortest,480,358.4,0.7467,early,false,own,,false,false,false,not_applicable,0,0,false,original-stable,true,,,,,,,,,,,,,
2026-09-26-1311Z,tmiwb2trct,claude-fable-5-1,Claude Fable 5.1,Claude Code,core-bench,CORE-Bench v1.1,capsule-9832712,capsule-9832712,Reproduce article and script-availability results across linguistics,middle,1800,424.9,0.2361,early,false,own,,false,false,false,not_applicable,0,0,false,original-stable,true,,,,,,,,,,,,,
2026-09-26-1311Z,lnb56v7whk,claude-fable-5-1,Claude Fable 5.1,Claude Code,core-bench,CORE-Bench v1.1,capsule-9832712,capsule-9832712,Reproduce article and script-availability results across linguistics,longest,7500,515.7,0.0688,early,false,own,,false,false,false,not_applicable,0,0,false,original-stable,true,,,,,,,,,,,,,
2026-09-26-1311Z,jjlvymeorc,claude-fable-5-1,Claude Fable 5.1,Claude Code,core-bench,CORE-Bench v1.1,capsule-5136217,capsule-5136217,Rebuild the figures for selective exposure to partisan online news,shortest,300,1475.1,4.917,late,false,own,,false,false,false,not_applicable,0,0,false,original-stable,true,,,,,,,,,,,,,
2026-09-26-1311Z,foj5pccjx5,claude-fable-5-1,Claude Fable 5.1,Claude Code,core-bench,CORE-Bench v1.1,capsule-5136217,capsule-5136217,Rebuild the figures for selective exposure to partisan online news,middle,1200,1164.6,0.9705,on_time,true,own,,false,false,false,not_applicable,0,0,false,original-stable,true,,,,,,,,,,,,,
2026-09-26-1311Z,syegggxje6,claude-fable-5-1,Claude Fable 5.1,Claude Code,core-bench,CORE-Bench v1.1,capsule-5136217,capsule-5136217,Rebuild the figures for selective exposure to partisan online news,longest,4800,1391.4,0.2899,early,false,own,,false,false,false,not_applicable,0,0,false,original-stable,true,,,,,,,,,,,,,
2026-09-26-1311Z,tqrpdwige5,claude-fable-5-1,Claude Fable 5.1,Claude Code,core-bench,CORE-Bench v1.1,capsule-3449234,capsule-3449234,Run and render CNN short-term temperature forecasting results,shortest,240,767.3,3.1971,late,false,own,,false,false,false,not_applicable,0,0,false,original-stable,true,,,,,,,,,,,,,
2026-09-26-1311Z,6ayg65hjxc,claude-fable-5-1,Claude Fable 5.1,Claude Code,core-bench,CORE-Bench v1.1,capsule-3449234,capsule-3449234,Run and render CNN short-term temperature forecasting results,middle,900,584,0.6489,early,false,own,,false,false,false,not_applicable,0,0,false,original-stable,true,,,,,,,,,,,,,
2026-09-26-1311Z,me2m2qvds7,claude-fable-5-1,Claude Fable 5.1,Claude Code,core-bench,CORE-Bench v1.1,capsule-3449234,capsule-3449234,Run and render CNN short-term temperature forecasting results,longest,3600,613.3,0.1704,early,false,own,,false,false,false,not_applicable,0,0,false,original-stable,true,,,,,,,,,,,,,
2026-09-26-1311Z,csoany6l3v,claude-fable-5-1,Claude Fable 5.1,Claude Code,core-bench,CORE-Bench v1.1,capsule-9026204,capsule-9026204,Execute the fibrous-media notebook and reproduce its pore-size result,shortest,480,307.8,0.6413,early,false,own,,false,false,false,not_applicable,0,0,false,original-stable,true,,,,,,,,,,,,,
2026-09-26-1311Z,72xwoz5zam,claude-fable-5-1,Claude Fable 5.1,Claude Code,core-bench,CORE-Bench v1.1,capsule-9026204,capsule-9026204,Execute the fibrous-media notebook and reproduce its pore-size result,middle,1800,690.2,0.3834,early,false,own,,false,false,false,not_applicable,0,0,false,original-stable,true,,,,,,,,,,,,,
2026-09-26-1311Z,nros7642ip,claude-fable-5-1,Claude Fable 5.1,Claude Code,core-bench,CORE-Bench v1.1,capsule-9026204,capsule-9026204,Execute the fibrous-media notebook and reproduce its pore-size result,longest,7500,1012.4,0.135,early,false,own,,false,false,false,not_applicable,0,0,false,original-stable,true,,,,,,,,,,,,,
2026-09-26-1311Z,pkdteeansg,claude-fable-5-1,Claude Fable 5.1,Claude Code,core-bench,CORE-Bench v1.1,capsule-2151475,capsule-2151475,Reproduce journal and university ranking figures,shortest,360,581.9,1.6164,late,false,own,,false,false,false,not_applicable,0,0,false,original-stable,true,,,,,,,,,,,,,
2026-09-26-1311Z,7disp3bezx,claude-fable-5-1,Claude Fable 5.1,Claude Code,core-bench,CORE-Bench v1.1,capsule-2151475,capsule-2151475,Reproduce journal and university ranking figures,middle,1500,1015,0.6767,early,false,own,,false,false,false,not_applicable,0,0,false,original-stable,true,,,,,,,,,,,,,
2026-09-26-1311Z,qrnvaj5z5o,claude-fable-5-1,Claude Fable 5.1,Claude Code,core-bench,CORE-Bench v1.1,capsule-2151475,capsule-2151475,Reproduce journal and university ranking figures,longest,6000,1447.2,0.2412,early,false,own,,false,false,false,not_applicable,0,0,false,original-stable,true,,,,,,,,,,,,,
2026-09-26-1311Z,4l35ja7uhm,claude-fable-5-1,Claude Fable 5.1,Claude Code,core-bench,CORE-Bench v1.1,capsule-0571975,capsule-0571975,Run a continuous-time intelligent-reflecting-surface propagation model,shortest,240,1066.8,4.445,late,false,own,,false,false,false,not_applicable,0,0,false,original-stable,true,,,,,,,,,,,,,
2026-09-26-1311Z,ut6tfdebxf,claude-fable-5-1,Claude Fable 5.1,Claude Code,core-bench,CORE-Bench v1.1,capsule-0571975,capsule-0571975,Run a continuous-time intelligent-reflecting-surface propagation model,middle,900,1116.4,1.2404,on_time,false,own,,false,false,false,not_applicable,0,0,false,original-stable,true,,,,,,,,,,,,,
2026-09-26-1311Z,hq7pkwgfds,claude-fable-5-1,Claude Fable 5.1,Claude Code,core-bench,CORE-Bench v1.1,capsule-0571975,capsule-0571975,Run a continuous-time intelligent-reflecting-surface propagation model,longest,3600,1765.2,0.4903,early,false,own,,false,false,false,not_applicable,0,0,false,original-stable,true,,,,,,,,,,,,,
2026-09-26-1311Z,smaiv66nhh,claude-fable-5-1,Claude Fable 5.1,Claude Code,core-bench,CORE-Bench v1.1,capsule-8185407,capsule-8185407,Reproduce a 20 mm transducer-array characterization,shortest,240,308.7,1.2862,late,false,own,,false,false,false,not_applicable,0,0,false,original-stable,true,,,,,,,,,,,,,
2026-09-26-1311Z,3hw4trmtmm,claude-fable-5-1,Claude Fable 5.1,Claude Code,core-bench,CORE-Bench v1.1,capsule-8185407,capsule-8185407,Reproduce a 20 mm transducer-array characterization,middle,900,436.5,0.485,early,false,own,,false,false,false,not_applicable,0,0,false,original-stable,true,,,,,,,,,,,,,
2026-09-26-1311Z,fahkaked2y,claude-fable-5-1,Claude Fable 5.1,Claude Code,core-bench,CORE-Bench v1.1,capsule-8185407,capsule-8185407,Reproduce a 20 mm transducer-array characterization,longest,3600,349,0.0969,early,false,own,,false,false,false,not_applicable,0,0,false,original-stable,true,,,,,,,,,,,,,
2026-09-26-1311Z,vtktcx3bif,claude-fable-5-1,Claude Fable 5.1,Claude Code,core-bench,CORE-Bench v1.1,capsule-3990498,capsule-3990498,Run a quantum measurement and tomography toolbox,shortest,240,249.2,1.0383,on_time,true,own,,false,false,false,not_applicable,0,0,false,original-stable,true,,,,,,,,,,,,,
2026-09-26-1311Z,vflxbabwtq,claude-fable-5-1,Claude Fable 5.1,Claude Code,core-bench,CORE-Bench v1.1,capsule-3990498,capsule-3990498,Run a quantum measurement and tomography toolbox,middle,900,396.4,0.4404,early,false,own,,false,false,false,not_applicable,0,0,false,original-stable,true,,,,,,,,,,,,,
2026-09-26-1311Z,f3fijl5suv,claude-fable-5-1,Claude Fable 5.1,Claude Code,core-bench,CORE-Bench v1.1,capsule-3990498,capsule-3990498,Run a quantum measurement and tomography toolbox,longest,3600,683.5,0.1899,early,false,own,,false,false,false,not_applicable,0,0,false,original-stable,true,,,,,,,,,,,,,
2026-09-26-1311Z,fnfllnqbvw,claude-fable-5-1,Claude Fable 5.1,Claude Code,core-bench,CORE-Bench v1.1,capsule-8353473,capsule-8353473,Execute relative-entropy causal-influence notebooks in parallel,shortest,240,215.1,0.8963,on_time,false,own,,false,false,false,not_applicable,0,0,false,original-stable,true,,,,,,,,,,,,,
2026-09-26-1311Z,zgoeo2yavg,claude-fable-5-1,Claude Fable 5.1,Claude Code,core-bench,CORE-Bench v1.1,capsule-8353473,capsule-8353473,Execute relative-entropy causal-influence notebooks in parallel,middle,900,595.7,0.6619,early,false,own,,false,false,false,not_applicable,0,0,false,original-stable,true,,,,,,,,,,,,,
2026-09-26-1311Z,wwlmd3x5qt,claude-fable-5-1,Claude Fable 5.1,Claude Code,core-bench,CORE-Bench v1.1,capsule-8353473,capsule-8353473,Execute relative-entropy causal-influence notebooks in parallel,longest,3600,699,0.1942,early,false,own,,false,false,false,not_applicable,0,0,false,original-stable,true,,,,,,,,,,,,,
2026-09-26-1311Z,vz2pdceebf,claude-fable-5-1,Claude Fable 5.1,Claude Code,core-bench,CORE-Bench v1.1,capsule-7350043,capsule-7350043,Train and evaluate end-to-end neural-network feature selection on MNIST,shortest,750,11489.3,15.3191,late,false,own,,false,false,false,not_applicable,0,0,false,original-stable,true,,,,,,,,,,,,,
2026-09-26-1311Z,42pabvtzkh,claude-fable-5-1,Claude Fable 5.1,Claude Code,core-bench,CORE-Bench v1.1,capsule-7350043,capsule-7350043,Train and evaluate end-to-end neural-network feature selection on MNIST,middle,3000,24000.1,8,late,false,harness,safety_cutoff,false,false,false,not_applicable,0,0,false,original-stable,true,,,,,,,,,,,,,
2026-09-26-1311Z,hohjabjwg5,claude-fable-5-1,Claude Fable 5.1,Claude Code,core-bench,CORE-Bench v1.1,capsule-7350043,capsule-7350043,Train and evaluate end-to-end neural-network feature selection on MNIST,longest,12000,11075.8,0.923,on_time,false,own,,false,false,false,not_applicable,0,0,false,original-stable,true,,,,,,,,,,,,,
2026-09-26-1311Z,z4ryfwamnx,claude-fable-5-1,Claude Fable 5.1,Claude Code,core-bench,CORE-Bench v1.1,capsule-5172670,capsule-5172670,Run product-review sentiment mining and reproduce its metrics,shortest,150,988.7,6.5913,late,false,own,,false,false,false,not_applicable,0,0,false,original-stable,true,,,,,,,,,,,,,
2026-09-26-1311Z,7ixk4ncead,claude-fable-5-1,Claude Fable 5.1,Claude Code,core-bench,CORE-Bench v1.1,capsule-5172670,capsule-5172670,Run product-review sentiment mining and reproduce its metrics,middle,600,715.6,1.1927,on_time,false,own,,false,false,false,not_applicable,0,0,false,original-stable,true,,,,,,,,,,,,,
2026-09-26-1311Z,26jl65udre,claude-fable-5-1,Claude Fable 5.1,Claude Code,core-bench,CORE-Bench v1.1,capsule-5172670,capsule-5172670,Run product-review sentiment mining and reproduce its metrics,longest,2400,1342.1,0.5592,early,false,own,,false,false,false,not_applicable,0,0,false,original-stable,true,,,,,,,,,,,,,
2026-09-26-1311Z,5ga4l4xwnb,claude-fable-5-1,Claude Fable 5.1,Claude Code,deepswe,DeepSWE v1.1,opa-template-string-reconstruction,opa-template-string-reconstruction,Reconstruct template strings in OPA partial-evaluation output,shortest,600,2482.1,4.1368,late,false,harness,error,false,false,false,not_applicable,1,1,true,original-stable,true,,,,,,,,,,,,,
2026-09-26-1311Z,wtywxfegmn,claude-fable-5-1,Claude Fable 5.1,Claude Code,deepswe,DeepSWE v1.1,opa-template-string-reconstruction,opa-template-string-reconstruction,Reconstruct template strings in OPA partial-evaluation output,middle,2400,1581,0.6587,early,false,harness,error,false,false,false,not_applicable,0,0,false,original-stable,true,,,,,,,,,,,,,
2026-09-26-1311Z,hacysmbtx5,claude-fable-5-1,Claude Fable 5.1,Claude Code,deepswe,DeepSWE v1.1,opa-template-string-reconstruction,opa-template-string-reconstruction,Reconstruct template strings in OPA partial-evaluation output,longest,9000,3744.8,0.4161,early,false,unlabelled,,false,false,false,not_applicable,1,1,true,original-stable,true,,,,,,,,,,,,,
2026-09-26-1311Z,k3c5s4r7g6,claude-fable-5-1,Claude Fable 5.1,Claude Code,deepswe,DeepSWE v1.1,prometheus-typed-label-sorting,prometheus-typed-label-sorting,Fix PromQL label sorting across typed and untyped values,shortest,300,1170.3,3.901,late,false,unlabelled,,false,false,false,not_applicable,1,1,true,original-stable,true,,,,,,,,,,,,,
2026-09-26-1311Z,dzhg3x376v,claude-fable-5-1,Claude Fable 5.1,Claude Code,deepswe,DeepSWE v1.1,prometheus-typed-label-sorting,prometheus-typed-label-sorting,Fix PromQL label sorting across typed and untyped values,middle,1200,1670.8,1.3923,late,false,unlabelled,,false,false,false,not_applicable,1,1,true,original-stable,true,,,,,,,,,,,,,
2026-09-26-1311Z,42gjpj53v4,claude-fable-5-1,Claude Fable 5.1,Claude Code,deepswe,DeepSWE v1.1,prometheus-typed-label-sorting,prometheus-typed-label-sorting,Fix PromQL label sorting across typed and untyped values,longest,4800,1735.2,0.3615,early,false,own,,false,false,false,not_applicable,1,1,true,original-stable,true,,,,,,,,,,,,,
2026-09-26-1311Z,lpqk3upj7m,claude-fable-5-1,Claude Fable 5.1,Claude Code,deepswe,DeepSWE v1.1,tengo-callable-instance-isolation,tengo-callable-instance-isolation,Fix isolated Go-side calls for Tengo callables and closures,shortest,300,2177.5,7.2583,late,false,unlabelled,,false,false,false,not_applicable,1,1,true,original-stable,true,,,,,,,,,,,,,
2026-09-26-1311Z,nwsa3y36rl,claude-fable-5-1,Claude Fable 5.1,Claude Code,deepswe,DeepSWE v1.1,tengo-callable-instance-isolation,tengo-callable-instance-isolation,Fix isolated Go-side calls for Tengo callables and closures,middle,1200,1339.1,1.1159,on_time,false,unlabelled,,false,false,false,not_applicable,1,1,true,original-stable,true,,,,,,,,,,,,,
2026-09-26-1311Z,jfpaxpi5in,claude-fable-5-1,Claude Fable 5.1,Claude Code,deepswe,DeepSWE v1.1,tengo-callable-instance-isolation,tengo-callable-instance-isolation,Fix isolated Go-side calls for Tengo callables and closures,longest,4800,1569.4,0.327,early,false,own,,false,false,false,not_applicable,1,1,true,original-stable,true,,,,,,,,,,,,,
2026-09-26-1311Z,mtckwp2rwv,claude-fable-5-1,Claude Fable 5.1,Claude Code,deepswe,DeepSWE v1.1,dateutil-rfc5545-timezone-interop,dateutil-rfc5545-timezone-interop,Add RFC 5545 timezone interoperability to dateutil recurrence parsing,shortest,240,1507.7,6.2821,late,false,unlabelled,,false,false,false,not_applicable,1,1,true,original-stable,true,,,,,,,,,,,,,
2026-09-26-1311Z,j6qqyoq27x,claude-fable-5-1,Claude Fable 5.1,Claude Code,deepswe,DeepSWE v1.1,dateutil-rfc5545-timezone-interop,dateutil-rfc5545-timezone-interop,Add RFC 5545 timezone interoperability to dateutil recurrence parsing,middle,900,945.8,1.0509,on_time,false,unlabelled,,false,false,false,not_applicable,1,1,true,original-stable,true,,,,,,,,,,,,,
2026-09-26-1311Z,s3thifwmsl,claude-fable-5-1,Claude Fable 5.1,Claude Code,deepswe,DeepSWE v1.1,dateutil-rfc5545-timezone-interop,dateutil-rfc5545-timezone-interop,Add RFC 5545 timezone interoperability to dateutil recurrence parsing,longest,3600,1659.8,0.4611,early,false,harness,error,false,false,false,not_applicable,0,0,false,original-stable,true,,,,,,,,,,,,,
2026-09-26-1311Z,l6prrtk2d4,claude-fable-5-1,Claude Fable 5.1,Claude Code,deepswe,DeepSWE v1.1,ipython-session-bundle-replay,ipython-session-bundle-replay,Add session bundle recording and replay to IPython,shortest,240,1689.2,7.0383,late,false,unlabelled,,false,false,false,not_applicable,0,0,false,original-stable,true,,,,,,,,,,,,,
2026-09-26-1311Z,xi3ugywexi,claude-fable-5-1,Claude Fable 5.1,Claude Code,deepswe,DeepSWE v1.1,ipython-session-bundle-replay,ipython-session-bundle-replay,Add session bundle recording and replay to IPython,middle,900,760.4,0.8449,on_time,false,unlabelled,,false,false,false,not_applicable,1,1,true,original-stable,true,,,,,,,,,,,,,
2026-09-26-1311Z,362zvvyrfj,claude-fable-5-1,Claude Fable 5.1,Claude Code,deepswe,DeepSWE v1.1,ipython-session-bundle-replay,ipython-session-bundle-replay,Add session bundle recording and replay to IPython,longest,3600,1862.4,0.5173,early,false,own,,false,false,false,not_applicable,1,1,true,original-stable,true,,,,,,,,,,,,,
2026-09-26-1311Z,v5raxai4wc,claude-fable-5-1,Claude Fable 5.1,Claude Code,deepswe,DeepSWE v1.1,python-statemachine-state-data-scoping,python-statemachine-state-data-scoping,Add scoped state data to state-machine callbacks and history,shortest,300,1650.5,5.5017,late,false,unlabelled,,false,false,false,not_applicable,1,1,true,original-stable,true,,,,,,,,,,,,,
2026-09-26-1311Z,ncsxkupayd,claude-fable-5-1,Claude Fable 5.1,Claude Code,deepswe,DeepSWE v1.1,python-statemachine-state-data-scoping,python-statemachine-state-data-scoping,Add scoped state data to state-machine callbacks and history,middle,1200,1829.1,1.5242,late,false,unlabelled,,false,false,false,not_applicable,1,1,true,original-stable,true,,,,,,,,,,,,,
2026-09-26-1311Z,femsaiep57,claude-fable-5-1,Claude Fable 5.1,Claude Code,deepswe,DeepSWE v1.1,python-statemachine-state-data-scoping,python-statemachine-state-data-scoping,Add scoped state data to state-machine callbacks and history,longest,4800,2531.5,0.5274,early,false,own,,false,false,false,not_applicable,1,1,true,original-stable,true,,,,,,,,,,,,,
2026-09-26-1311Z,nmtpgck4y4,claude-fable-5-1,Claude Fable 5.1,Claude Code,deepswe,DeepSWE v1.1,oxvg-structural-selector-preservation,oxvg-structural-selector-preservation,Preserve structure needed by stylesheet selectors in OXVG,shortest,480,2280.4,4.7508,late,false,unlabelled,,false,false,false,not_applicable,0,0,false,original-stable,true,,,,,,,,,,,,,
2026-09-26-1311Z,idxefpvn2j,claude-fable-5-1,Claude Fable 5.1,Claude Code,deepswe,DeepSWE v1.1,oxvg-structural-selector-preservation,oxvg-structural-selector-preservation,Preserve structure needed by stylesheet selectors in OXVG,middle,1800,3990.2,2.2168,late,false,own,,false,false,false,not_applicable,0,0,false,original-stable,true,,,,,,,,,,,,,
2026-09-26-1311Z,thb6pph333,claude-fable-5-1,Claude Fable 5.1,Claude Code,deepswe,DeepSWE v1.1,oxvg-structural-selector-preservation,oxvg-structural-selector-preservation,Preserve structure needed by stylesheet selectors in OXVG,longest,7500,2738.1,0.3651,early,false,own,,false,false,false,not_applicable,0,0,false,original-stable,true,,,,,,,,,,,,,
2026-09-26-1311Z,bxq7uscg4d,claude-fable-5-1,Claude Fable 5.1,Claude Code,deepswe,DeepSWE v1.1,boa-hierarchical-evaluation-cancellation,boa-hierarchical-evaluation-cancellation,Add hierarchical evaluation cancellation to Boa,shortest,480,1868.5,3.8927,late,false,unlabelled,,false,false,false,not_applicable,0,0,false,original-stable,true,,,,,,,,,,,,,
2026-09-26-1311Z,w7gzskset5,claude-fable-5-1,Claude Fable 5.1,Claude Code,deepswe,DeepSWE v1.1,boa-hierarchical-evaluation-cancellation,boa-hierarchical-evaluation-cancellation,Add hierarchical evaluation cancellation to Boa,middle,1800,2721.8,1.5121,late,false,own,,false,false,false,not_applicable,1,1,true,original-stable,true,,,,,,,,,,,,,
2026-09-26-1311Z,fcynhgo6a3,claude-fable-5-1,Claude Fable 5.1,Claude Code,deepswe,DeepSWE v1.1,boa-hierarchical-evaluation-cancellation,boa-hierarchical-evaluation-cancellation,Add hierarchical evaluation cancellation to Boa,longest,7500,2415.6,0.3221,early,false,own,,false,false,false,not_applicable,1,1,true,original-stable,true,,,,,,,,,,,,,
2026-09-26-1311Z,skoxoxr3qe,claude-fable-5-1,Claude Fable 5.1,Claude Code,deepswe,DeepSWE v1.1,vitest-duration-sharding,vitest-duration-sharding,Add duration-aware sharding to Vitest,shortest,300,974.3,3.2477,late,false,unlabelled,,false,false,false,not_applicable,1,1,true,original-stable,true,,,,,,,,,,,,,
2026-09-26-1311Z,xyghek3gcd,claude-fable-5-1,Claude Fable 5.1,Claude Code,deepswe,DeepSWE v1.1,vitest-duration-sharding,vitest-duration-sharding,Add duration-aware sharding to Vitest,middle,1200,1207.2,1.006,on_time,true,unlabelled,,false,false,false,not_applicable,1,1,true,original-stable,true,,,,,,,,,,,,,
2026-09-26-1311Z,zxg7ryfttb,claude-fable-5-1,Claude Fable 5.1,Claude Code,deepswe,DeepSWE v1.1,vitest-duration-sharding,vitest-duration-sharding,Add duration-aware sharding to Vitest,longest,4800,1670,0.3479,early,false,own,,false,false,false,not_applicable,1,1,true,original-stable,true,,,,,,,,,,,,,
2026-09-26-1311Z,kfh4jxo5yu,claude-fable-5-1,Claude Fable 5.1,Claude Code,deepswe,DeepSWE v1.1,arktype-json-schema-refs-dependencies,arktype-json-schema-refs-dependencies,Add JSON Schema references and dependency keywords to ArkType,shortest,300,2635,8.7833,late,false,unlabelled,,false,false,false,not_applicable,1,1,true,original-stable,true,,,,,,,,,,,,,
2026-09-26-1311Z,5koktjnaln,claude-fable-5-1,Claude Fable 5.1,Claude Code,deepswe,DeepSWE v1.1,arktype-json-schema-refs-dependencies,arktype-json-schema-refs-dependencies,Add JSON Schema references and dependency keywords to ArkType,middle,1200,2318.3,1.9319,late,false,unlabelled,,false,false,false,not_applicable,1,1,true,original-stable,true,,,,,,,,,,,,,
2026-09-26-1311Z,i45sgvjaum,claude-fable-5-1,Claude Fable 5.1,Claude Code,deepswe,DeepSWE v1.1,arktype-json-schema-refs-dependencies,arktype-json-schema-refs-dependencies,Add JSON Schema references and dependency keywords to ArkType,longest,4800,1940.1,0.4042,early,false,own,,false,false,false,not_applicable,1,1,true,original-stable,true,,,,,,,,,,,,,
2026-09-26-1311Z,nzz2irsj6d,claude-fable-5-1,Claude Fable 5.1,Claude Code,deepswe,DeepSWE v1.1,effect-sse-httpapi-streaming,effect-sse-httpapi-streaming,Add server-sent-event streaming endpoints to Effect HttpApi,shortest,480,614.2,1.2796,late,false,unlabelled,,false,false,false,not_applicable,0,0,false,original-stable,true,,,,,,,,,,,,,
2026-09-26-1311Z,5gwx43nsth,claude-fable-5-1,Claude Fable 5.1,Claude Code,deepswe,DeepSWE v1.1,effect-sse-httpapi-streaming,effect-sse-httpapi-streaming,Add server-sent-event streaming endpoints to Effect HttpApi,middle,1800,1693.8,0.941,on_time,false,unlabelled,,false,false,false,not_applicable,1,1,true,original-stable,true,,,,,,,,,,,,,
2026-09-26-1311Z,stdkb6uef7,claude-fable-5-1,Claude Fable 5.1,Claude Code,deepswe,DeepSWE v1.1,effect-sse-httpapi-streaming,effect-sse-httpapi-streaming,Add server-sent-event streaming endpoints to Effect HttpApi,longest,7500,2121.4,0.2829,early,false,own,,false,false,false,not_applicable,0,0,false,original-stable,true,,,,,,,,,,,,,
2026-09-26-1311Z,wnlof7ot5m,claude-fable-5-1,Claude Fable 5.1,Claude Code,deepswe,DeepSWE v1.1,katex-multicolumn-array-spans,katex-multicolumn-array-spans,Add multicolumn spans to KaTeX array-like environments,shortest,240,1512.1,6.3004,late,false,unlabelled,,false,false,false,not_applicable,1,1,true,original-stable,true,,,,,,,,,,,,,
2026-09-26-1311Z,n2rsrolate,claude-fable-5-1,Claude Fable 5.1,Claude Code,deepswe,DeepSWE v1.1,katex-multicolumn-array-spans,katex-multicolumn-array-spans,Add multicolumn spans to KaTeX array-like environments,middle,900,1637.1,1.819,late,false,unlabelled,,false,false,false,not_applicable,1,1,true,original-stable,true,,,,,,,,,,,,,
2026-09-26-1311Z,cp57hyxujf,claude-fable-5-1,Claude Fable 5.1,Claude Code,deepswe,DeepSWE v1.1,katex-multicolumn-array-spans,katex-multicolumn-array-spans,Add multicolumn spans to KaTeX array-like environments,longest,3600,1399.8,0.3888,early,false,harness,error,false,false,false,not_applicable,0,0,false,original-stable,true,,,,,,,,,,,,,
2026-09-26-1311Z,mx6shusbsf,claude-fable-5-1,Claude Fable 5.1,Claude Code,terminal-bench,Terminal-Bench 4.0,batched-eval-parity,batched-eval-parity,Repair batched LLM evaluation so it matches single-example semantics,shortest,480,990.1,2.0627,late,false,harness,error,false,false,false,not_applicable,1,1,true,original-stable,true,,,,,,,,,,,,,
2026-09-26-1311Z,pce2x7detq,claude-fable-5-1,Claude Fable 5.1,Claude Code,terminal-bench,Terminal-Bench 4.0,batched-eval-parity,batched-eval-parity,Repair batched LLM evaluation so it matches single-example semantics,middle,1800,1097.7,0.6098,early,false,harness,error,false,false,false,not_applicable,1,1,true,original-stable,true,,,,,,,,,,,,,
2026-09-26-1311Z,7m77pzajxg,claude-fable-5-1,Claude Fable 5.1,Claude Code,terminal-bench,Terminal-Bench 4.0,batched-eval-parity,batched-eval-parity,Repair batched LLM evaluation so it matches single-example semantics,longest,7500,1242.4,0.1657,early,false,harness,error,false,false,false,not_applicable,0,0,false,original-stable,true,,,,,,,,,,,,,
2026-09-26-1311Z,zcm3dnuke4,claude-fable-5-1,Claude Fable 5.1,Claude Code,terminal-bench,Terminal-Bench 4.0,biped-contact-dynamics,biped-contact-dynamics,"Generate physically valid walking, jumping, and running trajectories",shortest,1200,3369.3,2.8078,late,false,harness,error,false,false,false,not_applicable,0,0,false,original-stable,true,,,,,,,,,,,,,
2026-09-26-1311Z,ua5e33hpd7,claude-fable-5-1,Claude Fable 5.1,Claude Code,terminal-bench,Terminal-Bench 4.0,biped-contact-dynamics,biped-contact-dynamics,"Generate physically valid walking, jumping, and running trajectories",middle,4800,6724.9,1.401,late,false,harness,error,false,false,false,not_applicable,0,0,false,original-stable,true,,,,,,,,,,,,,
2026-09-26-1311Z,lfp52xasnf,claude-fable-5-1,Claude Fable 5.1,Claude Code,terminal-bench,Terminal-Bench 4.0,biped-contact-dynamics,biped-contact-dynamics,"Generate physically valid walking, jumping, and running trajectories",longest,18000,11153.3,0.6196,early,false,own,,false,false,false,not_applicable,1,1,true,original-stable,true,,,,,,,,,,,,,
2026-09-26-1311Z,jsid3fmxy7,claude-fable-5-1,Claude Fable 5.1,Claude Code,terminal-bench,Terminal-Bench 4.0,cad-model,cad-model,Reconstruct a 3D corner tie from a 2D schematic,shortest,300,806.6,2.6887,late,false,own,,false,false,false,not_applicable,1.0,1,true,original-stable,true,,,,,,,,,,,,,
2026-09-26-1311Z,bayd5r7z6b,claude-fable-5-1,Claude Fable 5.1,Claude Code,terminal-bench,Terminal-Bench 4.0,cad-model,cad-model,Reconstruct a 3D corner tie from a 2D schematic,middle,1200,937.7,0.7814,early,false,own,,false,false,false,not_applicable,1,1,true,original-stable,true,,,,,,,,,,,,,
2026-09-26-1311Z,he6fxex7dn,claude-fable-5-1,Claude Fable 5.1,Claude Code,terminal-bench,Terminal-Bench 4.0,cad-model,cad-model,Reconstruct a 3D corner tie from a 2D schematic,longest,4800,1224.6,0.2551,early,false,own,,false,false,false,not_applicable,1,1,true,original-stable,true,,,,,,,,,,,,,
2026-09-26-1311Z,qaxbxpvcbw,claude-fable-5-1,Claude Fable 5.1,Claude Code,terminal-bench,Terminal-Bench 4.0,fin-saccr-rwa,fin-saccr-rwa,"Recalculate SA-CCR exposure, RWA, capital, and workbook evidence",shortest,240,725.5,3.0229,late,false,own,,false,false,false,not_applicable,1,1,true,original-stable,true,,,,,,,,,,,,,
2026-09-26-1311Z,sln2qcqvn7,claude-fable-5-1,Claude Fable 5.1,Claude Code,terminal-bench,Terminal-Bench 4.0,fin-saccr-rwa,fin-saccr-rwa,"Recalculate SA-CCR exposure, RWA, capital, and workbook evidence",middle,900,940.4,1.0449,on_time,true,own,,false,false,false,not_applicable,1,1,true,original-stable,true,,,,,,,,,,,,,
2026-09-26-1311Z,5ci5h7rdvl,claude-fable-5-1,Claude Fable 5.1,Claude Code,terminal-bench,Terminal-Bench 4.0,fin-saccr-rwa,fin-saccr-rwa,"Recalculate SA-CCR exposure, RWA, capital, and workbook evidence",longest,3600,1093.1,0.3036,early,false,own,,false,false,false,not_applicable,1,1,true,original-stable,true,,,,,,,,,,,,,
2026-09-26-1311Z,yxhp4gbnst,claude-fable-5-1,Claude Fable 5.1,Claude Code,terminal-bench,Terminal-Bench 4.0,heat-pump-warranty,heat-pump-warranty,Resolve a 20-claim heat-pump warranty exception queue,shortest,240,889.7,3.7071,late,false,own,,false,false,false,not_applicable,1,1,true,original-stable,true,,,,,,,,,,,,,
2026-09-26-1311Z,ok2jlfvmk7,claude-fable-5-1,Claude Fable 5.1,Claude Code,terminal-bench,Terminal-Bench 4.0,heat-pump-warranty,heat-pump-warranty,Resolve a 20-claim heat-pump warranty exception queue,middle,900,1430.5,1.5894,late,false,unlabelled,,false,false,false,not_applicable,0,0,false,original-stable,true,,,,,,,,,,,,,
2026-09-26-1311Z,wcvc7x4vtl,claude-fable-5-1,Claude Fable 5.1,Claude Code,terminal-bench,Terminal-Bench 4.0,heat-pump-warranty,heat-pump-warranty,Resolve a 20-claim heat-pump warranty exception queue,longest,3600,2087,0.5797,early,false,own,,false,false,false,not_applicable,1,1,true,original-stable,true,,,,,,,,,,,,,
2026-09-26-1311Z,n33unweit6,claude-fable-5-1,Claude Fable 5.1,Claude Code,terminal-bench,Terminal-Bench 4.0,intrastat-meldung,intrastat-meldung,Complete a German month-end Intrastat filing across services,shortest,240,556.8,2.32,late,false,own,,false,false,false,not_applicable,0,0,false,original-stable,true,,,,,,,,,,,,,
2026-09-26-1311Z,tuhzn5o36b,claude-fable-5-1,Claude Fable 5.1,Claude Code,terminal-bench,Terminal-Bench 4.0,intrastat-meldung,intrastat-meldung,Complete a German month-end Intrastat filing across services,middle,900,687.2,0.7636,early,false,own,,false,false,false,not_applicable,0,0,false,original-stable,true,,,,,,,,,,,,,
2026-09-26-1311Z,vc74ud6e2z,claude-fable-5-1,Claude Fable 5.1,Claude Code,terminal-bench,Terminal-Bench 4.0,intrastat-meldung,intrastat-meldung,Complete a German month-end Intrastat filing across services,longest,3600,775.4,0.2154,early,false,own,,false,false,false,not_applicable,1,1,true,original-stable,true,,,,,,,,,,,,,
2026-09-26-1311Z,kt2xirhif5,claude-fable-5-1,Claude Fable 5.1,Claude Code,terminal-bench,Terminal-Bench 4.0,lake-temp-glm,lake-temp-glm,Train a lake-temperature profile model from sparse observations,shortest,1800,977.6,0.5431,early,false,own,,false,false,false,not_applicable,0,0,false,original-stable,true,,,,,,,,,,,,,
2026-09-26-1311Z,zeftqtx6os,claude-fable-5-1,Claude Fable 5.1,Claude Code,terminal-bench,Terminal-Bench 4.0,lake-temp-glm,lake-temp-glm,Train a lake-temperature profile model from sparse observations,middle,7500,4884.6,0.6513,early,false,own,,false,false,false,not_applicable,1,1,true,original-stable,true,,,,,,,,,,,,,
2026-09-26-1311Z,wrrgmsnbeo,claude-fable-5-1,Claude Fable 5.1,Claude Code,terminal-bench,Terminal-Bench 4.0,lake-temp-glm,lake-temp-glm,Train a lake-temperature profile model from sparse observations,longest,30000,14623.8,0.4875,early,false,unlabelled,,false,false,false,not_applicable,0,0,false,original-stable,true,,,,,,,,,,,,,
2026-09-26-1311Z,orssuewaqq,claude-fable-5-1,Claude Fable 5.1,Claude Code,terminal-bench,Terminal-Bench 4.0,nextjs-performance,nextjs-performance,Remove latency across a multi-route Next.js warehouse app,shortest,480,856.9,1.7852,late,false,own,,false,false,false,not_applicable,1,1,true,original-stable,true,,,,,,,,,,,,,
2026-09-26-1311Z,ptjumwg2pf,claude-fable-5-1,Claude Fable 5.1,Claude Code,terminal-bench,Terminal-Bench 4.0,nextjs-performance,nextjs-performance,Remove latency across a multi-route Next.js warehouse app,middle,1800,814.8,0.4527,early,false,unlabelled,,false,false,false,not_applicable,1,1,true,original-stable,true,,,,,,,,,,,,,
2026-09-26-1311Z,pdgq3lufw4,claude-fable-5-1,Claude Fable 5.1,Claude Code,terminal-bench,Terminal-Bench 4.0,nextjs-performance,nextjs-performance,Remove latency across a multi-route Next.js warehouse app,longest,7500,2645.1,0.3527,early,false,own,,false,false,false,not_applicable,1,1,true,original-stable,true,,,,,,,,,,,,,
2026-09-26-1311Z,ulotnd6f5w,claude-fable-5-1,Claude Fable 5.1,Claude Code,terminal-bench,Terminal-Bench 4.0,payments-pipeline-fix,payments-pipeline-fix,Make a Kafka payments worker recover quickly without losing notifications,shortest,1200,36000,30,late,false,harness,safety_cutoff,false,false,false,not_applicable,1,1,true,original-stable,true,,,,,,,,,,,,,
2026-09-26-1311Z,cnokcgxirw,claude-fable-5-1,Claude Fable 5.1,Claude Code,terminal-bench,Terminal-Bench 4.0,payments-pipeline-fix,payments-pipeline-fix,Make a Kafka payments worker recover quickly without losing notifications,middle,4800,1547.7,0.3224,early,false,own,,false,false,false,not_applicable,1,1,true,original-stable,true,,,,,,,,,,,,,
2026-09-26-1311Z,xbymicropo,claude-fable-5-1,Claude Fable 5.1,Claude Code,terminal-bench,Terminal-Bench 4.0,payments-pipeline-fix,payments-pipeline-fix,Make a Kafka payments worker recover quickly without losing notifications,longest,18000,3938.9,0.2188,early,false,own,,false,false,false,not_applicable,1,1,true,original-stable,true,,,,,,,,,,,,,
2026-09-26-1311Z,vbp6hitrco,claude-fable-5-1,Claude Fable 5.1,Claude Code,terminal-bench,Terminal-Bench 4.0,pretrain-shard-corruption,pretrain-shard-corruption,Repair corrupted pretraining shards and reproduce the intended checkpoint,shortest,1200,2026.4,1.6887,late,false,own,,false,false,false,not_applicable,1,1,true,original-stable,true,,,,,,,,,,,,,
2026-09-26-1311Z,fa4qewvebw,claude-fable-5-1,Claude Fable 5.1,Claude Code,terminal-bench,Terminal-Bench 4.0,pretrain-shard-corruption,pretrain-shard-corruption,Repair corrupted pretraining shards and reproduce the intended checkpoint,middle,4800,2879.1,0.5998,early,false,own,,false,false,false,not_applicable,1,1,true,original-stable,true,,,,,,,,,,,,,
2026-09-26-1311Z,cyqe3dz3ry,claude-fable-5-1,Claude Fable 5.1,Claude Code,terminal-bench,Terminal-Bench 4.0,pretrain-shard-corruption,pretrain-shard-corruption,Repair corrupted pretraining shards and reproduce the intended checkpoint,longest,18000,4292.3,0.2385,early,false,own,,false,false,false,not_applicable,1,1,true,original-stable,true,,,,,,,,,,,,,
2026-09-26-1311Z,ty7gjb46b7,claude-fable-5-1,Claude Fable 5.1,Claude Code,terminal-bench,Terminal-Bench 4.0,production-planning,production-planning,Build and apply a five-day ERP/MES/WMS production plan,shortest,300,1570.1,5.2337,late,false,own,,false,false,false,not_applicable,0,0,false,original-stable,true,,,,,,,,,,,,,
2026-09-26-1311Z,l3fkccqwvg,claude-fable-5-1,Claude Fable 5.1,Claude Code,terminal-bench,Terminal-Bench 4.0,production-planning,production-planning,Build and apply a five-day ERP/MES/WMS production plan,middle,1200,2288.9,1.9074,late,false,own,,false,false,false,not_applicable,1,1,true,original-stable,true,,,,,,,,,,,,,
2026-09-26-1311Z,6czze7amwy,claude-fable-5-1,Claude Fable 5.1,Claude Code,terminal-bench,Terminal-Bench 4.0,production-planning,production-planning,Build and apply a five-day ERP/MES/WMS production plan,longest,4800,1938.9,0.4039,early,false,own,,false,false,false,not_applicable,0,0,false,original-stable,true,,,,,,,,,,,,,
2026-09-26-1311Z,5ndo5k74am,claude-fable-5-1,Claude Fable 5.1,Claude Code,terminal-bench,Terminal-Bench 4.0,react-lead-form,react-lead-form,Repair a React lead form and its auditable CRM submission pipeline,shortest,360,1042.4,2.8956,late,false,unlabelled,,false,false,false,not_applicable,1,1,true,original-stable,true,,,,,,,,,,,,,
2026-09-26-1311Z,2cfqe7avc5,claude-fable-5-1,Claude Fable 5.1,Claude Code,terminal-bench,Terminal-Bench 4.0,react-lead-form,react-lead-form,Repair a React lead form and its auditable CRM submission pipeline,middle,1500,1294.7,0.8631,on_time,false,own,,false,false,false,not_applicable,1,1,true,original-stable,true,,,,,,,,,,,,,
2026-09-26-1311Z,rghqqgsygh,claude-fable-5-1,Claude Fable 5.1,Claude Code,terminal-bench,Terminal-Bench 4.0,react-lead-form,react-lead-form,Repair a React lead form and its auditable CRM submission pipeline,longest,6000,1729.8,0.2883,early,false,own,,false,false,false,not_applicable,1,1,true,original-stable,true,,,,,,,,,,,,,
2026-09-26-1311Z,5p2hxbcx5u,claude-fable-5-1,Claude Fable 5.1,Claude Code,terminal-bench,Terminal-Bench 4.0,retro-console-soc,retro-console-soc,Implement a synthesizable 8-bit retro console system-on-chip,shortest,900,956.9,1.0632,on_time,false,own,,false,false,false,not_applicable,0,0,false,original-stable,true,,,,,,,,,,,,,
2026-09-26-1311Z,j7tf7vphun,claude-fable-5-1,Claude Fable 5.1,Claude Code,terminal-bench,Terminal-Bench 4.0,retro-console-soc,retro-console-soc,Implement a synthesizable 8-bit retro console system-on-chip,middle,3600,1250.7,0.3474,early,false,harness,error,false,false,false,not_applicable,1,1,true,original-stable,true,,,,,,,,,,,,,
2026-09-26-1311Z,6sujjzv5r7,claude-fable-5-1,Claude Fable 5.1,Claude Code,terminal-bench,Terminal-Bench 4.0,retro-console-soc,retro-console-soc,Implement a synthesizable 8-bit retro console system-on-chip,longest,15000,3581.4,0.2388,early,false,own,,false,false,false,not_applicable,1,1,true,original-stable,true,,,,,,,,,,,,,
2026-09-26-1311Z,2p5sbat7e7,claude-fable-5-1,Claude Fable 5.1,Claude Code,terminal-bench,Terminal-Bench 4.0,risk-scorer-replay,risk-scorer-replay,Rebuild a retired production risk scorer from black-box behavior,shortest,360,1183.7,3.2881,late,false,unlabelled,,false,false,false,not_applicable,0,0,false,original-stable,true,,,,,,,,,,,,,
2026-09-26-1311Z,pmhy2b3hif,claude-fable-5-1,Claude Fable 5.1,Claude Code,terminal-bench,Terminal-Bench 4.0,risk-scorer-replay,risk-scorer-replay,Rebuild a retired production risk scorer from black-box behavior,middle,1500,1621.6,1.0811,on_time,false,own,,false,false,false,not_applicable,0,0,false,original-stable,true,,,,,,,,,,,,,
2026-09-26-1311Z,xvw7onapvj,claude-fable-5-1,Claude Fable 5.1,Claude Code,terminal-bench,Terminal-Bench 4.0,risk-scorer-replay,risk-scorer-replay,Rebuild a retired production risk scorer from black-box behavior,longest,6000,1366.4,0.2277,early,false,own,,false,false,false,not_applicable,0,0,false,original-stable,true,,,,,,,,,,,,,
2026-09-26-1311Z,sstcbxncgz,claude-fable-5-1,Claude Fable 5.1,Claude Code,terminal-bench,Terminal-Bench 4.0,sound-change-cascade,sound-change-cascade,Recover an ordered cascade of historical sound changes,shortest,480,2134.9,4.4477,late,false,own,,false,false,false,not_applicable,1,1,true,original-stable,true,,,,,,,,,,,,,
2026-09-26-1311Z,3uwxei2fxz,claude-fable-5-1,Claude Fable 5.1,Claude Code,terminal-bench,Terminal-Bench 4.0,sound-change-cascade,sound-change-cascade,Recover an ordered cascade of historical sound changes,middle,1800,1628.4,0.9047,on_time,false,own,,false,false,false,not_applicable,1,1,true,original-stable,true,,,,,,,,,,,,,
2026-09-26-1311Z,fh6cwy34lp,claude-fable-5-1,Claude Fable 5.1,Claude Code,terminal-bench,Terminal-Bench 4.0,sound-change-cascade,sound-change-cascade,Recover an ordered cascade of historical sound changes,longest,7500,2404.9,0.3207,early,false,own,,false,false,false,not_applicable,1,1,true,original-stable,true,,,,,,,,,,,,,
2026-09-26-1311Z,baa42i5pgn,claude-fable-5-1,Claude Fable 5.1,Claude Code,terminal-bench,Terminal-Bench 4.0,vba-userform-port,vba-userform-port,"Port an Excel/VBA service-desk app to React, FastAPI, and SQLite",shortest,600,1680.4,2.8007,late,false,unlabelled,,false,false,false,not_applicable,0,0,false,original-stable,true,,,,,,,,,,,,,
2026-09-26-1311Z,d7pnvpe6w2,claude-fable-5-1,Claude Fable 5.1,Claude Code,terminal-bench,Terminal-Bench 4.0,vba-userform-port,vba-userform-port,"Port an Excel/VBA service-desk app to React, FastAPI, and SQLite",middle,2400,1658.8,0.6912,early,false,own,,false,false,false,not_applicable,0,0,false,original-stable,true,,,,,,,,,,,,,
2026-09-26-1311Z,kvxsw43xg7,claude-fable-5-1,Claude Fable 5.1,Claude Code,terminal-bench,Terminal-Bench 4.0,vba-userform-port,vba-userform-port,"Port an Excel/VBA service-desk app to React, FastAPI, and SQLite",longest,9000,2433.3,0.2704,early,false,own,,false,false,false,not_applicable,0,0,false,original-stable,true,,,,,,,,,,,,,
2026-09-26-1311Z,vdzkevlygf,claude-fable-5-1,Claude Fable 5.1,Claude Code,posttrainbench,PostTrainBench v1.1,qwen3-1-7b-base-humaneval,qwen3-1.7b-base__humaneval,Post-train Qwen3-1.7B-Base for HumanEval,shortest,7200,303.6,0.0422,early,false,harness,provider_limit,false,false,false,not_applicable,0,0,,original-stable,true,,,,,,,,,,,,,
2026-09-26-1311Z,gsfzy3ure2,claude-fable-5-1,Claude Fable 5.1,Claude Code,posttrainbench,PostTrainBench v1.1,qwen3-1-7b-base-humaneval,qwen3-1.7b-base__humaneval,Post-train Qwen3-1.7B-Base for HumanEval,middle,28800,23723.7,0.8237,on_time,false,own,,false,false,false,not_applicable,Not graded,,,original-stable,true,,,,,,,,,,,,,
2026-09-26-1311Z,bvcu44rel6,claude-fable-5-1,Claude Fable 5.1,Claude Code,posttrainbench,PostTrainBench v1.1,qwen3-1-7b-base-gsm8k,qwen3-1.7b-base__gsm8k,Post-train Qwen3-1.7B-Base for GSM8K,shortest,7200,822.7,0.1143,early,false,own,,false,false,false,not_applicable,0,0,,original-stable,true,,,,,,,,,,,,,
2026-09-26-1311Z,ayra7ov5zc,claude-fable-5-1,Claude Fable 5.1,Claude Code,posttrainbench,PostTrainBench v1.1,qwen3-1-7b-base-gsm8k,qwen3-1.7b-base__gsm8k,Post-train Qwen3-1.7B-Base for GSM8K,middle,28800,3287.7,0.1142,early,false,harness,provider_limit,false,false,false,not_applicable,0,0,,original-stable,true,,,,,,,,,,,,,
2026-09-26-1311Z,72hytp57vd,claude-fable-5-1,Claude Fable 5.1,Claude Code,posttrainbench,PostTrainBench v1.1,qwen3-1-7b-base-gsm8k,qwen3-1.7b-base__gsm8k,Post-train Qwen3-1.7B-Base for GSM8K,longest,108000,77981.8,0.7221,early,false,unlabelled,,false,false,false,not_applicable,Not graded,,,original-stable,true,,,,,,,,,,,,,
2026-09-26-1311Z,yiuz76vkgn,claude-fable-5-1,Claude Fable 5.1,Claude Code,metr-public-tasks,METR public tasks,cowthello-main,cowthello/main,Build an efficient AI for the novel Cowthello board game,shortest,7200,2247.6,0.3122,early,false,own,,false,false,false,not_applicable,1,1,,original-stable,true,,,,,,,,,,,,,
2026-09-26-1311Z,mswuqwlzlw,claude-fable-5-1,Claude Fable 5.1,Claude Code,metr-public-tasks,METR public tasks,cowthello-main,cowthello/main,Build an efficient AI for the novel Cowthello board game,middle,28800,12061.4,0.4188,early,false,own,,false,false,false,not_applicable,1,1,,original-stable,true,,,,,,,,,,,,,
2026-09-26-1311Z,immdbkvypt,claude-fable-5-1,Claude Fable 5.1,Claude Code,metr-public-tasks,METR public tasks,cowthello-main,cowthello/main,Build an efficient AI for the novel Cowthello board game,longest,108000,30371.7,0.2812,early,false,own,,false,false,false,not_applicable,1,1,,original-stable,true,,,,,,,,,,,,,
2026-09-26-1311Z,ew4omhhowl,claude-fable-5-1,Claude Fable 5.1,Claude Code,metr-public-tasks,METR public tasks,complex-payments-payment-logic-only,complex_payments/payment_logic_only,Implement duplicate-payment detection across currencies and time zones,shortest,14400,4834,0.3357,early,false,own,,false,false,false,not_applicable,0.75,0.75,,original-stable,true,,,,,,,,,,,,,
2026-09-26-1311Z,m7drdokuvd,claude-fable-5-1,Claude Fable 5.1,Claude Code,metr-public-tasks,METR public tasks,complex-payments-payment-logic-only,complex_payments/payment_logic_only,Implement duplicate-payment detection across currencies and time zones,middle,54000,17232.4,0.3191,early,false,own,,false,false,false,not_applicable,0,0,,original-stable,true,,,,,,,,,,,,,
2026-09-26-1311Z,5wyvew23do,claude-fable-5-1,Claude Fable 5.1,Claude Code,metr-public-tasks,METR public tasks,complex-payments-payment-logic-only,complex_payments/payment_logic_only,Implement duplicate-payment detection across currencies and time zones,longest,216000,11375.5,0.0527,early,false,own,,false,false,false,not_applicable,0,0,,original-stable,true,,,,,,,,,,,,,
2026-09-26-1311Z,knysyortkc,claude-fable-5-1,Claude Fable 5.1,Claude Code,yc-bench,YC-Bench,yc-bench-default-seed1,yc-bench.default.seed1,"Run the current one-year startup simulation, official seed 1",shortest,480,1737.5,3.6198,late,false,unlabelled,,false,false,false,not_applicable,606142.4,606142.4,,original-stable,true,,,,,,,,,,,,,
2026-09-26-1311Z,yw7xj2gl2a,claude-fable-5-1,Claude Fable 5.1,Claude Code,yc-bench,YC-Bench,yc-bench-default-seed1,yc-bench.default.seed1,"Run the current one-year startup simulation, official seed 1",middle,1800,1699.7,0.9443,on_time,false,own,,false,false,false,not_applicable,739870.8,739870.8,,original-stable,true,,,,,,,,,,,,,
2026-09-26-1311Z,bfk2vyubre,claude-fable-5-1,Claude Fable 5.1,Claude Code,yc-bench,YC-Bench,yc-bench-default-seed1,yc-bench.default.seed1,"Run the current one-year startup simulation, official seed 1",longest,7500,2061.7,0.2749,early,false,own,,false,false,false,not_applicable,540800.54,540800.54,,original-stable,true,,,,,,,,,,,,,
2026-09-26-1311Z,dvmrowwjmb,claude-fable-5-1,Claude Fable 5.1,Claude Code,yc-bench,YC-Bench,yc-bench-default-seed2,yc-bench.default.seed2,"Run the current one-year startup simulation, official seed 2",shortest,480,4056.7,8.4515,late,false,unlabelled,,false,false,false,not_applicable,1811766.52,1811766.52,,original-stable,true,,,,,,,,,,,,,
2026-09-26-1311Z,baolrfj4wf,claude-fable-5-1,Claude Fable 5.1,Claude Code,yc-bench,YC-Bench,yc-bench-default-seed2,yc-bench.default.seed2,"Run the current one-year startup simulation, official seed 2",middle,1800,1360.6,0.7559,early,false,own,,false,false,false,not_applicable,362997.16,362997.16,,original-stable,true,,,,,,,,,,,,,
2026-09-26-1311Z,zbrcnfpwpc,claude-fable-5-1,Claude Fable 5.1,Claude Code,yc-bench,YC-Bench,yc-bench-default-seed2,yc-bench.default.seed2,"Run the current one-year startup simulation, official seed 2",longest,7500,5623.1,0.7497,early,false,own,,false,false,false,not_applicable,2509548.79,2509548.79,,original-stable,true,,,,,,,,,,,,,
2026-09-26-1311Z,gofk222u7t,claude-fable-5-1,Claude Fable 5.1,Claude Code,yc-bench,YC-Bench,yc-bench-default-seed3,yc-bench.default.seed3,"Run the current one-year startup simulation, official seed 3",shortest,480,2655.5,5.5323,late,false,unlabelled,,false,false,false,not_applicable,1230302.02,1230302.02,,original-stable,true,,,,,,,,,,,,,
2026-09-26-1311Z,4xqwfnv7iu,claude-fable-5-1,Claude Fable 5.1,Claude Code,yc-bench,YC-Bench,yc-bench-default-seed3,yc-bench.default.seed3,"Run the current one-year startup simulation, official seed 3",middle,1800,2350,1.3056,late,false,unlabelled,,false,false,false,not_applicable,1164786.89,1164786.89,,original-stable,true,,,,,,,,,,,,,
2026-09-26-1311Z,ux3rphausv,claude-fable-5-1,Claude Fable 5.1,Claude Code,yc-bench,YC-Bench,yc-bench-default-seed3,yc-bench.default.seed3,"Run the current one-year startup simulation, official seed 3",longest,7500,3776.8,0.5036,early,false,own,,false,false,false,not_applicable,1006889.97,1006889.97,,original-stable,true,,,,,,,,,,,,,
2026-09-26-1311Z,pzds34xu46,muse-spark-1-3,Muse Spark 1.3,Muse Code,gpqa-diamond,GPQA Diamond,question-1,recuyeuT5rQ6qDt8F,GPQA Diamond closed-book question 1 (Chemistry),shortest,75,215.3,2.8707,late,false,own,,false,false,false,provided,1,1,true,original-stable,true,,,,,,,,,,,,,
2026-09-26-1311Z,pmnd3yg5lk,muse-spark-1-3,Muse Spark 1.3,Muse Code,gpqa-diamond,GPQA Diamond,question-1,recuyeuT5rQ6qDt8F,GPQA Diamond closed-book question 1 (Chemistry),middle,300,124,0.4133,early,false,own,,false,false,false,provided,1,1,true,original-stable,true,,,,,,,,,,,,,
2026-09-26-1311Z,5buyrw4lgm,muse-spark-1-3,Muse Spark 1.3,Muse Code,gpqa-diamond,GPQA Diamond,question-1,recuyeuT5rQ6qDt8F,GPQA Diamond closed-book question 1 (Chemistry),longest,1200,144.5,0.1204,early,false,own,,false,false,false,provided,1,1,true,original-stable,true,,,,,,,,,,,,,
2026-09-26-1311Z,agzhhyypqy,muse-spark-1-3,Muse Spark 1.3,Muse Code,gpqa-diamond,GPQA Diamond,question-2,rec7C06XOB2h298ue,GPQA Diamond closed-book question 2 (Chemistry),shortest,75,114.7,1.5293,late,false,own,,false,false,false,provided,1,1,true,original-stable,true,,,,,,,,,,,,,
2026-09-26-1311Z,rphott7keq,muse-spark-1-3,Muse Spark 1.3,Muse Code,gpqa-diamond,GPQA Diamond,question-2,rec7C06XOB2h298ue,GPQA Diamond closed-book question 2 (Chemistry),middle,300,338.2,1.1273,on_time,false,own,,false,false,false,provided,1,1,true,original-stable,true,,,,,,,,,,,,,
2026-09-26-1311Z,tuforuujfz,muse-spark-1-3,Muse Spark 1.3,Muse Code,gpqa-diamond,GPQA Diamond,question-2,rec7C06XOB2h298ue,GPQA Diamond closed-book question 2 (Chemistry),longest,1200,19.8,0.0165,early,false,own,,false,false,false,provided,1,1,true,original-stable,true,,,,,,,,,,,,,
2026-09-26-1311Z,bv4uad2w2p,muse-spark-1-3,Muse Spark 1.3,Muse Code,gpqa-diamond,GPQA Diamond,question-3,recOkA2zsy4GSMD9R,GPQA Diamond closed-book question 3 (Chemistry),shortest,75,102.6,1.368,late,false,own,,false,false,false,provided,1,1,true,original-stable,true,,,,,,,,,,,,,
2026-09-26-1311Z,w2bajtu4gc,muse-spark-1-3,Muse Spark 1.3,Muse Code,gpqa-diamond,GPQA Diamond,question-3,recOkA2zsy4GSMD9R,GPQA Diamond closed-book question 3 (Chemistry),middle,300,42.7,0.1423,early,false,own,,false,false,false,provided,1,1,true,original-stable,true,,,,,,,,,,,,,
2026-09-26-1311Z,4lkhhdfctc,muse-spark-1-3,Muse Spark 1.3,Muse Code,gpqa-diamond,GPQA Diamond,question-3,recOkA2zsy4GSMD9R,GPQA Diamond closed-book question 3 (Chemistry),longest,1200,40.2,0.0335,early,false,own,,false,false,false,provided,1,1,true,original-stable,true,,,,,,,,,,,,,
2026-09-26-1311Z,kpgzomwnx3,muse-spark-1-3,Muse Spark 1.3,Muse Code,gpqa-diamond,GPQA Diamond,question-4,recZ13cwgDQf9jRd9,GPQA Diamond closed-book question 4 (Chemistry),shortest,75,134.3,1.7907,late,false,own,,false,false,false,provided,1,1,true,original-stable,true,,,,,,,,,,,,,
2026-09-26-1311Z,keszz7hk6n,muse-spark-1-3,Muse Spark 1.3,Muse Code,gpqa-diamond,GPQA Diamond,question-4,recZ13cwgDQf9jRd9,GPQA Diamond closed-book question 4 (Chemistry),middle,300,441.4,1.4713,late,false,own,,false,false,false,provided,1,1,true,original-stable,true,,,,,,,,,,,,,
2026-09-26-1311Z,gxrfzyxa2u,muse-spark-1-3,Muse Spark 1.3,Muse Code,gpqa-diamond,GPQA Diamond,question-4,recZ13cwgDQf9jRd9,GPQA Diamond closed-book question 4 (Chemistry),longest,1200,201.1,0.1676,early,false,own,,false,false,false,provided,1,1,true,original-stable,true,,,,,,,,,,,,,
2026-09-26-1311Z,nk26ijvn6f,muse-spark-1-3,Muse Spark 1.3,Muse Code,gpqa-diamond,GPQA Diamond,question-5,recJJcOHhFeSaRpl4,GPQA Diamond closed-book question 5 (Chemistry),shortest,75,104,1.3867,late,false,own,,false,false,false,provided,1,1,true,original-stable,true,,,,,,,,,,,,,
2026-09-26-1311Z,skmtxyjhyu,muse-spark-1-3,Muse Spark 1.3,Muse Code,gpqa-diamond,GPQA Diamond,question-5,recJJcOHhFeSaRpl4,GPQA Diamond closed-book question 5 (Chemistry),middle,300,37.8,0.126,early,false,unlabelled,,true,false,false,not_recorded,Not graded,,,original-stable,true,,,,,,,,,,,,,
2026-09-26-1311Z,qs7gqpi4fj,muse-spark-1-3,Muse Spark 1.3,Muse Code,gpqa-diamond,GPQA Diamond,question-5,recJJcOHhFeSaRpl4,GPQA Diamond closed-book question 5 (Chemistry),longest,1200,34.6,0.0288,early,false,own,,false,false,false,provided,1,1,true,original-stable,true,,,,,,,,,,,,,
2026-09-26-1311Z,oygzetxtok,muse-spark-1-3,Muse Spark 1.3,Muse Code,gpqa-diamond,GPQA Diamond,question-6,rec5rjeLsEq5Fg7Oj,GPQA Diamond closed-book question 6 (Chemistry),shortest,75,150.5,2.0067,late,false,own,,false,false,false,provided,1,1,true,original-stable,true,,,,,,,,,,,,,
2026-09-26-1311Z,q5uew3x7ex,muse-spark-1-3,Muse Spark 1.3,Muse Code,gpqa-diamond,GPQA Diamond,question-6,rec5rjeLsEq5Fg7Oj,GPQA Diamond closed-book question 6 (Chemistry),middle,300,486.2,1.6207,late,false,own,,false,false,false,provided,1,1,true,original-stable,true,,,,,,,,,,,,,
2026-09-26-1311Z,p42wheg3xw,muse-spark-1-3,Muse Spark 1.3,Muse Code,gpqa-diamond,GPQA Diamond,question-6,rec5rjeLsEq5Fg7Oj,GPQA Diamond closed-book question 6 (Chemistry),longest,1200,212.3,0.1769,early,false,unlabelled,,true,false,false,not_recorded,Not graded,,,original-stable,true,,,,,,,,,,,,,
2026-09-26-1311Z,lzuzcfijui,muse-spark-1-3,Muse Spark 1.3,Muse Code,gpqa-diamond,GPQA Diamond,question-7,recFaL6j8UMhutXrc,GPQA Diamond closed-book question 7 (Chemistry),shortest,75,125.7,1.676,late,false,own,,false,false,false,provided,1,1,true,original-stable,true,,,,,,,,,,,,,
2026-09-26-1311Z,3wfrxproth,muse-spark-1-3,Muse Spark 1.3,Muse Code,gpqa-diamond,GPQA Diamond,question-7,recFaL6j8UMhutXrc,GPQA Diamond closed-book question 7 (Chemistry),middle,300,36,0.12,early,false,own,,false,false,false,provided,1,1,true,original-stable,true,,,,,,,,,,,,,
2026-09-26-1311Z,la6vyodnej,muse-spark-1-3,Muse Spark 1.3,Muse Code,gpqa-diamond,GPQA Diamond,question-7,recFaL6j8UMhutXrc,GPQA Diamond closed-book question 7 (Chemistry),longest,1200,72.6,0.0605,early,false,own,,false,false,false,provided,1,1,true,original-stable,true,,,,,,,,,,,,,
2026-09-26-1311Z,jfi2wtdmkd,muse-spark-1-3,Muse Spark 1.3,Muse Code,gpqa-diamond,GPQA Diamond,question-8,reca44yABeO2fx7UB,GPQA Diamond closed-book question 8 (Chemistry),shortest,75,130.5,1.74,late,false,own,,false,false,false,provided,1,1,true,original-stable,true,,,,,,,,,,,,,
2026-09-26-1311Z,p2u24x5teh,muse-spark-1-3,Muse Spark 1.3,Muse Code,gpqa-diamond,GPQA Diamond,question-8,reca44yABeO2fx7UB,GPQA Diamond closed-book question 8 (Chemistry),middle,300,122,0.4067,early,false,own,,false,false,false,provided,1,1,true,original-stable,true,,,,,,,,,,,,,
2026-09-26-1311Z,gf7llzz3k6,muse-spark-1-3,Muse Spark 1.3,Muse Code,gpqa-diamond,GPQA Diamond,question-8,reca44yABeO2fx7UB,GPQA Diamond closed-book question 8 (Chemistry),longest,1200,154.9,0.1291,early,false,unlabelled,,true,false,false,not_recorded,Not graded,,,original-stable,true,,,,,,,,,,,,,
2026-09-26-1311Z,65kd2z6t3x,muse-spark-1-3,Muse Spark 1.3,Muse Code,gpqa-diamond,GPQA Diamond,question-9,rec2fsnzUuvNtUYK8,GPQA Diamond closed-book question 9 (Chemistry),shortest,75,114.4,1.5253,late,false,own,,false,false,false,provided,0,0,false,original-stable,true,,,,,,,,,,,,,
2026-09-26-1311Z,3fdkeeqxiv,muse-spark-1-3,Muse Spark 1.3,Muse Code,gpqa-diamond,GPQA Diamond,question-9,rec2fsnzUuvNtUYK8,GPQA Diamond closed-book question 9 (Chemistry),middle,300,365.8,1.2193,on_time,false,own,,false,false,false,provided,0,0,false,original-stable,true,,,,,,,,,,,,,
2026-09-26-1311Z,7wxz2ta35o,muse-spark-1-3,Muse Spark 1.3,Muse Code,gpqa-diamond,GPQA Diamond,question-9,rec2fsnzUuvNtUYK8,GPQA Diamond closed-book question 9 (Chemistry),longest,1200,436.1,0.3634,early,false,unlabelled,,true,false,false,not_recorded,Not graded,,,original-stable,true,,,,,,,,,,,,,
2026-09-26-1311Z,vc3hlbco35,muse-spark-1-3,Muse Spark 1.3,Muse Code,gpqa-diamond,GPQA Diamond,question-10,receo3UUzRvWCqyfA,GPQA Diamond closed-book question 10 (Chemistry),shortest,75,21.1,0.2813,early,false,own,,false,false,false,provided,1,1,true,original-stable,true,,,,,,,,,,,,,
2026-09-26-1311Z,6zrocewhtt,muse-spark-1-3,Muse Spark 1.3,Muse Code,gpqa-diamond,GPQA Diamond,question-10,receo3UUzRvWCqyfA,GPQA Diamond closed-book question 10 (Chemistry),middle,300,20.1,0.067,early,false,own,,false,false,false,provided,1,1,true,original-stable,true,,,,,,,,,,,,,
2026-09-26-1311Z,lrnjkxvl62,muse-spark-1-3,Muse Spark 1.3,Muse Code,gpqa-diamond,GPQA Diamond,question-10,receo3UUzRvWCqyfA,GPQA Diamond closed-book question 10 (Chemistry),longest,1200,26.7,0.0223,early,false,own,,false,false,false,provided,1,1,true,original-stable,true,,,,,,,,,,,,,
2026-09-26-1311Z,xa72gstdxp,muse-spark-1-3,Muse Spark 1.3,Muse Code,gpqa-diamond,GPQA Diamond,question-11,rec8nshandHARTkrg,GPQA Diamond closed-book question 11 (Chemistry),shortest,75,117.2,1.5627,late,false,own,,false,false,false,provided,1,1,true,original-stable,true,,,,,,,,,,,,,
2026-09-26-1311Z,gwnoyrvwp7,muse-spark-1-3,Muse Spark 1.3,Muse Code,gpqa-diamond,GPQA Diamond,question-11,rec8nshandHARTkrg,GPQA Diamond closed-book question 11 (Chemistry),middle,300,29.3,0.0977,early,false,own,,false,false,false,provided,1,1,true,original-stable,true,,,,,,,,,,,,,
2026-09-26-1311Z,jkccbc424o,muse-spark-1-3,Muse Spark 1.3,Muse Code,gpqa-diamond,GPQA Diamond,question-11,rec8nshandHARTkrg,GPQA Diamond closed-book question 11 (Chemistry),longest,1200,62.4,0.052,early,false,own,,false,false,false,provided,1,1,true,original-stable,true,,,,,,,,,,,,,
2026-09-26-1311Z,i52l7zn5q3,muse-spark-1-3,Muse Spark 1.3,Muse Code,gpqa-diamond,GPQA Diamond,question-12,recVEXvhYxAhELVqB,GPQA Diamond closed-book question 12 (Chemistry),shortest,75,129.3,1.724,late,false,own,,false,false,false,provided,1,1,true,original-stable,true,,,,,,,,,,,,,
2026-09-26-1311Z,ohvm6zosxy,muse-spark-1-3,Muse Spark 1.3,Muse Code,gpqa-diamond,GPQA Diamond,question-12,recVEXvhYxAhELVqB,GPQA Diamond closed-book question 12 (Chemistry),middle,300,82.2,0.274,early,false,own,,false,false,false,provided,1,1,true,original-stable,true,,,,,,,,,,,,,
2026-09-26-1311Z,ok5uybpzrt,muse-spark-1-3,Muse Spark 1.3,Muse Code,gpqa-diamond,GPQA Diamond,question-12,recVEXvhYxAhELVqB,GPQA Diamond closed-book question 12 (Chemistry),longest,1200,116.6,0.0972,early,false,own,,false,false,false,provided,1,1,true,original-stable,true,,,,,,,,,,,,,
2026-09-26-1311Z,tfze5zhenk,muse-spark-1-3,Muse Spark 1.3,Muse Code,gpqa-diamond,GPQA Diamond,question-13,recK9F5aqdaybl8bb,GPQA Diamond closed-book question 13 (Chemistry),shortest,75,147.5,1.9667,late,false,own,,false,false,false,provided,1,1,true,original-stable,true,,,,,,,,,,,,,
2026-09-26-1311Z,t57mgvhld5,muse-spark-1-3,Muse Spark 1.3,Muse Code,gpqa-diamond,GPQA Diamond,question-13,recK9F5aqdaybl8bb,GPQA Diamond closed-book question 13 (Chemistry),middle,300,197.5,0.6583,early,false,own,,false,false,false,provided,1,1,true,original-stable,true,,,,,,,,,,,,,
2026-09-26-1311Z,yfqaintpqz,muse-spark-1-3,Muse Spark 1.3,Muse Code,gpqa-diamond,GPQA Diamond,question-13,recK9F5aqdaybl8bb,GPQA Diamond closed-book question 13 (Chemistry),longest,1200,170.3,0.1419,early,false,own,,false,false,false,provided,1,1,true,original-stable,true,,,,,,,,,,,,,
2026-09-26-1311Z,s556ef7isw,muse-spark-1-3,Muse Spark 1.3,Muse Code,gpqa-diamond,GPQA Diamond,question-14,recAAJoHMW45Lv5je,GPQA Diamond closed-book question 14 (Chemistry),shortest,75,57.1,0.7613,early,false,own,,false,false,false,provided,1,1,true,original-stable,true,,,,,,,,,,,,,
2026-09-26-1311Z,5s4ojit52s,muse-spark-1-3,Muse Spark 1.3,Muse Code,gpqa-diamond,GPQA Diamond,question-14,recAAJoHMW45Lv5je,GPQA Diamond closed-book question 14 (Chemistry),middle,300,51.1,0.1703,early,false,own,,false,false,false,provided,1,1,true,original-stable,true,,,,,,,,,,,,,
2026-09-26-1311Z,yvit2uhjy7,muse-spark-1-3,Muse Spark 1.3,Muse Code,gpqa-diamond,GPQA Diamond,question-14,recAAJoHMW45Lv5je,GPQA Diamond closed-book question 14 (Chemistry),longest,1200,60.3,0.0502,early,false,own,,false,false,false,provided,1,1,true,original-stable,true,,,,,,,,,,,,,
2026-09-26-1311Z,dm4f2woxnc,muse-spark-1-3,Muse Spark 1.3,Muse Code,gpqa-diamond,GPQA Diamond,question-15,recKv4hFyNpViUXnL,GPQA Diamond closed-book question 15 (Physics),shortest,75,67.5,0.9,on_time,false,own,,false,false,false,provided,1,1,true,original-stable,true,,,,,,,,,,,,,
2026-09-26-1311Z,pzrrximwo4,muse-spark-1-3,Muse Spark 1.3,Muse Code,gpqa-diamond,GPQA Diamond,question-15,recKv4hFyNpViUXnL,GPQA Diamond closed-book question 15 (Physics),middle,300,53.8,0.1793,early,false,unlabelled,,true,false,false,not_recorded,Not graded,,,original-stable,true,,,,,,,,,,,,,
2026-09-26-1311Z,uywk4rygnq,muse-spark-1-3,Muse Spark 1.3,Muse Code,gpqa-diamond,GPQA Diamond,question-15,recKv4hFyNpViUXnL,GPQA Diamond closed-book question 15 (Physics),longest,1200,22.9,0.0191,early,false,own,,false,false,false,provided,1,1,true,original-stable,true,,,,,,,,,,,,,
2026-09-26-1311Z,s6grp4fulw,muse-spark-1-3,Muse Spark 1.3,Muse Code,gpqa-diamond,GPQA Diamond,question-16,recGFKDUd8qgz81Zl,GPQA Diamond closed-book question 16 (Physics),shortest,75,95.5,1.2733,late,false,own,,false,false,false,provided,1,1,true,original-stable,true,,,,,,,,,,,,,
2026-09-26-1311Z,ns3gntjrgx,muse-spark-1-3,Muse Spark 1.3,Muse Code,gpqa-diamond,GPQA Diamond,question-16,recGFKDUd8qgz81Zl,GPQA Diamond closed-book question 16 (Physics),middle,300,54.8,0.1827,early,false,own,,false,false,false,provided,1,1,true,original-stable,true,,,,,,,,,,,,,
2026-09-26-1311Z,63canep22k,muse-spark-1-3,Muse Spark 1.3,Muse Code,gpqa-diamond,GPQA Diamond,question-16,recGFKDUd8qgz81Zl,GPQA Diamond closed-book question 16 (Physics),longest,1200,69.8,0.0582,early,false,own,,false,false,false,provided,1,1,true,original-stable,true,,,,,,,,,,,,,
2026-09-26-1311Z,wxiohl44wq,muse-spark-1-3,Muse Spark 1.3,Muse Code,gpqa-diamond,GPQA Diamond,question-17,rec0yTRmO1o1xCA6H,GPQA Diamond closed-book question 17 (Physics),shortest,75,30,0.4,early,false,own,,false,false,false,provided,1,1,true,original-stable,true,,,,,,,,,,,,,
2026-09-26-1311Z,zlu2gq5vrk,muse-spark-1-3,Muse Spark 1.3,Muse Code,gpqa-diamond,GPQA Diamond,question-17,rec0yTRmO1o1xCA6H,GPQA Diamond closed-book question 17 (Physics),middle,300,25.7,0.0857,early,false,own,,false,false,false,provided,1,1,true,original-stable,true,,,,,,,,,,,,,
2026-09-26-1311Z,rsjo3ivzit,muse-spark-1-3,Muse Spark 1.3,Muse Code,gpqa-diamond,GPQA Diamond,question-17,rec0yTRmO1o1xCA6H,GPQA Diamond closed-book question 17 (Physics),longest,1200,18.8,0.0157,early,false,own,,false,false,false,provided,1,1,true,original-stable,true,,,,,,,,,,,,,
2026-09-26-1311Z,pnh6jlyplt,muse-spark-1-3,Muse Spark 1.3,Muse Code,gpqa-diamond,GPQA Diamond,question-18,recV1nqYQvpII94oC,GPQA Diamond closed-book question 18 (Physics),shortest,75,23.5,0.3133,early,false,own,,false,false,false,provided,1,1,true,original-stable,true,,,,,,,,,,,,,
2026-09-26-1311Z,en3ghd7rki,muse-spark-1-3,Muse Spark 1.3,Muse Code,gpqa-diamond,GPQA Diamond,question-18,recV1nqYQvpII94oC,GPQA Diamond closed-book question 18 (Physics),middle,300,16.1,0.0537,early,false,own,,false,false,false,provided,1,1,true,original-stable,true,,,,,,,,,,,,,
2026-09-26-1311Z,vxxs6md2os,muse-spark-1-3,Muse Spark 1.3,Muse Code,gpqa-diamond,GPQA Diamond,question-18,recV1nqYQvpII94oC,GPQA Diamond closed-book question 18 (Physics),longest,1200,21.1,0.0176,early,false,own,,false,false,false,provided,1,1,true,original-stable,true,,,,,,,,,,,,,
2026-09-26-1311Z,kyv5uqnlci,muse-spark-1-3,Muse Spark 1.3,Muse Code,gpqa-diamond,GPQA Diamond,question-19,recPL4ZPpVYxgMu57,GPQA Diamond closed-book question 19 (Physics),shortest,75,109.5,1.46,late,false,own,,false,false,false,provided,1,1,true,original-stable,true,,,,,,,,,,,,,
2026-09-26-1311Z,t4x73jhknr,muse-spark-1-3,Muse Spark 1.3,Muse Code,gpqa-diamond,GPQA Diamond,question-19,recPL4ZPpVYxgMu57,GPQA Diamond closed-book question 19 (Physics),middle,300,39.7,0.1323,early,false,unlabelled,,true,false,false,not_recorded,Not graded,,,original-stable,true,,,,,,,,,,,,,
2026-09-26-1311Z,lugm43jbrm,muse-spark-1-3,Muse Spark 1.3,Muse Code,gpqa-diamond,GPQA Diamond,question-19,recPL4ZPpVYxgMu57,GPQA Diamond closed-book question 19 (Physics),longest,1200,380.7,0.3172,early,false,unlabelled,,true,false,false,not_recorded,Not graded,,,original-stable,true,,,,,,,,,,,,,
2026-09-26-1311Z,vtlhzxe4cl,muse-spark-1-3,Muse Spark 1.3,Muse Code,gpqa-diamond,GPQA Diamond,question-20,recpki12iG9RUGrz9,GPQA Diamond closed-book question 20 (Physics),shortest,75,99.7,1.3293,late,false,own,,false,false,false,provided,1,1,true,original-stable,true,,,,,,,,,,,,,
2026-09-26-1311Z,kvdftegf3j,muse-spark-1-3,Muse Spark 1.3,Muse Code,gpqa-diamond,GPQA Diamond,question-20,recpki12iG9RUGrz9,GPQA Diamond closed-book question 20 (Physics),middle,300,26.2,0.0873,early,false,own,,false,false,false,provided,1,1,true,original-stable,true,,,,,,,,,,,,,
2026-09-26-1311Z,txvkg3rwc2,muse-spark-1-3,Muse Spark 1.3,Muse Code,gpqa-diamond,GPQA Diamond,question-20,recpki12iG9RUGrz9,GPQA Diamond closed-book question 20 (Physics),longest,1200,21.4,0.0178,early,false,own,,false,false,false,provided,1,1,true,original-stable,true,,,,,,,,,,,,,
2026-09-26-1311Z,7rw6zb25xk,muse-spark-1-3,Muse Spark 1.3,Muse Code,gpqa-diamond,GPQA Diamond,question-21,reczjcMtrB1YGS2fO,GPQA Diamond closed-book question 21 (Physics),shortest,75,71.5,0.9533,on_time,true,own,,false,false,false,provided,1,1,true,original-stable,true,,,,,,,,,,,,,
2026-09-26-1311Z,ai2vo4iocg,muse-spark-1-3,Muse Spark 1.3,Muse Code,gpqa-diamond,GPQA Diamond,question-21,reczjcMtrB1YGS2fO,GPQA Diamond closed-book question 21 (Physics),middle,300,57.4,0.1913,early,false,own,,false,false,false,provided,1,1,true,original-stable,true,,,,,,,,,,,,,
2026-09-26-1311Z,ymxrcyvxez,muse-spark-1-3,Muse Spark 1.3,Muse Code,gpqa-diamond,GPQA Diamond,question-21,reczjcMtrB1YGS2fO,GPQA Diamond closed-book question 21 (Physics),longest,1200,852.8,0.7107,early,false,unlabelled,,true,false,false,not_recorded,Not graded,,,original-stable,true,,,,,,,,,,,,,
2026-09-26-1311Z,rf3hg4izhd,muse-spark-1-3,Muse Spark 1.3,Muse Code,gpqa-diamond,GPQA Diamond,question-22,recnjViFrqlZNL3fY,GPQA Diamond closed-book question 22 (Physics),shortest,75,118.6,1.5813,late,false,own,,false,false,false,provided,0,0,false,original-stable,true,,,,,,,,,,,,,
2026-09-26-1311Z,owmybo3q6u,muse-spark-1-3,Muse Spark 1.3,Muse Code,gpqa-diamond,GPQA Diamond,question-22,recnjViFrqlZNL3fY,GPQA Diamond closed-book question 22 (Physics),middle,300,50.5,0.1683,early,false,own,,false,false,false,provided,1,1,true,original-stable,true,,,,,,,,,,,,,
2026-09-26-1311Z,qd2oeja5ta,muse-spark-1-3,Muse Spark 1.3,Muse Code,gpqa-diamond,GPQA Diamond,question-22,recnjViFrqlZNL3fY,GPQA Diamond closed-book question 22 (Physics),longest,1200,49.2,0.041,early,false,own,,false,false,false,provided,1,1,true,original-stable,true,,,,,,,,,,,,,
2026-09-26-1311Z,3fxg3xf46n,muse-spark-1-3,Muse Spark 1.3,Muse Code,gpqa-diamond,GPQA Diamond,question-23,rec5eA17Qr1ucNLUf,GPQA Diamond closed-book question 23 (Physics),shortest,75,27.9,0.372,early,false,own,,false,false,false,provided,1,1,true,original-stable,true,,,,,,,,,,,,,
2026-09-26-1311Z,wh5actiygv,muse-spark-1-3,Muse Spark 1.3,Muse Code,gpqa-diamond,GPQA Diamond,question-23,rec5eA17Qr1ucNLUf,GPQA Diamond closed-book question 23 (Physics),middle,300,25.6,0.0853,early,false,own,,false,false,false,provided,1,1,true,original-stable,true,,,,,,,,,,,,,
2026-09-26-1311Z,iwhzcigjk4,muse-spark-1-3,Muse Spark 1.3,Muse Code,gpqa-diamond,GPQA Diamond,question-23,rec5eA17Qr1ucNLUf,GPQA Diamond closed-book question 23 (Physics),longest,1200,33.2,0.0277,early,false,own,,false,false,false,provided,1,1,true,original-stable,true,,,,,,,,,,,,,
2026-09-26-1311Z,yvp2z67sbt,muse-spark-1-3,Muse Spark 1.3,Muse Code,gpqa-diamond,GPQA Diamond,question-24,recPzW1WqRnPs57D6,GPQA Diamond closed-book question 24 (Physics),shortest,75,104.4,1.392,late,false,own,,false,false,false,provided,1,1,true,original-stable,true,,,,,,,,,,,,,
2026-09-26-1311Z,uoy6hrnohd,muse-spark-1-3,Muse Spark 1.3,Muse Code,gpqa-diamond,GPQA Diamond,question-24,recPzW1WqRnPs57D6,GPQA Diamond closed-book question 24 (Physics),middle,300,26.5,0.0883,early,false,own,,false,false,false,provided,1,1,true,original-stable,true,,,,,,,,,,,,,
2026-09-26-1311Z,7r2z22z4zy,muse-spark-1-3,Muse Spark 1.3,Muse Code,gpqa-diamond,GPQA Diamond,question-24,recPzW1WqRnPs57D6,GPQA Diamond closed-book question 24 (Physics),longest,1200,25.2,0.021,early,false,own,,false,false,false,provided,1,1,true,original-stable,true,,,,,,,,,,,,,
2026-09-26-1311Z,3uptij7td2,muse-spark-1-3,Muse Spark 1.3,Muse Code,gpqa-diamond,GPQA Diamond,question-25,recIj8lR4tuDgrHou,GPQA Diamond closed-book question 25 (Physics),shortest,75,102.6,1.368,late,false,own,,false,false,false,provided,1,1,true,original-stable,true,,,,,,,,,,,,,
2026-09-26-1311Z,adxktvgulm,muse-spark-1-3,Muse Spark 1.3,Muse Code,gpqa-diamond,GPQA Diamond,question-25,recIj8lR4tuDgrHou,GPQA Diamond closed-book question 25 (Physics),middle,300,22.8,0.076,early,false,own,,false,false,false,provided,1,1,true,original-stable,true,,,,,,,,,,,,,
2026-09-26-1311Z,m7no37fvs2,muse-spark-1-3,Muse Spark 1.3,Muse Code,gpqa-diamond,GPQA Diamond,question-25,recIj8lR4tuDgrHou,GPQA Diamond closed-book question 25 (Physics),longest,1200,17.3,0.0144,early,false,own,,false,false,false,provided,1,1,true,original-stable,true,,,,,,,,,,,,,
2026-09-26-1311Z,wl3x72zglj,muse-spark-1-3,Muse Spark 1.3,Muse Code,gpqa-diamond,GPQA Diamond,question-26,rec8y3ZrBOcLgNEkE,GPQA Diamond closed-book question 26 (Physics),shortest,75,95.1,1.268,late,false,own,,false,false,false,provided,1,1,true,original-stable,true,,,,,,,,,,,,,
2026-09-26-1311Z,q2owqzdon7,muse-spark-1-3,Muse Spark 1.3,Muse Code,gpqa-diamond,GPQA Diamond,question-26,rec8y3ZrBOcLgNEkE,GPQA Diamond closed-book question 26 (Physics),middle,300,21,0.07,early,false,own,,false,false,false,provided,1,1,true,original-stable,true,,,,,,,,,,,,,
2026-09-26-1311Z,gbz47sgwrp,muse-spark-1-3,Muse Spark 1.3,Muse Code,gpqa-diamond,GPQA Diamond,question-26,rec8y3ZrBOcLgNEkE,GPQA Diamond closed-book question 26 (Physics),longest,1200,34.2,0.0285,early,false,own,,false,false,false,provided,1,1,true,original-stable,true,,,,,,,,,,,,,
2026-09-26-1311Z,txvq4lgb7f,muse-spark-1-3,Muse Spark 1.3,Muse Code,gpqa-diamond,GPQA Diamond,question-27,rec260hNUCEj109Dj,GPQA Diamond closed-book question 27 (Physics),shortest,75,101,1.3467,late,false,own,,false,false,false,provided,1,1,true,original-stable,true,,,,,,,,,,,,,
2026-09-26-1311Z,2n4yghkqcg,muse-spark-1-3,Muse Spark 1.3,Muse Code,gpqa-diamond,GPQA Diamond,question-27,rec260hNUCEj109Dj,GPQA Diamond closed-book question 27 (Physics),middle,300,15.9,0.053,early,false,own,,false,false,false,provided,1,1,true,original-stable,true,,,,,,,,,,,,,
2026-09-26-1311Z,vvozijlcue,muse-spark-1-3,Muse Spark 1.3,Muse Code,gpqa-diamond,GPQA Diamond,question-27,rec260hNUCEj109Dj,GPQA Diamond closed-book question 27 (Physics),longest,1200,58.2,0.0485,early,false,unlabelled,,true,false,false,not_recorded,Not graded,,,original-stable,true,,,,,,,,,,,,,
2026-09-26-1311Z,sqgdxw2nkz,muse-spark-1-3,Muse Spark 1.3,Muse Code,gpqa-diamond,GPQA Diamond,question-28,recS48OsU6kVadBPW,GPQA Diamond closed-book question 28 (Physics),shortest,75,110.5,1.4733,late,false,own,,false,false,false,provided,1,1,true,original-stable,true,,,,,,,,,,,,,
2026-09-26-1311Z,bsx23svygk,muse-spark-1-3,Muse Spark 1.3,Muse Code,gpqa-diamond,GPQA Diamond,question-28,recS48OsU6kVadBPW,GPQA Diamond closed-book question 28 (Physics),middle,300,62.7,0.209,early,false,unlabelled,,true,false,false,not_recorded,Not graded,,,original-stable,true,,,,,,,,,,,,,
2026-09-26-1311Z,owuhmvufox,muse-spark-1-3,Muse Spark 1.3,Muse Code,gpqa-diamond,GPQA Diamond,question-28,recS48OsU6kVadBPW,GPQA Diamond closed-book question 28 (Physics),longest,1200,25.3,0.0211,early,false,own,,false,false,false,provided,1,1,true,original-stable,true,,,,,,,,,,,,,
2026-09-26-1311Z,aslhpskkun,muse-spark-1-3,Muse Spark 1.3,Muse Code,tua-bench,TUA-Bench,074-apa-references-review,074-apa-references-review,APA references review,shortest,150,129.2,0.8613,on_time,false,own,,false,false,false,not_applicable,0.7133000402816699,0.7133000402816699,false,original-stable,true,,,,,,,,,,,,,
2026-09-26-1311Z,bgru5jft7c,muse-spark-1-3,Muse Spark 1.3,Muse Code,tua-bench,TUA-Bench,074-apa-references-review,074-apa-references-review,APA references review,middle,600,667.7,1.1128,on_time,false,harness,error,false,false,false,not_applicable,0.7865727781415768,0.7865727781415768,false,original-stable,true,,,,,,,,,,,,,
2026-09-26-1311Z,p7zgvwfnjy,muse-spark-1-3,Muse Spark 1.3,Muse Code,tua-bench,TUA-Bench,074-apa-references-review,074-apa-references-review,APA references review,longest,2400,171.2,0.0713,early,false,harness,error,false,false,false,not_applicable,0.7466775982387249,0.7466775982387249,false,original-stable,true,,,,,,,,,,,,,
2026-09-26-1311Z,5warmqcwza,muse-spark-1-3,Muse Spark 1.3,Muse Code,tua-bench,TUA-Bench,096-first-author-table,096-first-author-table,First-author table,shortest,150,142,0.9467,on_time,false,own,,false,false,false,not_applicable,0,0,false,original-stable,true,,,,,,,,,,,,,
2026-09-26-1311Z,5v3uulmfim,muse-spark-1-3,Muse Spark 1.3,Muse Code,tua-bench,TUA-Bench,096-first-author-table,096-first-author-table,First-author table,middle,600,629,1.0483,on_time,true,own,,false,false,false,not_applicable,0,0,false,original-stable,true,,,,,,,,,,,,,
2026-09-26-1311Z,tpvssqrlja,muse-spark-1-3,Muse Spark 1.3,Muse Code,tua-bench,TUA-Bench,096-first-author-table,096-first-author-table,First-author table,longest,2400,107.6,0.0448,early,false,own,,false,false,false,not_applicable,0,0,false,original-stable,true,,,,,,,,,,,,,
2026-09-26-1311Z,xpxfpmovse,muse-spark-1-3,Muse Spark 1.3,Muse Code,tua-bench,TUA-Bench,102-daily-email-report,102-daily-email-report,Daily email report,shortest,90,107,1.1889,on_time,false,own,,false,false,false,not_applicable,0,0,false,original-stable,true,,,,,,,,,,,,,
2026-09-26-1311Z,qu7ak4czxh,muse-spark-1-3,Muse Spark 1.3,Muse Code,tua-bench,TUA-Bench,102-daily-email-report,102-daily-email-report,Daily email report,middle,360,134,0.3722,early,false,harness,error,false,false,false,not_applicable,1,1,true,original-stable,true,,,,,,,,,,,,,
2026-09-26-1311Z,xb3pmeay32,muse-spark-1-3,Muse Spark 1.3,Muse Code,tua-bench,TUA-Bench,102-daily-email-report,102-daily-email-report,Daily email report,longest,1500,130,0.0867,early,false,harness,error,false,false,false,not_applicable,1,1,true,original-stable,true,,,,,,,,,,,,,
2026-09-26-1311Z,mvyjwhm2wz,muse-spark-1-3,Muse Spark 1.3,Muse Code,tua-bench,TUA-Bench,094-author-homepage-bookmarks,094-author-homepage-bookmarks,Author homepage bookmarks,shortest,150,198.3,1.322,late,false,own,,false,false,false,not_applicable,0,0,false,original-stable,true,,,,,,,,,,,,,
2026-09-26-1311Z,dgklafvk7u,muse-spark-1-3,Muse Spark 1.3,Muse Code,tua-bench,TUA-Bench,093-merge-txt-document,093-merge-txt-document,Merge text document,middle,300,112.1,0.3737,early,false,harness,error,false,false,false,not_applicable,0,0,false,original-stable,true,,,,,,,,,,,,,
2026-09-26-1311Z,wvca3ur2kp,muse-spark-1-3,Muse Spark 1.3,Muse Code,tua-bench,TUA-Bench,093-merge-txt-document,093-merge-txt-document,Merge text document,longest,1200,66.7,0.0556,early,false,harness,error,false,false,false,not_applicable,1,1,true,original-stable,true,,,,,,,,,,,,,
2026-09-26-1311Z,22yxiziwzj,muse-spark-1-3,Muse Spark 1.3,Muse Code,tua-bench,TUA-Bench,004-place-heater-for-sensors,004-place-heater-for-sensors,Place heater for sensors,shortest,240,738.4,3.0767,late,false,harness,error,false,false,false,not_applicable,1,1,true,original-stable,true,,,,,,,,,,,,,
2026-09-26-1311Z,u755fbry7o,muse-spark-1-3,Muse Spark 1.3,Muse Code,tua-bench,TUA-Bench,004-place-heater-for-sensors,004-place-heater-for-sensors,Place heater for sensors,longest,3600,1872.8,0.5202,early,false,harness,error,false,false,false,not_applicable,1,1,true,original-stable,true,,,,,,,,,,,,,
2026-09-26-1311Z,ppnblvuvcm,muse-spark-1-3,Muse Spark 1.3,Muse Code,tua-bench,TUA-Bench,005-optimize-cold-plate,005-optimize-cold-plate,Optimize cold plate,shortest,360,902,2.5056,late,false,harness,error,false,false,false,not_applicable,0.33,0.33,false,original-stable,true,,,,,,,,,,,,,
2026-09-26-1311Z,3vjcgaqb6b,muse-spark-1-3,Muse Spark 1.3,Muse Code,tua-bench,TUA-Bench,005-optimize-cold-plate,005-optimize-cold-plate,Optimize cold plate,middle,1500,957.3,0.6382,early,false,harness,error,false,false,false,not_applicable,0.33,0.33,false,original-stable,true,,,,,,,,,,,,,
2026-09-26-1311Z,nbn4bxp3sb,muse-spark-1-3,Muse Spark 1.3,Muse Code,tua-bench,TUA-Bench,006-extract-gym-auditorium,006-extract-gym-auditorium,Extract gym auditorium,shortest,75,199.7,2.6627,late,false,own,,false,false,false,not_applicable,1,1,true,original-stable,true,,,,,,,,,,,,,
2026-09-26-1311Z,pm3nsgxqjj,muse-spark-1-3,Muse Spark 1.3,Muse Code,tua-bench,TUA-Bench,006-extract-gym-auditorium,006-extract-gym-auditorium,Extract gym auditorium,middle,300,510.6,1.702,late,false,own,,false,false,false,not_applicable,1,1,true,original-stable,true,,,,,,,,,,,,,
2026-09-26-1311Z,2ensw5nqlr,muse-spark-1-3,Muse Spark 1.3,Muse Code,tua-bench,TUA-Bench,006-extract-gym-auditorium,006-extract-gym-auditorium,Extract gym auditorium,longest,1200,494.9,0.4124,early,false,harness,error,false,false,false,not_applicable,1,1,true,original-stable,true,,,,,,,,,,,,,
2026-09-26-1311Z,bjzrnh4nku,muse-spark-1-3,Muse Spark 1.3,Muse Code,tua-bench,TUA-Bench,011-epw-parquet-check,011-epw-parquet-check,EPW parquet check,shortest,90,252.7,2.8078,late,false,own,,false,false,false,not_applicable,0.33,0.33,false,original-stable,true,,,,,,,,,,,,,
2026-09-26-1311Z,n6txcpn4wb,muse-spark-1-3,Muse Spark 1.3,Muse Code,tua-bench,TUA-Bench,011-epw-parquet-check,011-epw-parquet-check,EPW parquet check,middle,360,348.3,0.9675,on_time,true,harness,error,false,false,false,not_applicable,0.66,0.66,false,original-stable,true,,,,,,,,,,,,,
2026-09-26-1311Z,kwxwtiwr75,muse-spark-1-3,Muse Spark 1.3,Muse Code,tua-bench,TUA-Bench,011-epw-parquet-check,011-epw-parquet-check,EPW parquet check,longest,1500,347.7,0.2318,early,false,harness,error,false,false,false,not_applicable,0.66,0.66,false,original-stable,true,,,,,,,,,,,,,
2026-09-26-1311Z,kc6bcqszp6,muse-spark-1-3,Muse Spark 1.3,Muse Code,tua-bench,TUA-Bench,079-fix-mp3-metadata,079-fix-mp3-metadata,Fix MP3 metadata,middle,300,348.3,1.161,on_time,false,own,,false,false,false,not_applicable,1,1,true,original-stable,true,,,,,,,,,,,,,
2026-09-26-1311Z,exaauml3vp,muse-spark-1-3,Muse Spark 1.3,Muse Code,tua-bench,TUA-Bench,079-fix-mp3-metadata,079-fix-mp3-metadata,Fix MP3 metadata,longest,1200,69.3,0.0578,early,false,own,,false,false,false,not_applicable,1,1,true,original-stable,true,,,,,,,,,,,,,
